﻿<?xml version="1.0" encoding="utf-8"?>
<ModMetaData>
  <packageId>Ludeon.RimWorld.Ideology</packageId>
  <author>Ludeon Studios</author>
  <steamAppId>1392840</steamAppId>
  <supportedVersions>
  	<li>1.6</li>
  </supportedVersions>
  <forceLoadAfter>
    <li>Ludeon.RimWorld</li>
    <li>Ludeon.RimWorld.Royalty</li>
  </forceLoadAfter>
  <forceLoadBefore>
    <li>Ludeon.RimWorld.Biotech</li>
    <li>Ludeon.RimWorld.Anomaly</li>
    <li>Ludeon.RimWorld.Odyssey</li>
  </forceLoadBefore>
</ModMetaData>