﻿<?xml version="1.0" encoding="utf-8" ?>
<Defs>

  <ThingDef Name="Human" ParentName="BasePawn">
    <defName>Human</defName>
    <label>human</label>
    <description>A baseline human, mostly unmodified by gene engineering and mostly unchanged by evolutionary pressures on non-Earth planets.</description>
    <statBases>
      <MarketValue>1750</MarketValue>
      <MoveSpeed>4.6</MoveSpeed>
      <ComfyTemperatureMin>16</ComfyTemperatureMin>
      <ComfyTemperatureMax>26</ComfyTemperatureMax>
      <LeatherAmount>75</LeatherAmount>
      <RoyalFavorValue>3</RoyalFavorValue>
    </statBases>
    <tools>
      <li>
        <label>left fist</label>
        <labelNoLocation>fist</labelNoLocation>
        <capacities>
          <li>Blunt</li>
        </capacities>
        <power>8.2</power>
        <cooldownTime>2</cooldownTime>
        <linkedBodyPartsGroup>LeftHand</linkedBodyPartsGroup>
        <surpriseAttack>
          <extraMeleeDamages>
            <li>
              <def>Stun</def>
              <amount>14</amount>
            </li>
          </extraMeleeDamages>
        </surpriseAttack>
      </li>
      <li>
        <label>right fist</label>
        <labelNoLocation>fist</labelNoLocation>
        <capacities>
          <li>Blunt</li>
        </capacities>
        <power>8.2</power>
        <cooldownTime>2</cooldownTime>
        <linkedBodyPartsGroup>RightHand</linkedBodyPartsGroup>
        <surpriseAttack>
          <extraMeleeDamages>
            <li>
              <def>Stun</def>
              <amount>14</amount>
            </li>
          </extraMeleeDamages>
        </surpriseAttack>
      </li>
      <li>
        <label>teeth</label>
        <capacities>
          <li>Bite</li>
        </capacities>
        <power>8.2</power>
        <cooldownTime>2</cooldownTime>
        <linkedBodyPartsGroup>Teeth</linkedBodyPartsGroup>
        <chanceFactor>0.07</chanceFactor>
        <soundMeleeHit>Pawn_Melee_HumanBite_Hit</soundMeleeHit>
        <soundMeleeMiss>Pawn_Melee_HumanBite_Miss</soundMeleeMiss>
      </li>
      <li>
        <label>head</label>
        <capacities>
          <li>Blunt</li>
        </capacities>
        <power>5</power>
        <cooldownTime>2</cooldownTime>
        <linkedBodyPartsGroup>HeadAttackTool</linkedBodyPartsGroup>
        <ensureLinkedBodyPartsGroupAlwaysUsable>true</ensureLinkedBodyPartsGroupAlwaysUsable>
        <chanceFactor>0.2</chanceFactor>
      </li>
    </tools>
    <race>
      <thinkTreeMain>Humanlike</thinkTreeMain>
      <thinkTreeConstant>HumanlikeConstant</thinkTreeConstant>
      <intelligence>Humanlike</intelligence>
      <makesFootprints>true</makesFootprints>
      <lifeExpectancy>80</lifeExpectancy>
      <bloodDef>Filth_Blood</bloodDef>
      <bloodSmearDef>Filth_BloodSmear</bloodSmearDef>
      <leatherDef>Leather_Human</leatherDef>
      <nameCategory>HumanStandard</nameCategory>
      <body>Human</body>
      <renderTree>Humanlike</renderTree>
      <baseBodySize>1</baseBodySize>
      <baseHealthScale>1</baseHealthScale>
      <foodType>OmnivoreHuman</foodType>
      <gestationPeriodDays>18</gestationPeriodDays>
      <meatMarketValue>0.8</meatMarketValue>
      <manhunterOnDamageChance>0.50</manhunterOnDamageChance>
      <manhunterOnTameFailChance>0.10</manhunterOnTameFailChance>
      <soundCallIntervalRange>2000~5000</soundCallIntervalRange>
      <canBecomeShambler>true</canBecomeShambler>
      <knowledgeCategory MayRequire="Ludeon.RimWorld.Anomaly">Basic</knowledgeCategory>
      <anomalyKnowledge>1</anomalyKnowledge>
      <hasUnnaturalCorpse>true</hasUnnaturalCorpse>
      <litterSizeCurve>
        <points>
          <li>(0.5, 0)</li>
          <li>(1, 1)</li>
          <li>(1.01, 0.02)</li>
          <li>(3.5, 0)</li>
        </points>
      </litterSizeCurve>
      <lifeStageAges>
        <li>
          <def>HumanlikeBaby</def>
          <minAge>0</minAge>
        </li>
        <li>
          <def>HumanlikeChild</def>
          <minAge>3</minAge>
        </li>
        <li MayRequire="Ludeon.RimWorld.Biotech">
          <def>HumanlikePreTeenager</def>
          <minAge>9</minAge>
        </li>
        <li>
          <def>HumanlikeTeenager</def>
          <minAge>13</minAge>
        </li>
        <li>
          <def>HumanlikeAdult</def>
          <minAge>18</minAge>
        </li>
      </lifeStageAges>
      <lifeStageWorkSettings MayRequire="Ludeon.RimWorld.Biotech">
        <Firefighter>7</Firefighter>
        <Patient>0</Patient>
        <Doctor>10</Doctor>
        <PatientBedRest>0</PatientBedRest>
        <Childcare MayRequire="Ludeon.RimWorld.Biotech">0</Childcare>
        <BasicWorker>3</BasicWorker>
        <Warden>10</Warden>
        <Handling>7</Handling>
        <Cooking>7</Cooking>
        <Hunting>7</Hunting>
        <Construction>10</Construction>
        <Growing>7</Growing>
        <Mining>7</Mining>
        <PlantCutting>7</PlantCutting>
        <Smithing>13</Smithing>
        <Tailoring>7</Tailoring>
        <Art>10</Art>
        <Crafting>7</Crafting>
        <Hauling>3</Hauling>
        <Cleaning>3</Cleaning>
        <Research>13</Research>
        <DarkStudy MayRequire="Ludeon.RimWorld.Anomaly">13</DarkStudy>
      </lifeStageWorkSettings>
      <soundMeleeDodge>Pawn_MeleeDodge</soundMeleeDodge>
      <specialShadowData>
        <volume>(0.3, 0.8, 0.4)</volume>
        <offset>(0,0,-0.3)</offset>
      </specialShadowData>
      <ageGenerationCurve>
        <points>
          <li MayRequire="Ludeon.RimWorld.Biotech">(0,0)</li>
          <li MayRequire="Ludeon.RimWorld.Biotech">(0.001,43)</li>
          <li MayRequire="Ludeon.RimWorld.Biotech">(8,86)</li>
          <li MayRequire="Ludeon.RimWorld.Biotech">(12.5,118)</li>  <!-- Exclude 12.5-13 years to avoid spawning pawns who are very close to becoming adults -->  
          <li MayRequire="Ludeon.RimWorld.Biotech">(12.51,0)</li>  
          <li MayRequire="Ludeon.RimWorld.Biotech">(13,0)</li>      
          <li MayRequire="Ludeon.RimWorld.Biotech">(13.001,122)</li><!-- End exclude -->
          <li MayRequire="Ludeon.RimWorld.Biotech">(13.999,130)</li>
          <li>(14,0)</li>
          <li MayRequire="Ludeon.RimWorld.Biotech">(14.001,130)</li>
          <li>(16,100)</li>
          <li>(50,100)</li>
          <li>(60,30)</li>
          <li>(70,18)</li>
          <li>(80,10)</li>
          <li>(90,3)</li>
          <li>(100,0)</li>
        </points>
      </ageGenerationCurve>
      <hediffGiverSets>
        <li>OrganicStandard</li>
        <li>Human</li>
      </hediffGiverSets>
    </race>
    <recipes>
      <li>ExciseCarcinoma</li>
      <li>AdministerMechSerumHealer</li>
      <li>RemoveBodyPart</li>
      <li>Euthanize</li>
      <li>Anesthetize</li>
      <li>CureScaria</li>
      <li MayRequire="Ludeon.RimWorld.Biotech">Vasectomy</li>
      <li MayRequire="Ludeon.RimWorld.Biotech">ReverseVasectomy</li>
      <li MayRequire="Ludeon.RimWorld.Biotech">TubalLigation</li>
      <li MayRequire="Ludeon.RimWorld.Biotech">ExtractOvum</li>
      <li MayRequire="Ludeon.RimWorld.Royalty">CureBloodRot</li>
      <li MayRequire="Ludeon.RimWorld.Royalty">CureAbasia</li>
      <li MayRequire="Ludeon.RimWorld.Biotech">ExtractHemogenPack</li>
      <li MayRequire="Ludeon.RimWorld.Biotech">BloodTransfusion</li>
      <li MayRequire="Ludeon.RimWorld.Biotech">ImplantXenogerm</li>
      <li MayRequire="Ludeon.RimWorld.Biotech">ImplantIUD</li>
      <li MayRequire="Ludeon.RimWorld.Biotech">RemoveIUD</li>
      <li MayRequire="Ludeon.RimWorld.Biotech">TerminatePregnancy</li>
      <li MayRequire="Ludeon.RimWorld.Anomaly">SurgicalInspection</li>
      <li MayRequire="Ludeon.RimWorld.Anomaly">BlissLobotomy</li>
      <li MayRequire="Ludeon.RimWorld.Anomaly">GhoulInfusion</li>
    </recipes>
    <ingredient>
      <mergeCompatibilityTags>
        <li>HumanMeat</li>
      </mergeCompatibilityTags>
    </ingredient>
    <comps>
      <li MayRequire="Ludeon.RimWorld.Anomaly" Class="CompProperties_HoldingPlatformTarget">
        <baseEscapeIntervalMtbDays>120</baseEscapeIntervalMtbDays>
        <getsColdContainmentBonus>true</getsColdContainmentBonus>
      </li>
      <li MayRequire="Ludeon.RimWorld.Anomaly" Class="CompProperties_Studiable">
        <frequencyTicks>120000</frequencyTicks>
        <minMonolithLevelForStudy>1</minMonolithLevelForStudy>
        <requiresImprisonment>true</requiresImprisonment>
      </li>
    </comps>
  </ThingDef>

</Defs>
