﻿<?xml version="1.0" encoding="utf-8" ?>
<Defs>


  <ThingDef ParentName="AnimalThingBase">
    <defName>Pig</defName>
    <label>pig</label>
    <devNote>pig</devNote>
    <description>Pigs were one of the first animals domesticated by humans. They are an efficient source of meat, and are easy to feed because they will eat almost anything.</description>
    <statBases>
      <MoveSpeed>3.9</MoveSpeed>
      <ComfyTemperatureMin>-5</ComfyTemperatureMin>
      <MarketValue>200</MarketValue>
      <FilthRate>16</FilthRate>
    </statBases>
    <race>
      <body>QuadrupedAnimalWithHooves</body>
      <baseBodySize>1.7</baseBodySize>
      <baseHealthScale>0.7</baseHealthScale>
      <baseHungerRate>0.50</baseHungerRate>
      <foodType>OmnivoreRoughAnimal</foodType>
      <leatherDef>Leather_Pig</leatherDef>
      <wildness>0</wildness>
      <roamMtbDays>3</roamMtbDays>
      <trainability>None</trainability>
      <meatLabel>pork</meatLabel>
      <gestationPeriodDays>5.661</gestationPeriodDays>
      <litterSizeCurve>
        <points>
          <li>(0.5, 0)</li>
          <li>(1, 1)</li>
          <li>(1.7, 1)</li>
          <li>(2.0, 0)</li>
        </points>
      </litterSizeCurve>
      <lifeExpectancy>12</lifeExpectancy>
      <lifeStageAges>
        <li>
          <def>AnimalBaby</def>
          <minAge>0</minAge>
        </li>
        <li>
          <def>AnimalJuvenile</def>
          <minAge>0.1</minAge>
        </li>
        <li>
          <def>AnimalAdult</def>
          <minAge>0.3333</minAge>
          <soundWounded>Pawn_Wildboar_Wounded</soundWounded>
          <soundDeath>Pawn_Wildboar_Death</soundDeath>
          <soundCall>Pawn_Wildboar_Call</soundCall>
          <soundAngry>Pawn_Wildboar_Angry</soundAngry>
        </li>
      </lifeStageAges>
      <soundMeleeHitPawn>Pawn_Melee_SmallScratch_HitPawn</soundMeleeHitPawn>
      <soundMeleeHitBuilding>Pawn_Melee_SmallScratch_HitBuilding</soundMeleeHitBuilding>
      <soundMeleeMiss>Pawn_Melee_SmallScratch_Miss</soundMeleeMiss>
    </race>
    <tradeTags>
      <li>AnimalCommon</li>
      <li>AnimalFarm</li>
    </tradeTags>
    <tools>
      <li>
        <capacities>
          <li>Bite</li>
        </capacities>
        <power>7.3</power>
        <cooldownTime>2</cooldownTime>
        <linkedBodyPartsGroup>Teeth</linkedBodyPartsGroup>
        <chanceFactor>0.7</chanceFactor>
      </li>
      <li>
        <label>head</label>
        <capacities>
          <li>Blunt</li>
        </capacities>
        <power>6</power>
        <cooldownTime>2</cooldownTime>
        <linkedBodyPartsGroup>HeadAttackTool</linkedBodyPartsGroup>
        <ensureLinkedBodyPartsGroupAlwaysUsable>true</ensureLinkedBodyPartsGroupAlwaysUsable>
        <chanceFactor>0.2</chanceFactor>
      </li>
    </tools>
  </ThingDef>

  <PawnKindDef ParentName="AnimalKindBase">
    <defName>Pig</defName>
    <label>pig</label>
    <race>Pig</race>
    <combatPower>45</combatPower>
    <ecoSystemWeight>0.5</ecoSystemWeight>
    <labelFemale>sow</labelFemale>
    <lifeStages>
      <li>
        <label>piglet</label>
        <bodyGraphicData>
          <texPath>Things/Pawn/Animal/Pig/Pig</texPath>
          <drawSize>0.6</drawSize>
          <color>(211,190,174)</color>
          <shaderType>CutoutSkin</shaderType>
          <shadowData>
            <volume>(0.25, 0.25, 0.25)</volume>
            <offset>(0,0,-0.2)</offset>
          </shadowData>
        </bodyGraphicData>
        <dessicatedBodyGraphicData>
          <texPath>Things/Pawn/Animal/Pig/Dessicated_Pig</texPath>
          <drawSize>0.6</drawSize>
        </dessicatedBodyGraphicData>
      </li>
      <li>
        <bodyGraphicData>
          <texPath>Things/Pawn/Animal/Pig/Pig</texPath>
          <drawSize>1.15</drawSize>
          <color>(167,145,128)</color>
          <shaderType>CutoutSkin</shaderType>
          <shadowData>
            <volume>(0.375, 0.375, 0.375)</volume>
            <offset>(0,0,0)</offset>
          </shadowData>
        </bodyGraphicData>
        <femaleGraphicData>
          <texPath>Things/Pawn/Animal/Pig/Pig</texPath>
          <drawSize>1.15</drawSize>
          <color>(211,190,174)</color>
          <shaderType>CutoutSkin</shaderType>
          <shadowData>
            <volume>(0.375, 0.375, 0.375)</volume>
            <offset>(0,0,0)</offset>
          </shadowData>
        </femaleGraphicData>
        <dessicatedBodyGraphicData>
          <texPath>Things/Pawn/Animal/Pig/Dessicated_Pig</texPath>
          <drawSize>1.15</drawSize>
        </dessicatedBodyGraphicData>
        <femaleDessicatedBodyGraphicData>
          <texPath>Things/Pawn/Animal/Pig/Dessicated_Pig</texPath>
          <drawSize>1.1</drawSize>
        </femaleDessicatedBodyGraphicData>
      </li>
      <li>
        <bodyGraphicData>
          <texPath>Things/Pawn/Animal/Pig/Pig</texPath>
          <drawSize>1.6</drawSize>
          <color>(167,145,128)</color>
          <shaderType>CutoutSkin</shaderType>
          <shadowData>
            <volume>(0.5, 0.5, 0.5)</volume>
            <offset>(0,0,-0.3)</offset>
          </shadowData>
        </bodyGraphicData>
        <femaleGraphicData>
          <texPath>Things/Pawn/Animal/Pig/Pig</texPath>
          <drawSize>1.6</drawSize>
          <color>(211,190,174)</color>
          <shaderType>CutoutSkin</shaderType>
          <shadowData>
            <volume>(0.5, 0.5, 0.4)</volume>
            <offset>(0,0,-0.05)</offset>
          </shadowData>
        </femaleGraphicData>
        <dessicatedBodyGraphicData>
          <texPath>Things/Pawn/Animal/Pig/Dessicated_Pig</texPath>
          <drawSize>1.6</drawSize>
        </dessicatedBodyGraphicData>
        <femaleDessicatedBodyGraphicData>
          <texPath>Things/Pawn/Animal/Pig/Dessicated_Pig</texPath>
          <drawSize>1.6</drawSize>
        </femaleDessicatedBodyGraphicData>
      </li>
    </lifeStages>
  </PawnKindDef>


  <!-- ====================================================== -->

  <ThingDef ParentName="AnimalThingBase">
    <defName>WildBoar</defName>
    <label>wild boar</label>
    <devNote>pig-1</devNote>
    <description>This hairy omnivore is descended from escaped pigs and evolved for living in the wild.\n\nIts tusks make it a better fighter than its domesticated pig cousins. Unfortunately, it is too unruly to be trained in the most complex tasks.</description>
    <statBases>
      <MoveSpeed>4.6</MoveSpeed>
      <MarketValue>200</MarketValue>
      <ComfyTemperatureMin>-23</ComfyTemperatureMin>
      <FilthRate>16</FilthRate>
    </statBases>
    <uiIconScale>2.25</uiIconScale>
    <tools>
      <li>
        <label>tusk</label>
        <capacities>
          <li>Scratch</li>
          <li>Stab</li>
        </capacities>
        <power>9.7</power>
        <cooldownTime>2</cooldownTime>
        <linkedBodyPartsGroup>TuskAttackTool</linkedBodyPartsGroup>
      </li>
      <li>
        <capacities>
          <li>Bite</li>
        </capacities>
        <power>8.5</power>
        <cooldownTime>2</cooldownTime>
        <linkedBodyPartsGroup>Teeth</linkedBodyPartsGroup>
        <chanceFactor>0.6</chanceFactor>
      </li>
      <li>
        <label>head</label>
        <capacities>
          <li>Blunt</li>
        </capacities>
        <power>5</power>
        <cooldownTime>2</cooldownTime>
        <linkedBodyPartsGroup>HeadAttackTool</linkedBodyPartsGroup>
        <ensureLinkedBodyPartsGroupAlwaysUsable>true</ensureLinkedBodyPartsGroupAlwaysUsable>
        <chanceFactor>0.2</chanceFactor>
      </li>
    </tools>
    <race>
      <body>QuadrupedAnimalWithHoovesAndTusks</body>
      <herdAnimal>true</herdAnimal>
      <baseBodySize>0.85</baseBodySize>
      <baseHealthScale>0.7</baseHealthScale>
      <baseHungerRate>0.30</baseHungerRate>
      <foodType>OmnivoreRoughAnimal</foodType>
      <wildness>0.50</wildness>
      <roamMtbDays>2</roamMtbDays>
      <trainability>None</trainability>
      <useMeatFrom>Pig</useMeatFrom>
      <leatherDef>Leather_Pig</leatherDef>
      <gestationPeriodDays>5.661</gestationPeriodDays>
      <litterSizeCurve>
        <points>
          <li>(0.5, 0)</li>
          <li>(1, 1)</li>
          <li>(1.5, 1)</li>
          <li>(2.0, 0)</li>
        </points>
      </litterSizeCurve>
      <lifeExpectancy>12</lifeExpectancy>
      <lifeStageAges>
        <li>
          <def>AnimalBaby</def>
          <minAge>0</minAge>
        </li>
        <li>
          <def>AnimalJuvenile</def>
          <minAge>0.1</minAge>
        </li>
        <li>
          <def>AnimalAdult</def>
          <minAge>0.3333</minAge>
          <soundWounded>Pawn_Wildboar_Wounded</soundWounded>
          <soundDeath>Pawn_Wildboar_Death</soundDeath>
          <soundCall>Pawn_Wildboar_Call</soundCall>
          <soundAngry>Pawn_Wildboar_Angry</soundAngry>
        </li>
      </lifeStageAges>
      <soundMeleeHitPawn>Pawn_Melee_SmallScratch_HitPawn</soundMeleeHitPawn>
      <soundMeleeHitBuilding>Pawn_Melee_SmallScratch_HitBuilding</soundMeleeHitBuilding>
      <soundMeleeMiss>Pawn_Melee_SmallScratch_Miss</soundMeleeMiss>
    </race>
    <tradeTags>
      <li>AnimalCommon</li>
    </tradeTags>
  </ThingDef>
  
  <PawnKindDef ParentName="AnimalKindBase">
    <defName>WildBoar</defName>
    <label>wild boar</label>
    <race>WildBoar</race>
    <combatPower>55</combatPower>
    <ecoSystemWeight>0.5</ecoSystemWeight>
    <wildGroupSize>5~10</wildGroupSize>
    <lifeStages>
      <li>
        <bodyGraphicData>
          <texPath>Things/Pawn/Animal/WildBoar/WildBoar</texPath>
          <drawSize>1.5</drawSize>
          <shadowData>
            <volume>(0.30, 0.25, 0.20)</volume>
          </shadowData>
        </bodyGraphicData>
        <dessicatedBodyGraphicData>
          <texPath>Things/Pawn/Animal/WildBoar/Dessicated_WildBoar</texPath>
          <drawSize>1.5</drawSize>
        </dessicatedBodyGraphicData>
      </li>
      <li>
        <bodyGraphicData>
          <texPath>Things/Pawn/Animal/WildBoar/WildBoar</texPath>
          <drawSize>2.25</drawSize>
          <shadowData>
            <volume>(0.375, 0.375, 0.375)</volume>
          </shadowData>
        </bodyGraphicData>
        <dessicatedBodyGraphicData>
          <texPath>Things/Pawn/Animal/WildBoar/Dessicated_WildBoar</texPath>
          <drawSize>2.25</drawSize>
        </dessicatedBodyGraphicData>
      </li>
      <li>
        <bodyGraphicData>
          <texPath>Things/Pawn/Animal/WildBoar/WildBoar</texPath>
          <drawSize>2.65</drawSize>
          <shadowData>
            <volume>(0.5, 0.5, 0.4)</volume>
            <offset>(0,0,-0.05)</offset>
          </shadowData>
        </bodyGraphicData>
        <dessicatedBodyGraphicData>
          <texPath>Things/Pawn/Animal/WildBoar/Dessicated_WildBoar</texPath>
          <drawSize>2.65</drawSize>
        </dessicatedBodyGraphicData>
      </li>
    </lifeStages>
  </PawnKindDef>

  <!-- ====================================================== -->

  <ThingDef ParentName="AnimalThingBase">
    <defName>Ibex</defName>
    <label>ibex</label>
    <devNote>pig-1</devNote>
    <description>The wild ancestor of the domesticated goat. Ibexes live on marginal territory where most antelopes couldn't survive, eating lichens and sparse mountain plants. They're famous for dextrously hopping across bare cliff faces - and for their violent ramming attack.</description>
    <statBases>
      <MoveSpeed>4.6</MoveSpeed>
      <MarketValue>250</MarketValue>
      <ComfyTemperatureMin>-30</ComfyTemperatureMin>
      <FilthRate>16</FilthRate>
    </statBases>
    <tools>
      <li>
        <label>left hoof</label>
        <capacities>
          <li>Blunt</li>
          <li>Poke</li>
        </capacities>
        <power>8</power>
        <cooldownTime>2</cooldownTime>
        <linkedBodyPartsGroup>FrontLeftLeg</linkedBodyPartsGroup>
      </li>
      <li>
        <label>right hoof</label>
        <capacities>
          <li>Blunt</li>
          <li>Poke</li>
        </capacities>
        <power>8</power>
        <cooldownTime>2</cooldownTime>
        <linkedBodyPartsGroup>FrontRightLeg</linkedBodyPartsGroup>
      </li>
      <li>
        <capacities>
          <li>Bite</li>
        </capacities>
        <power>8</power>
        <cooldownTime>2</cooldownTime>
        <linkedBodyPartsGroup>Teeth</linkedBodyPartsGroup>
        <chanceFactor>0.5</chanceFactor>
      </li>
      <li>
        <label>head</label>
        <capacities>
          <li>Blunt</li>
        </capacities>
        <power>10</power>
        <cooldownTime>2.6</cooldownTime>
        <linkedBodyPartsGroup>HeadAttackTool</linkedBodyPartsGroup>
        <ensureLinkedBodyPartsGroupAlwaysUsable>true</ensureLinkedBodyPartsGroupAlwaysUsable>
      </li>
    </tools>
    <race>
      <body>QuadrupedAnimalWithHooves</body>
      <herdAnimal>true</herdAnimal>
      <baseBodySize>1.00</baseBodySize>
      <baseHungerRate>0.2</baseHungerRate>
      <baseHealthScale>0.85</baseHealthScale>
      <foodType>VegetarianRoughAnimal</foodType>
      <leatherDef>Leather_Plain</leatherDef>
      <wildness>0.55</wildness>
      <roamMtbDays>2</roamMtbDays>
      <gestationPeriodDays>5.661</gestationPeriodDays>
      <lifeExpectancy>15</lifeExpectancy>
      <lifeStageAges>
        <li>
          <def>AnimalBaby</def>
          <minAge>0</minAge>
        </li>
        <li>
          <def>AnimalJuvenile</def>
          <minAge>0.1</minAge>
        </li>
        <li>
          <def>AnimalAdult</def>
          <minAge>0.2222</minAge>
          <soundWounded>Pawn_Deer_Wounded</soundWounded>
          <soundDeath>Pawn_Deer_Death</soundDeath>
          <soundCall>Pawn_Deer_Call</soundCall>
          <soundAngry>Pawn_Deer_Angry</soundAngry>
        </li>
      </lifeStageAges>
      <soundMeleeHitPawn>Pawn_Melee_BigBash_HitPawn</soundMeleeHitPawn>
      <soundMeleeHitBuilding>Pawn_Melee_BigBash_HitBuilding</soundMeleeHitBuilding>
      <soundMeleeMiss>Pawn_Melee_BigBash_Miss</soundMeleeMiss>
    </race>
    <tradeTags>
      <li>AnimalCommon</li>
    </tradeTags>
  </ThingDef>

  <PawnKindDef ParentName="AnimalKindBase">
    <defName>Ibex</defName>
    <label>ibex</label>
    <labelPlural>ibexes</labelPlural>
    <race>Ibex</race>
    <combatPower>50</combatPower>
    <ecoSystemWeight>0.50</ecoSystemWeight>
    <wildGroupSize>1~3</wildGroupSize>
    <labelMale>ibex ram</labelMale>
    <labelFemale>ibex doe</labelFemale>
    <lifeStages>
      <li>
        <bodyGraphicData>
          <texPath>Things/Pawn/Animal/Ibex/IbexFemale</texPath>
          <drawSize>1.0</drawSize>
          <color>(153,129,113)</color>
          <shaderType>CutoutComplex</shaderType>
        </bodyGraphicData>
        <dessicatedBodyGraphicData>
          <texPath>Things/Pawn/Animal/Ibex/Dessicated_IbexFemale</texPath>
          <drawSize>1.0</drawSize>
        </dessicatedBodyGraphicData>
      </li>
      <li>
        <bodyGraphicData>
          <texPath>Things/Pawn/Animal/Ibex/IbexFemale</texPath>
          <drawSize>1.3</drawSize>
          <color>(153,129,113)</color>
          <shaderType>CutoutComplex</shaderType>
          <shadowData>
            <volume>(0.3, 0.3, 0.3)</volume>
            <offset>(0,0,-0.3)</offset>
          </shadowData>
        </bodyGraphicData>
        <dessicatedBodyGraphicData>
          <texPath>Things/Pawn/Animal/Ibex/Dessicated_IbexFemale</texPath>
          <drawSize>1.3</drawSize>
        </dessicatedBodyGraphicData>
      </li>
      <li>
        <bodyGraphicData>
          <texPath>Things/Pawn/Animal/Ibex/IbexMale</texPath>
          <drawSize>1.8</drawSize>
          <color>(136,100,75)</color>
          <shaderType>CutoutComplex</shaderType>
          <shadowData>
            <volume>(0.4, 0.4, 0.4)</volume>
            <offset>(0,0,-0.2)</offset>
          </shadowData>
        </bodyGraphicData>
        <femaleGraphicData>
          <texPath>Things/Pawn/Animal/Ibex/IbexFemale</texPath>
          <drawSize>1.7</drawSize>
          <color>(153,129,113)</color>
          <shaderType>CutoutComplex</shaderType>
          <shadowData>
            <volume>(0.4, 0.4, 0.4)</volume>
            <offset>(0,0,-0.2)</offset>
          </shadowData>
        </femaleGraphicData>
        <dessicatedBodyGraphicData>
          <texPath>Things/Pawn/Animal/Ibex/Dessicated_IbexMale</texPath>
          <drawSize>1.8</drawSize>
        </dessicatedBodyGraphicData>
        <femaleDessicatedBodyGraphicData>
          <texPath>Things/Pawn/Animal/Ibex/Dessicated_IbexFemale</texPath>
          <drawSize>1.7</drawSize>
        </femaleDessicatedBodyGraphicData>
      </li>
    </lifeStages>
  </PawnKindDef>

  <!-- ================================================= -->

  <ThingDef ParentName="AnimalThingBase">
    <defName>Deer</defName>
    <label>deer</label>
    <devNote>pig-1</devNote>
    <description>A medium-sized herding herbivore which prefers to live in mixed forests and plains. Deer are very quick.</description>
    <statBases>
      <MoveSpeed>5.5</MoveSpeed>
      <MarketValue>250</MarketValue>
      <ComfyTemperatureMin>-30</ComfyTemperatureMin>
      <FilthRate>16</FilthRate>
    </statBases>
    <uiIconScale>1.25</uiIconScale>
    <tools>
      <li>
        <label>left hoof</label>
        <capacities>
          <li>Blunt</li>
          <li>Poke</li>
        </capacities>
        <power>7</power>
        <cooldownTime>2</cooldownTime>
        <linkedBodyPartsGroup>FrontLeftLeg</linkedBodyPartsGroup>
      </li>
      <li>
        <label>right hoof</label>
        <capacities>
          <li>Blunt</li>
          <li>Poke</li>
        </capacities>
        <power>7</power>
        <cooldownTime>2</cooldownTime>
        <linkedBodyPartsGroup>FrontRightLeg</linkedBodyPartsGroup>
      </li>
      <li>
        <label>teeth</label>
        <capacities>
          <li>Bite</li>
        </capacities>
        <power>8</power>
        <cooldownTime>2</cooldownTime>
        <linkedBodyPartsGroup>Teeth</linkedBodyPartsGroup>
        <chanceFactor>0.5</chanceFactor>
      </li>
      <li>
        <label>head</label>
        <capacities>
          <li>Blunt</li>
        </capacities>
        <power>5</power>
        <cooldownTime>2</cooldownTime>
        <linkedBodyPartsGroup>HeadAttackTool</linkedBodyPartsGroup>
        <ensureLinkedBodyPartsGroupAlwaysUsable>true</ensureLinkedBodyPartsGroupAlwaysUsable>
        <chanceFactor>0.2</chanceFactor>
      </li>
    </tools>
    <race>
      <body>QuadrupedAnimalWithHooves</body>
      <herdAnimal>true</herdAnimal>
      <baseBodySize>1.2</baseBodySize>
      <baseHealthScale>0.9</baseHealthScale>
      <baseHungerRate>0.2</baseHungerRate>
      <foodType>VegetarianRoughAnimal</foodType>
      <leatherDef>Leather_Plain</leatherDef>
      <meatLabel>venison</meatLabel>
      <wildness>0.75</wildness>
      <roamMtbDays>2</roamMtbDays>
      <gestationPeriodDays>5.661</gestationPeriodDays>
      <lifeExpectancy>15</lifeExpectancy>
      <lifeStageAges>
        <li>
          <def>AnimalBaby</def>
          <minAge>0</minAge>
        </li>
        <li>
          <def>AnimalJuvenile</def>
          <minAge>0.1</minAge>
        </li>
        <li>
          <def>AnimalAdult</def>
          <minAge>0.3333</minAge>
          <soundWounded>Pawn_Deer_Wounded</soundWounded>
          <soundDeath>Pawn_Deer_Death</soundDeath>
          <soundCall>Pawn_Deer_Call</soundCall>
          <soundAngry>Pawn_Deer_Angry</soundAngry>
        </li>
      </lifeStageAges>
      <soundMeleeHitPawn>Pawn_Melee_BigBash_HitPawn</soundMeleeHitPawn>
      <soundMeleeHitBuilding>Pawn_Melee_BigBash_HitBuilding</soundMeleeHitBuilding>
      <soundMeleeMiss>Pawn_Melee_BigBash_Miss</soundMeleeMiss>
    </race>
    <tradeTags>
      <li>AnimalCommon</li>
    </tradeTags>
  </ThingDef>
  
  <PawnKindDef ParentName="AnimalKindBase">
    <defName>Deer</defName>
    <label>deer</label>
    <labelPlural>deer</labelPlural>
    <race>Deer</race>
    <combatPower>50</combatPower>
    <ecoSystemWeight>0.50</ecoSystemWeight>
    <wildGroupSize>3~9</wildGroupSize>
    <labelMale>buck</labelMale>
    <labelFemale>doe</labelFemale>
    <lifeStages>
      <li>
        <bodyGraphicData>
          <texPath>Things/Pawn/Animal/Deer/DeerBaby</texPath>
          <drawSize>1.375</drawSize>
          <color>(140,74,41)</color>
          <shaderType>CutoutComplex</shaderType>
        </bodyGraphicData>
        <dessicatedBodyGraphicData>
          <texPath>Things/Pawn/Animal/Deer/Dessicated_DeerBaby</texPath>
          <drawSize>1.1</drawSize>
        </dessicatedBodyGraphicData>
      </li>
      <li>
        <bodyGraphicData>
          <texPath>Things/Pawn/Animal/Deer/DeerBaby</texPath>
          <drawSize>1.875</drawSize>
          <color>(140,74,41)</color>
          <shaderType>CutoutComplex</shaderType>
          <shadowData>
            <volume>(0.3, 0.3, 0.3)</volume>
            <offset>(0,0,-0.3)</offset>
          </shadowData>
        </bodyGraphicData>
        <dessicatedBodyGraphicData>
          <texPath>Things/Pawn/Animal/Deer/Dessicated_DeerBaby</texPath>
          <drawSize>1.875</drawSize>
        </dessicatedBodyGraphicData>
      </li>
      <li>
        <bodyGraphicData>
          <texPath>Things/Pawn/Animal/Deer/DeerMale</texPath>
          <drawSize>2.25</drawSize>
          <color>(156,112,62)</color>
          <shaderType>CutoutComplex</shaderType>
          <shadowData>
            <volume>(0.4, 0.4, 0.4)</volume>
            <offset>(0,0,-0.2)</offset>
          </shadowData>
        </bodyGraphicData>
        <femaleGraphicData>
          <texPath>Things/Pawn/Animal/Deer/DeerFemale</texPath>
          <drawSize>2.25</drawSize>
          <color>(188,146,110)</color>
          <shaderType>CutoutComplex</shaderType>
          <shadowData>
            <volume>(0.4, 0.4, 0.4)</volume>
            <offset>(0,0,-0.2)</offset>
          </shadowData>
        </femaleGraphicData>
        <dessicatedBodyGraphicData>
          <texPath>Things/Pawn/Animal/Deer/Dessicated_DeerMale</texPath>
          <drawSize>3.6</drawSize>
        </dessicatedBodyGraphicData>
        <femaleDessicatedBodyGraphicData>
          <texPath>Things/Pawn/Animal/Deer/Dessicated_DeerFemale</texPath>
          <drawSize>1.8</drawSize>
        </femaleDessicatedBodyGraphicData>
      </li>
    </lifeStages>
  </PawnKindDef>


  <!-- ====================================================== -->

  <ThingDef ParentName="AnimalThingBase">
    <defName>Gazelle</defName>
    <label>gazelle</label>
    <devNote>pig-1</devNote>
    <description>A small, extremely quick antelope known for its amazingly long leap.</description>
    <statBases>
      <MoveSpeed>6.0</MoveSpeed>
      <ComfyTemperatureMin>-10</ComfyTemperatureMin>
      <MarketValue>150</MarketValue>
      <FilthRate>8</FilthRate>
    </statBases>
    <uiIconScale>1.15</uiIconScale>
    <tools>
      <li>
        <label>left hoof</label>
        <capacities>
          <li>Blunt</li>
          <li>Poke</li>
        </capacities>
        <power>5.5</power>
        <cooldownTime>1.5</cooldownTime>
        <linkedBodyPartsGroup>FrontLeftLeg</linkedBodyPartsGroup>
      </li>
      <li>
        <label>right hoof</label>
        <capacities>
          <li>Blunt</li>
          <li>Poke</li>
        </capacities>
        <power>5.5</power>
        <cooldownTime>1.5</cooldownTime>
        <linkedBodyPartsGroup>FrontRightLeg</linkedBodyPartsGroup>
      </li>
      <li>
        <capacities>
          <li>Bite</li>
        </capacities>
        <power>7</power>
        <cooldownTime>2</cooldownTime>
        <linkedBodyPartsGroup>Teeth</linkedBodyPartsGroup>
        <chanceFactor>0.7</chanceFactor>
      </li>
      <li>
        <label>head</label>
        <capacities>
          <li>Blunt</li>
        </capacities>
        <power>7</power>
        <cooldownTime>2</cooldownTime>
        <linkedBodyPartsGroup>HeadAttackTool</linkedBodyPartsGroup>
        <ensureLinkedBodyPartsGroupAlwaysUsable>true</ensureLinkedBodyPartsGroupAlwaysUsable>
        <chanceFactor>0.2</chanceFactor>
      </li>
    </tools>
    <race>
      <body>QuadrupedAnimalWithHooves</body>
      <herdAnimal>true</herdAnimal>
      <baseBodySize>0.7</baseBodySize>
      <baseHungerRate>0.15</baseHungerRate>
      <baseHealthScale>0.7</baseHealthScale>
      <foodType>VegetarianRoughAnimal</foodType>
      <leatherDef>Leather_Plain</leatherDef>
      <wildness>0.75</wildness>
      <roamMtbDays>2</roamMtbDays>
      <gestationPeriodDays>5.661</gestationPeriodDays>
      <lifeExpectancy>12</lifeExpectancy>
      <lifeStageAges>
        <li>
          <def>AnimalBaby</def>
          <minAge>0</minAge>
        </li>
        <li>
          <def>AnimalJuvenile</def>
          <minAge>0.1</minAge>
        </li>
        <li>
          <def>AnimalAdult</def>
          <minAge>0.2222</minAge>
          <soundWounded>Pawn_Deer_Wounded</soundWounded>
          <soundDeath>Pawn_Deer_Death</soundDeath>
          <soundCall>Pawn_Deer_Call</soundCall>
          <soundAngry>Pawn_Deer_Angry</soundAngry>
        </li>
      </lifeStageAges>
      <soundMeleeHitPawn>Pawn_Melee_BigBash_HitPawn</soundMeleeHitPawn>
      <soundMeleeHitBuilding>Pawn_Melee_BigBash_HitBuilding</soundMeleeHitBuilding>
      <soundMeleeMiss>Pawn_Melee_BigBash_Miss</soundMeleeMiss>
    </race>
    <tradeTags>
      <li>AnimalCommon</li>
    </tradeTags>
  </ThingDef>

  <PawnKindDef ParentName="AnimalKindBase">
    <defName>Gazelle</defName>
    <label>gazelle</label>
    <race>Gazelle</race>
    <combatPower>40</combatPower>
    <ecoSystemWeight>0.45</ecoSystemWeight>
    <wildGroupSize>4~13</wildGroupSize>
    <lifeStages>
      <li>
        <bodyGraphicData>
          <texPath>Things/Pawn/Animal/Gazelle/Gazelle</texPath>
          <drawSize>1.0</drawSize>
        </bodyGraphicData>
        <dessicatedBodyGraphicData>
          <texPath>Things/Pawn/Animal/Gazelle/Dessicated_Gazelle</texPath>
          <drawSize>1.0</drawSize>
        </dessicatedBodyGraphicData>
      </li>
      <li>
        <bodyGraphicData>
          <texPath>Things/Pawn/Animal/Gazelle/Gazelle</texPath>
          <drawSize>1.3</drawSize>
          <shadowData>
            <volume>(0.3, 0.3, 0.3)</volume>
            <offset>(0,0,-0.3)</offset>
          </shadowData>
        </bodyGraphicData>
        <dessicatedBodyGraphicData>
          <texPath>Things/Pawn/Animal/Gazelle/Dessicated_Gazelle</texPath>
          <drawSize>1.3</drawSize>
        </dessicatedBodyGraphicData>
      </li>
      <li>
        <bodyGraphicData>
          <texPath>Things/Pawn/Animal/Gazelle/Gazelle</texPath>
          <drawSize>1.65</drawSize>
          <shadowData>
            <volume>(0.4, 0.4, 0.4)</volume>
            <offset>(0,0,-0.2)</offset>
          </shadowData>
        </bodyGraphicData>
        <dessicatedBodyGraphicData>
          <texPath>Things/Pawn/Animal/Gazelle/Dessicated_Gazelle</texPath>
          <drawSize>1.65</drawSize>
        </dessicatedBodyGraphicData>
      </li>
    </lifeStages>
  </PawnKindDef>


  <!-- ====================================================== -->

  <ThingDef ParentName="AnimalThingBase">
    <defName>Chinchilla</defName>
    <label>chinchilla</label>
    <devNote>pig-1</devNote>
    <description>A small, nimble rodent. Its fur is softer than just about anything in the universe, making it very valuable as a trade good.</description>
    <statBases>
      <MoveSpeed>5.0</MoveSpeed>
      <MarketValue>150</MarketValue>
      <ComfyTemperatureMin>-15</ComfyTemperatureMin>
      <ComfyTemperatureMax>55</ComfyTemperatureMax>
    </statBases>
    <tools>
      <li>
        <label>left claw</label>
        <capacities>
          <li>Scratch</li>
        </capacities>
        <power>3.6</power>
        <cooldownTime>1.5</cooldownTime>
        <linkedBodyPartsGroup>FrontLeftPaw</linkedBodyPartsGroup>
      </li>
      <li>
        <label>right claw</label>
        <capacities>
          <li>Scratch</li>
        </capacities>
        <power>3.6</power>
        <cooldownTime>1.5</cooldownTime>
        <linkedBodyPartsGroup>FrontRightPaw</linkedBodyPartsGroup>
      </li>
      <li>
        <capacities>
          <li>Bite</li>
        </capacities>
        <power>5.8</power>
        <cooldownTime>2</cooldownTime>
        <linkedBodyPartsGroup>Teeth</linkedBodyPartsGroup>
        <chanceFactor>0.7</chanceFactor>
      </li>
      <li>
        <label>head</label>
        <capacities>
          <li>Blunt</li>
        </capacities>
        <power>2</power>
        <cooldownTime>2</cooldownTime>
        <linkedBodyPartsGroup>HeadAttackTool</linkedBodyPartsGroup>
        <ensureLinkedBodyPartsGroupAlwaysUsable>true</ensureLinkedBodyPartsGroupAlwaysUsable>
        <chanceFactor>0.2</chanceFactor>
      </li>
    </tools>
    <race>
      <body>QuadrupedAnimalWithPawsAndTail</body>
      <baseBodySize>0.35</baseBodySize>
      <baseHealthScale>0.4</baseHealthScale>
      <baseHungerRate>0.125</baseHungerRate>
      <foodType>VegetarianRoughAnimal</foodType>
      <leatherDef>Leather_Chinchilla</leatherDef>
      <wildness>0.60</wildness>
      <roamMtbDays>2</roamMtbDays>
      <trainability>None</trainability>
      <petness>0.20</petness>
      <mateMtbHours>8</mateMtbHours>
      <gestationPeriodDays>5.661</gestationPeriodDays>
      <litterSizeCurve>
        <points>
          <li>(0.5, 0)</li>
          <li>(1, 1)</li>
          <li>(2.5, 1)</li>
          <li>(3, 0)</li>
        </points>
      </litterSizeCurve>
      <lifeExpectancy>9</lifeExpectancy>
      <lifeStageAges>
        <li>
          <def>AnimalBaby</def>
          <minAge>0</minAge>
        </li>
        <li>
          <def>AnimalJuvenile</def>
          <minAge>0.1</minAge>
        </li>
        <li>
          <def>AnimalAdult</def>
          <minAge>0.2222</minAge>
          <soundWounded>Pawn_Rodent_Wounded</soundWounded>
          <soundDeath>Pawn_Rodent_Death</soundDeath>
          <soundCall>Pawn_Rodent_Call</soundCall>
          <soundAngry>Pawn_Rodent_Angry</soundAngry>
        </li>
      </lifeStageAges>
      <soundMeleeHitPawn>Pawn_Melee_SmallScratch_HitPawn</soundMeleeHitPawn>
      <soundMeleeHitBuilding>Pawn_Melee_SmallScratch_HitBuilding</soundMeleeHitBuilding>
      <soundMeleeMiss>Pawn_Melee_SmallScratch_Miss</soundMeleeMiss>
    </race>
    <tradeTags>
      <li>AnimalUncommon</li>
    </tradeTags>
  </ThingDef>

  <PawnKindDef ParentName="AnimalKindBase">
    <defName>Chinchilla</defName>
    <label>chinchilla</label>
    <race>Chinchilla</race>
    <combatPower>33</combatPower>
    <ecoSystemWeight>0.3</ecoSystemWeight>
    <wildGroupSize>1~1</wildGroupSize>
    <lifeStages>
      <li>
        <bodyGraphicData>
          <texPath>Things/Pawn/Animal/Chinchilla/Chinchilla</texPath>
          <drawSize>0.5</drawSize>
          <color>(178,170,158)</color>
        </bodyGraphicData>
        <dessicatedBodyGraphicData>
          <texPath>Things/Pawn/Animal/Chinchilla/Dessicated_Chinchilla</texPath>
          <drawSize>0.5</drawSize>
        </dessicatedBodyGraphicData>
      </li>
      <li>
        <bodyGraphicData>
          <texPath>Things/Pawn/Animal/Chinchilla/Chinchilla</texPath>
          <drawSize>0.75</drawSize>
          <color>(178,170,158)</color>
        </bodyGraphicData>
        <dessicatedBodyGraphicData>
          <texPath>Things/Pawn/Animal/Chinchilla/Dessicated_Chinchilla</texPath>
          <drawSize>0.75</drawSize>
        </dessicatedBodyGraphicData>
      </li>
      <li>
        <bodyGraphicData>
          <texPath>Things/Pawn/Animal/Chinchilla/Chinchilla</texPath>
          <drawSize>0.85</drawSize>
          <color>(178,170,158)</color>
          <shadowData>
            <volume>(0.25, 0.3, 0.25)</volume>
            <offset>(0,0,0)</offset>
          </shadowData>
        </bodyGraphicData>
        <dessicatedBodyGraphicData>
          <texPath>Things/Pawn/Animal/Chinchilla/Dessicated_Chinchilla</texPath>
          <drawSize>0.85</drawSize>
        </dessicatedBodyGraphicData>
      </li>
    </lifeStages>
  </PawnKindDef>


</Defs>