﻿<?xml version="1.0" encoding="utf-8" ?>
<Defs>

  <ThingDef ParentName="AnimalThingBase">
    <defName>Cow</defName>
    <label>cow</label>
    <devNote>cow</devNote>
    <description>A large domesticated ungulate, cows have been bred for millennia to produce huge amounts of milk, meat, and leather. They are exceptionally gentle creatures and will never seek revenge, no matter how many times they are harmed. Most of them are so adapted to farm life that they cannot survive in the wild.</description>
    <statBases>
      <MoveSpeed>3.2</MoveSpeed>
      <ComfyTemperatureMin>-10</ComfyTemperatureMin>
      <MarketValue>300</MarketValue>
      <FilthRate>16</FilthRate>
    </statBases>
    <comps>
      <li Class="CompProperties_Milkable">
        <milkDef>Milk</milkDef>
        <milkIntervalDays>1</milkIntervalDays>
        <milkAmount>14</milkAmount>
      </li>
    </comps>
    <race>
      <body>QuadrupedAnimalWithHooves</body>
      <herdAnimal>true</herdAnimal>
      <baseBodySize>2.4</baseBodySize>
      <baseHungerRate>0.535</baseHungerRate>
      <baseHealthScale>1.5</baseHealthScale>
      <foodType>VegetarianRoughAnimal</foodType>
      <leatherDef>Leather_Plain</leatherDef>
      <wildness>0</wildness>
      <roamMtbDays>2</roamMtbDays>
      <trainability>None</trainability>
      <meatLabel>beef</meatLabel>
      <gestationPeriodDays>6.66</gestationPeriodDays>
      <lifeExpectancy>22</lifeExpectancy>
      <lifeStageAges>
        <li>
          <def>AnimalBaby</def>
          <minAge>0</minAge>
        </li>
        <li>
          <def>AnimalJuvenile</def>
          <minAge>0.20</minAge>
        </li>
        <li>
          <def>AnimalAdult</def>
          <minAge>0.3333</minAge>
          <soundWounded>Pawn_Muffalo_Wounded</soundWounded>
          <soundDeath>Pawn_Muffalo_Death</soundDeath>
          <soundCall>Pawn_Muffalo_Call</soundCall>
          <soundAngry>Pawn_Muffalo_Angry</soundAngry>
        </li>
      </lifeStageAges>
      <soundMeleeHitPawn>Pawn_Melee_BigBash_HitPawn</soundMeleeHitPawn>
      <soundMeleeHitBuilding>Pawn_Melee_BigBash_HitBuilding</soundMeleeHitBuilding>
      <soundMeleeMiss>Pawn_Melee_BigBash_Miss</soundMeleeMiss>
      <soundEating>Herbivore_Eat</soundEating>
      <headPosPerRotation>
        <li>(0.0, 0, 0.09)</li>
        <li>(0.28, 0, 0)</li>
        <li>(0.0, 0, -0.04)</li>
        <li>(-0.28, 0, 0)</li>
      </headPosPerRotation>
    </race>
    <tradeTags>
      <li>AnimalCommon</li>
      <li>AnimalFarm</li>
    </tradeTags>
    <tools>
      <li>
        <capacities>
          <li>Bite</li>
        </capacities>
        <power>8.8</power>
        <cooldownTime>2.6</cooldownTime>
        <linkedBodyPartsGroup>Teeth</linkedBodyPartsGroup>
        <chanceFactor>0.7</chanceFactor>
      </li>
      <li>
        <label>head</label>
        <capacities>
          <li>Blunt</li>
        </capacities>
        <power>7</power>
        <cooldownTime>2</cooldownTime>
        <linkedBodyPartsGroup>HeadAttackTool</linkedBodyPartsGroup>
        <ensureLinkedBodyPartsGroupAlwaysUsable>true</ensureLinkedBodyPartsGroupAlwaysUsable>
        <chanceFactor>0.2</chanceFactor>
      </li>
      <li>
        <label>left hoof</label>
        <labelNoLocation>hoof</labelNoLocation>
        <capacities>
          <li>Blunt</li>
          <li>Poke</li>
        </capacities>
        <power>8</power>
        <cooldownTime>2</cooldownTime>
        <linkedBodyPartsGroup>FrontLeftLeg</linkedBodyPartsGroup>
      </li>
      <li>
        <label>right hoof</label>
        <labelNoLocation>hoof</labelNoLocation>
        <capacities>
          <li>Blunt</li>
          <li>Poke</li>
        </capacities>
        <power>8</power>
        <cooldownTime>2</cooldownTime>
        <linkedBodyPartsGroup>FrontRightLeg</linkedBodyPartsGroup>
      </li>
    </tools>
  </ThingDef>

  <PawnKindDef ParentName="AnimalKindBase">
    <defName>Cow</defName>
    <label>cow</label>
    <labelMale>bull</labelMale>
    <race>Cow</race>
    <combatPower>75</combatPower>
    <ecoSystemWeight>1.1</ecoSystemWeight>
    <wildGroupSize>3~7</wildGroupSize>
    <lifeStages>
      <li>
        <label>calf</label>
        <labelPlural>calves</labelPlural>
        <bodyGraphicData>
          <texPath>Things/Pawn/Animal/Cow/Bull</texPath>
          <drawSize>1.3</drawSize>
          <color>(170,170,170)</color>
          <shadowData>
            <volume>(0.4, 0.3, 0.3)</volume>
            <offset>(0,0,-0.2)</offset>
          </shadowData>
        </bodyGraphicData>
        <femaleGraphicData>
          <texPath>Things/Pawn/Animal/Cow/Cow</texPath>
          <drawSize>1.25</drawSize>
          <color>(200,200,200)</color>
          <shadowData>
            <volume>(0.4, 0.3, 0.3)</volume>
            <offset>(0,0,-0.2)</offset>
          </shadowData>
        </femaleGraphicData>
        <dessicatedBodyGraphicData>
          <texPath>Things/Pawn/Animal/Cow/Dessicated_Bull</texPath>
          <drawSize>1.3</drawSize>
        </dessicatedBodyGraphicData>
        <femaleDessicatedBodyGraphicData>
          <texPath>Things/Pawn/Animal/Cow/Dessicated_Cow</texPath>
          <drawSize>1.25</drawSize>
        </femaleDessicatedBodyGraphicData>
      </li>
      <li>
        <bodyGraphicData>
          <texPath>Things/Pawn/Animal/Cow/Bull</texPath>
          <drawSize>2.15</drawSize>
          <color>(170,170,170)</color>
          <shadowData>
            <volume>(0.6, 0.45, 0.45)</volume>
            <offset>(0,0,-0.25)</offset>
          </shadowData>
        </bodyGraphicData>
        <femaleGraphicData>
          <texPath>Things/Pawn/Animal/Cow/Cow</texPath>
          <drawSize>2.0</drawSize>
          <color>(200,200,200)</color>
          <shadowData>
            <volume>(0.6, 0.45, 0.45)</volume>
            <offset>(0,0,-0.25)</offset>
          </shadowData>
        </femaleGraphicData>
        <dessicatedBodyGraphicData>
          <texPath>Things/Pawn/Animal/Cow/Dessicated_Bull</texPath>
          <drawSize>2.15</drawSize>
        </dessicatedBodyGraphicData>
        <femaleDessicatedBodyGraphicData>
          <texPath>Things/Pawn/Animal/Cow/Dessicated_Cow</texPath>
          <drawSize>2.0</drawSize>
        </femaleDessicatedBodyGraphicData>
      </li>
      <li>
        <bodyGraphicData>
          <texPath>Things/Pawn/Animal/Cow/Bull</texPath>
          <drawSize>2.7</drawSize>
          <color>(170,170,170)</color>
          <shadowData>
            <volume>(0.8, 0.6, 0.6)</volume>
            <offset>(0,0,-0.3)</offset>
          </shadowData>
        </bodyGraphicData>
        <femaleGraphicData>
          <texPath>Things/Pawn/Animal/Cow/Cow</texPath>
          <drawSize>2.6</drawSize>
          <color>(200,200,200)</color>
          <shadowData>
            <volume>(0.8, 0.6, 0.6)</volume>
            <offset>(0,0,-0.3)</offset>
          </shadowData>
        </femaleGraphicData>
        <dessicatedBodyGraphicData>
          <texPath>Things/Pawn/Animal/Cow/Dessicated_Bull</texPath>
          <drawSize>2.7</drawSize>
        </dessicatedBodyGraphicData>
        <femaleDessicatedBodyGraphicData>
          <texPath>Things/Pawn/Animal/Cow/Dessicated_Cow</texPath>
          <drawSize>2.6</drawSize>
        </femaleDessicatedBodyGraphicData>
      </li>
    </lifeStages>
  </PawnKindDef>
  

  <!-- ====================================================== -->

  <ThingDef ParentName="AnimalThingBase" Name="BoomalopeThingBase">
    <defName>Boomalope</defName>
    <label>boomalope</label>
    <devNote>cow-1</devNote>
    <description>Engineered for chemicals production, the boomalope grows a large sac of volatile chemicals on its back. Though it is weak and fragile for its size, other animals have learned to avoid it because of the huge explosion it produces when it dies. It can be milked to produce chemfuel - very carefully.</description>
    <statBases>
      <MoveSpeed>3.4</MoveSpeed>
      <MarketValue>350</MarketValue>
      <ComfyTemperatureMin>-15</ComfyTemperatureMin>
      <FilthRate>16</FilthRate>
      <ToxicEnvironmentResistance MayRequire="Ludeon.RimWorld.Biotech">0.9</ToxicEnvironmentResistance>
    </statBases>
    <comps>
      <li Class="CompProperties_Milkable">
        <milkDef>Chemfuel</milkDef>
        <milkIntervalDays>1</milkIntervalDays>
        <milkAmount>11</milkAmount>
        <milkFemaleOnly>false</milkFemaleOnly>
      </li>
    </comps>
    <race>
      <body>QuadrupedAnimalWithHoovesAndHump</body>
      <deathAction>
        <workerClass>DeathActionWorker_BigExplosion</workerClass>
      </deathAction>
      <executionRange>6</executionRange>
      <herdAnimal>true</herdAnimal>
      <baseBodySize>2.0</baseBodySize>
      <baseHungerRate>0.535</baseHungerRate>
      <baseHealthScale>0.65</baseHealthScale>
      <foodType>VegetarianRoughAnimal</foodType>
      <leatherDef>Leather_Plain</leatherDef>
      <wildness>0.6</wildness>
      <roamMtbDays>2</roamMtbDays>
      <canBePredatorPrey>false</canBePredatorPrey>
      <gestationPeriodDays>6.66</gestationPeriodDays>
      <trainability>None</trainability>
      <manhunterOnDamageChance>0.1</manhunterOnDamageChance>
      <manhunterOnTameFailChance>0.1</manhunterOnTameFailChance>
      <lifeExpectancy>15</lifeExpectancy>
      <lifeStageAges>
        <li>
          <def>AnimalBaby</def>
          <minAge>0</minAge>
        </li>
        <li>
          <def>AnimalJuvenile</def>
          <minAge>0.2</minAge>
        </li>
        <li>
          <def>AnimalAdult</def>
          <minAge>0.3333</minAge>
          <soundWounded>Pawn_Muffalo_Wounded</soundWounded>
          <soundDeath>Pawn_Muffalo_Death</soundDeath>
          <soundCall>Pawn_Muffalo_Call</soundCall>
          <soundAngry>Pawn_Muffalo_Angry</soundAngry>
        </li>
      </lifeStageAges>
      <soundMeleeHitPawn>Pawn_Melee_BigBash_HitPawn</soundMeleeHitPawn>
      <soundMeleeHitBuilding>Pawn_Melee_BigBash_HitBuilding</soundMeleeHitBuilding>
      <soundMeleeMiss>Pawn_Melee_BigBash_Miss</soundMeleeMiss>
      <soundEating>Herbivore_Eat</soundEating>
      <headPosPerRotation>
        <li>(0.0, 0, 0.22)</li>
        <li>(0.38, 0, 0.01)</li>
        <li>(0.0, 0, -0.165)</li>
        <li>(-0.38, 0, 0.01)</li>
      </headPosPerRotation>
    </race>
    <tradeTags>
      <li>AnimalUncommon</li>
      <li>AnimalFighter</li>
    </tradeTags>
    <tools>
      <li>
        <label>head</label>
        <capacities>
          <li>Blunt</li>
        </capacities>
        <power>7</power>
        <cooldownTime>2</cooldownTime>
        <linkedBodyPartsGroup>HeadAttackTool</linkedBodyPartsGroup>
        <ensureLinkedBodyPartsGroupAlwaysUsable>true</ensureLinkedBodyPartsGroupAlwaysUsable>
        <chanceFactor>0.2</chanceFactor>
      </li>
      <li>
        <label>left hoof</label>
        <labelNoLocation>hoof</labelNoLocation>
        <capacities>
          <li>Blunt</li>
          <li>Poke</li>
        </capacities>
        <power>9</power>
        <cooldownTime>2</cooldownTime>
        <linkedBodyPartsGroup>FrontLeftLeg</linkedBodyPartsGroup>
      </li>
      <li>
        <label>right hoof</label>
        <labelNoLocation>hoof</labelNoLocation>
        <capacities>
          <li>Blunt</li>
          <li>Poke</li>
        </capacities>
        <power>9</power>
        <cooldownTime>2</cooldownTime>
        <linkedBodyPartsGroup>FrontRightLeg</linkedBodyPartsGroup>
      </li>
      <li>
        <capacities>
          <li>Bite</li>
        </capacities>
        <power>10</power>
        <cooldownTime>2</cooldownTime>
        <linkedBodyPartsGroup>Teeth</linkedBodyPartsGroup>
        <chanceFactor>0.5</chanceFactor>
      </li>
    </tools>
  </ThingDef>
  
  <PawnKindDef ParentName="AnimalKindBase" Name="BoomalopeKindBase">
    <defName>Boomalope</defName>
    <label>boomalope</label>
    <race>Boomalope</race>
    <combatPower>80</combatPower>
    <ecoSystemWeight>1.1</ecoSystemWeight>
    <wildGroupSize>3~6</wildGroupSize>
    <lifeStages>
      <li>
        <label>boomalope calf</label>
        <labelPlural>boomalope calves</labelPlural>
        <bodyGraphicData>
          <texPath>Things/Pawn/Animal/Boomalope/Boomalope</texPath>
          <color>(176,150,106)</color>
          <drawSize>1.0</drawSize>
          <shaderType>CutoutComplex</shaderType>
          <shadowData>
            <volume>(0.4, 0.3, 0.3)</volume>
            <offset>(0,0,-0.2)</offset>
          </shadowData>
        </bodyGraphicData>
        <dessicatedBodyGraphicData>
          <texPath>Things/Pawn/Animal/Boomalope/Dessicated_Boomalope</texPath>
          <drawSize>1.0</drawSize>
        </dessicatedBodyGraphicData>
        <corpseGraphicData>
          <texPath>Things/Pawn/Animal/Boomalope/Corpse_Boomalope</texPath>
          <drawSize>1.0</drawSize>
        </corpseGraphicData>
      </li>
      <li>
        <bodyGraphicData>
          <texPath>Things/Pawn/Animal/Boomalope/Boomalope</texPath>
          <color>(176,150,106)</color>
          <drawSize>1.6</drawSize>
          <shaderType>CutoutComplex</shaderType>
          <shadowData>
            <volume>(0.6, 0.45, 0.45)</volume>
            <offset>(0,0,-0.25)</offset>
          </shadowData>
        </bodyGraphicData>
        <dessicatedBodyGraphicData>
          <texPath>Things/Pawn/Animal/Boomalope/Dessicated_Boomalope</texPath>
          <drawSize>1.5</drawSize>
        </dessicatedBodyGraphicData>
        <corpseGraphicData>
          <texPath>Things/Pawn/Animal/Boomalope/Corpse_Boomalope</texPath>
          <drawSize>1.5</drawSize>
        </corpseGraphicData>
      </li>
      <li>
        <bodyGraphicData>
          <texPath>Things/Pawn/Animal/Boomalope/Boomalope</texPath>
          <color>(176,150,106)</color>
          <drawSize>2.2</drawSize>
          <shaderType>CutoutComplex</shaderType>
          <shadowData>
            <volume>(0.8, 0.6, 0.6)</volume>
            <offset>(0,0,-0.3)</offset>
          </shadowData>
        </bodyGraphicData>
        <dessicatedBodyGraphicData>
          <texPath>Things/Pawn/Animal/Boomalope/Dessicated_Boomalope</texPath>
          <drawSize>2.0</drawSize>
        </dessicatedBodyGraphicData>
        <corpseGraphicData>
          <texPath>Things/Pawn/Animal/Boomalope/Corpse_Boomalope</texPath>
          <drawSize>2.0</drawSize>
        </corpseGraphicData>
      </li>
    </lifeStages>
  </PawnKindDef>

  <!-- ========================================================= -->


  <ThingDef ParentName="AnimalThingBase">
    <defName>Muffalo</defName>
    <label>muffalo</label>
    <devNote>cow-1</devNote>
    <description>A large herding herbivore descended from buffalo and adapted for both cold and warm environments. While enraged muffalo are deadly, tamed muffalo are quite docile and can be used as pack animals.\n\nNobody is quite sure why they're blue - it might even be some early genetic modification test that just never got changed.</description>
    <statBases>
      <MoveSpeed>4.5</MoveSpeed>
      <MarketValue>300</MarketValue>
      <ComfyTemperatureMin>-55</ComfyTemperatureMin>
      <ComfyTemperatureMax>45</ComfyTemperatureMax>
      <FilthRate>16</FilthRate>
    </statBases>
    <uiIconScale>1.35</uiIconScale>
    <comps>
      <li Class="CompProperties_Shearable">
        <woolDef>WoolMuffalo</woolDef>
        <shearIntervalDays>15</shearIntervalDays>
        <woolAmount>120</woolAmount>
      </li>
    </comps>
    <race>
      <herdAnimal>true</herdAnimal>
      <body>QuadrupedAnimalWithHooves</body>
      <baseBodySize>2.4</baseBodySize>
      <baseHealthScale>1.75</baseHealthScale>
      <baseHungerRate>0.535</baseHungerRate>
      <foodType>VegetarianRoughAnimal</foodType>
      <leatherDef>Leather_Bluefur</leatherDef>
      <gestationPeriodDays>6.66</gestationPeriodDays>
      <wildness>0.6</wildness>
      <roamMtbDays>2</roamMtbDays>
      <trainability>None</trainability>
      <packAnimal>true</packAnimal>
      <lifeExpectancy>15</lifeExpectancy>
      <manhunterOnDamageChance>0.1</manhunterOnDamageChance>
      <lifeStageAges>
        <li>
          <def>AnimalBaby</def>
          <minAge>0</minAge>
        </li>
        <li>
          <def>AnimalJuvenile</def>
          <minAge>0.25</minAge>
        </li>
        <li>
          <def>AnimalAdult</def>
          <minAge>0.3333</minAge>
          <soundWounded>Pawn_Muffalo_Wounded</soundWounded>
          <soundDeath>Pawn_Muffalo_Death</soundDeath>
          <soundCall>Pawn_Muffalo_Call</soundCall>
          <soundAngry>Pawn_Muffalo_Angry</soundAngry>
        </li>
      </lifeStageAges>
      <soundMeleeHitPawn>Pawn_Melee_BigBash_HitPawn</soundMeleeHitPawn>
      <soundMeleeHitBuilding>Pawn_Melee_BigBash_HitBuilding</soundMeleeHitBuilding>
      <soundMeleeMiss>Pawn_Melee_BigBash_Miss</soundMeleeMiss>
      <soundEating>Herbivore_Eat</soundEating>
      <headPosPerRotation>
        <li>(0.0, 0, 0.05)</li>
        <li>(0.285, 0, 0.02)</li>
        <li>(0.0, 0, -0.12)</li>
        <li>(-0.285, 0, 0.02)</li>
      </headPosPerRotation>
    </race>
    <tradeTags>
      <li>AnimalCommon</li>
      <li>AnimalFarm</li>
    </tradeTags>
    <tools>
      <li>
        <label>head</label>
        <capacities>
          <li>Blunt</li>
        </capacities>
        <power>13</power>
        <cooldownTime>2.6</cooldownTime>
        <linkedBodyPartsGroup>HeadAttackTool</linkedBodyPartsGroup>
        <ensureLinkedBodyPartsGroupAlwaysUsable>true</ensureLinkedBodyPartsGroupAlwaysUsable>
      </li>
      <li>
        <label>left hoof</label>
        <labelNoLocation>hoof</labelNoLocation>
        <capacities>
          <li>Blunt</li>
          <li>Poke</li>
        </capacities>
        <power>10</power>
        <cooldownTime>2</cooldownTime>
        <linkedBodyPartsGroup>FrontLeftLeg</linkedBodyPartsGroup>
      </li>
      <li>
        <label>right hoof</label>
        <labelNoLocation>hoof</labelNoLocation>
        <capacities>
          <li>Blunt</li>
          <li>Poke</li>
        </capacities>
        <power>10</power>
        <cooldownTime>2</cooldownTime>
        <linkedBodyPartsGroup>FrontRightLeg</linkedBodyPartsGroup>
      </li>
      <li>
        <capacities>
          <li>Bite</li>
        </capacities>
        <power>10</power>
        <cooldownTime>2</cooldownTime>
        <linkedBodyPartsGroup>Teeth</linkedBodyPartsGroup>
        <chanceFactor>0.5</chanceFactor>
      </li>
    </tools>
  </ThingDef>

  <PawnKindDef Name="Muffalo" ParentName="AnimalKindBase">
    <defName>Muffalo</defName>
    <label>muffalo</label>
    <race>Muffalo</race>
    <combatPower>100</combatPower>
    <ecoSystemWeight>1.1</ecoSystemWeight>
    <wildGroupSize>3~9</wildGroupSize>
    <lifeStages>
      <li>
        <label>muffalo calf</label>
        <labelPlural>muffalo calves</labelPlural>
        <bodyGraphicData>
          <texPath>Things/Pawn/Animal/Muffalo/Muffalo</texPath>
          <drawSize>1.5</drawSize>
          <shadowData>
            <volume>(0.4, 0.3, 0.3)</volume>
            <offset>(0,0,-0.2)</offset>
          </shadowData>
        </bodyGraphicData>
        <dessicatedBodyGraphicData>
          <texPath>Things/Pawn/Animal/Muffalo/Dessicated_Muffalo</texPath>
          <drawSize>1.5</drawSize>
        </dessicatedBodyGraphicData>
      </li>
      <li>
        <bodyGraphicData>
          <texPath>Things/Pawn/Animal/Muffalo/Muffalo</texPath>
          <drawSize>2.25</drawSize>
          <shadowData>
            <volume>(0.6, 0.45, 0.45)</volume>
            <offset>(0,0,-0.25)</offset>
          </shadowData>
        </bodyGraphicData>
        <dessicatedBodyGraphicData>
          <texPath>Things/Pawn/Animal/Muffalo/Dessicated_Muffalo</texPath>
          <drawSize>2.25</drawSize>
        </dessicatedBodyGraphicData>
      </li>
      <li>
        <bodyGraphicData>
          <texPath>Things/Pawn/Animal/Muffalo/Muffalo</texPath>
          <drawSize>3</drawSize>
          <shadowData>
            <volume>(0.8, 0.6, 0.6)</volume>
            <offset>(0,0,-0.3)</offset>
          </shadowData>
        </bodyGraphicData>
        <dessicatedBodyGraphicData>
          <texPath>Things/Pawn/Animal/Muffalo/Dessicated_Muffalo</texPath>
          <drawSize>3</drawSize>
        </dessicatedBodyGraphicData>
      </li>
    </lifeStages>
  </PawnKindDef>


  <!-- ======================= Bison =============================== -->

  <ThingDef ParentName="AnimalThingBase">
    <defName>Bison</defName>
    <label>bison</label>
    <devNote>cow-1</devNote>
    <description>A large plant eating mammal appearing in the savannah wilderness. Tamed are quite docile, but enraged are fast and dangerous.</description>
    <statBases>
      <MoveSpeed>4.7</MoveSpeed>
      <MarketValue>350</MarketValue>
      <ComfyTemperatureMin>-55</ComfyTemperatureMin>
      <ComfyTemperatureMax>45</ComfyTemperatureMax>
      <FilthRate>16</FilthRate>
    </statBases>
    <uiIconScale>1.25</uiIconScale>
    <comps>
      <li Class="CompProperties_Shearable">
        <woolDef>WoolBison</woolDef>
        <shearIntervalDays>15</shearIntervalDays>
        <woolAmount>120</woolAmount>
      </li>
    </comps>
    <race>
      <herdAnimal>true</herdAnimal>
      <body>QuadrupedAnimalWithHooves</body>
      <baseBodySize>2.4</baseBodySize>
      <baseHealthScale>1.75</baseHealthScale>
      <baseHungerRate>0.535</baseHungerRate>
      <foodType>VegetarianRoughAnimal</foodType>
      <leatherDef>Leather_Plain</leatherDef>
      <gestationPeriodDays>6.66</gestationPeriodDays>
      <wildness>0.6</wildness>
      <roamMtbDays>2</roamMtbDays>
      <trainability>None</trainability>
      <packAnimal>true</packAnimal>
      <lifeExpectancy>15</lifeExpectancy>
      <manhunterOnDamageChance>0.1</manhunterOnDamageChance>
      <lifeStageAges>
        <li>
          <def>AnimalBaby</def>
          <minAge>0</minAge>
        </li>
        <li>
          <def>AnimalJuvenile</def>
          <minAge>0.25</minAge>
        </li>
        <li>
          <def>AnimalAdult</def>
          <minAge>0.3333</minAge>
          <soundWounded>Pawn_Bison_Wounded</soundWounded>
          <soundDeath>Pawn_Bison_Death</soundDeath>
          <soundCall>Pawn_Bison_Call</soundCall>
          <soundAngry>Pawn_Bison_Angry</soundAngry>
        </li>
      </lifeStageAges>
      <soundMeleeHitPawn>Pawn_Melee_BigBash_HitPawn</soundMeleeHitPawn>
      <soundMeleeHitBuilding>Pawn_Melee_BigBash_HitBuilding</soundMeleeHitBuilding>
      <soundMeleeMiss>Pawn_Melee_BigBash_Miss</soundMeleeMiss>
      <soundEating>Herbivore_Eat</soundEating>
      <headPosPerRotation>
        <li>(0.0, 0, 0.05)</li>
        <li>(0.285, 0, 0.02)</li>
        <li>(0.0, 0, -0.12)</li>
        <li>(-0.285, 0, 0.02)</li>
      </headPosPerRotation>
    </race>
    <tradeTags>
      <li>AnimalCommon</li>
      <li>AnimalFarm</li>
    </tradeTags>
    <tools>
      <li>
        <label>head</label>
        <capacities>
          <li>Blunt</li>
        </capacities>
        <power>15</power>
        <cooldownTime>2.9</cooldownTime>
        <linkedBodyPartsGroup>HeadAttackTool</linkedBodyPartsGroup>
        <ensureLinkedBodyPartsGroupAlwaysUsable>true</ensureLinkedBodyPartsGroupAlwaysUsable>
      </li>
      <li>
        <label>left hoof</label>
        <labelNoLocation>hoof</labelNoLocation>
        <capacities>
          <li>Blunt</li>
          <li>Poke</li>
        </capacities>
        <power>10</power>
        <cooldownTime>2</cooldownTime>
        <linkedBodyPartsGroup>FrontLeftLeg</linkedBodyPartsGroup>
      </li>
      <li>
        <label>right hoof</label>
        <labelNoLocation>hoof</labelNoLocation>
        <capacities>
          <li>Blunt</li>
          <li>Poke</li>
        </capacities>
        <power>10</power>
        <cooldownTime>2</cooldownTime>
        <linkedBodyPartsGroup>FrontRightLeg</linkedBodyPartsGroup>
      </li>
      <li>
        <capacities>
          <li>Bite</li>
        </capacities>
        <power>10</power>
        <cooldownTime>2</cooldownTime>
        <linkedBodyPartsGroup>Teeth</linkedBodyPartsGroup>
        <chanceFactor>0.5</chanceFactor>
      </li>
    </tools>
  </ThingDef>

  <PawnKindDef Name="Bison" ParentName="AnimalKindBase">
    <defName>Bison</defName>
    <label>bison</label>
    <race>Bison</race>
    <combatPower>100</combatPower>
    <ecoSystemWeight>1.1</ecoSystemWeight>
    <wildGroupSize>3~9</wildGroupSize>
    <lifeStages>
      <li>
        <label>bison calf</label>
        <labelPlural>bison calves</labelPlural>
        <bodyGraphicData>
          <texPath>Things/Pawn/Animal/Bison/Bison</texPath>
          <drawSize>1.5</drawSize>
          <shadowData>
            <volume>(0.4, 0.3, 0.3)</volume>
            <offset>(0,0,-0.2)</offset>
          </shadowData>
        </bodyGraphicData>
        <dessicatedBodyGraphicData>
          <texPath>Things/Pawn/Animal/Bison/Dessicated_Bison</texPath>
          <drawSize>1.5</drawSize>
        </dessicatedBodyGraphicData>
      </li>
      <li>
        <bodyGraphicData>
          <texPath>Things/Pawn/Animal/Bison/Bison</texPath>
          <drawSize>2.25</drawSize>
          <shadowData>
            <volume>(0.6, 0.45, 0.45)</volume>
            <offset>(0,0,-0.25)</offset>
          </shadowData>
        </bodyGraphicData>
        <dessicatedBodyGraphicData>
          <texPath>Things/Pawn/Animal/Bison/Dessicated_Bison</texPath>
          <drawSize>2.25</drawSize>
        </dessicatedBodyGraphicData>
      </li>
      <li>
        <bodyGraphicData>
          <texPath>Things/Pawn/Animal/Bison/Bison</texPath>
          <drawSize>3</drawSize>
          <shadowData>
            <volume>(0.8, 0.6, 0.6)</volume>
            <offset>(0,0,-0.3)</offset>
          </shadowData>
        </bodyGraphicData>
        <dessicatedBodyGraphicData>
          <texPath>Things/Pawn/Animal/Bison/Dessicated_Bison</texPath>
          <drawSize>3</drawSize>
        </dessicatedBodyGraphicData>
      </li>
    </lifeStages>
  </PawnKindDef>


  <!-- ============================================================ -->

  <ThingDef ParentName="AnimalThingBase">
    <defName>Dromedary</defName>
    <label>dromedary</label>
    <devNote>cow-1</devNote>
    <description>A large land mammal adapted to arid environments. Domesticated since ancient times, its leather is exceptionally good at insulating against the desert heat, and its milk is quite nourishing. It can be used as a pack animal and mount, but its bouncing gait makes it slower to ride than a horse.\n\nBy storing water in its large humps and reclaiming moisture from its breath as it exhales, it can go weeks without drinking.\n\nWhen in a caravan, people can ride dromedaries to increase the caravan's speed.</description>
    <statBases>
      <MoveSpeed>4.3</MoveSpeed>
      <MarketValue>300</MarketValue>
      <ComfyTemperatureMin>-22</ComfyTemperatureMin>
      <ComfyTemperatureMax>60</ComfyTemperatureMax>
      <FilthRate>16</FilthRate>
      <CaravanRidingSpeedFactor>1.3</CaravanRidingSpeedFactor>
    </statBases>
    <uiIconScale>1.4</uiIconScale>
    <comps>
      <li Class="CompProperties_Milkable">
        <milkDef>Milk</milkDef>
        <milkIntervalDays>2</milkIntervalDays>
        <milkAmount>18</milkAmount>
      </li>
    </comps>
    <race>
      <body>QuadrupedAnimalWithHoovesAndHump</body>
      <herdAnimal>true</herdAnimal>
      <baseBodySize>2.1</baseBodySize>
      <baseHealthScale>1.6</baseHealthScale>
      <baseHungerRate>0.535</baseHungerRate>
      <foodType>VegetarianRoughAnimal</foodType>
      <leatherDef>Leather_Camel</leatherDef>
      <wildness>0.25</wildness>
      <roamMtbDays>3</roamMtbDays>
      <trainability>None</trainability>
      <packAnimal>true</packAnimal>
      <gestationPeriodDays>6.66</gestationPeriodDays>
      <lifeExpectancy>45</lifeExpectancy>
      <lifeStageAges>
        <li>
          <def>AnimalBaby</def>
          <minAge>0</minAge>
        </li>
        <li>
          <def>AnimalJuvenile</def>
          <minAge>0.25</minAge>
        </li>
        <li>
          <def>AnimalAdult</def>
          <minAge>0.3333</minAge>
          <soundWounded>Pawn_Dromedary_Wounded</soundWounded>
          <soundDeath>Pawn_Dromedary_Death</soundDeath>
          <soundCall>Pawn_Dromedary_Call</soundCall>
          <soundAngry>Pawn_Dromedary_Angry</soundAngry>
        </li>
      </lifeStageAges>
      <soundMeleeHitPawn>Pawn_Melee_BigBash_HitPawn</soundMeleeHitPawn>
      <soundMeleeHitBuilding>Pawn_Melee_BigBash_HitBuilding</soundMeleeHitBuilding>
      <soundMeleeMiss>Pawn_Melee_BigBash_Miss</soundMeleeMiss>
      <soundEating>Herbivore_Eat</soundEating>
      <headPosPerRotation>
        <li>(0.02, 0, 0.22)</li>
        <li>(0.2, 0, 0.13)</li>
        <li>(0.01, 0, -0.045)</li>
        <li>(-0.2, 0, 0.13)</li>
      </headPosPerRotation>
    </race>
    <tradeTags>
      <li>AnimalCommon</li>
      <li>AnimalFarm</li>
    </tradeTags>
    <tools>
      <li>
        <label>left hoof</label>
        <labelNoLocation>hoof</labelNoLocation>
        <capacities>
          <li>Blunt</li>
          <li>Poke</li>
        </capacities>
        <power>9</power>
        <cooldownTime>2</cooldownTime>
        <linkedBodyPartsGroup>FrontLeftLeg</linkedBodyPartsGroup>
      </li>
      <li>
        <label>right hoof</label>
        <labelNoLocation>hoof</labelNoLocation>
        <capacities>
          <li>Blunt</li>
          <li>Poke</li>
        </capacities>
        <power>9</power>
        <cooldownTime>2</cooldownTime>
        <linkedBodyPartsGroup>FrontRightLeg</linkedBodyPartsGroup>
      </li>
      <li>
        <capacities>
          <li>Bite</li>
        </capacities>
        <power>10</power>
        <cooldownTime>2</cooldownTime>
        <linkedBodyPartsGroup>Teeth</linkedBodyPartsGroup>
        <chanceFactor>0.7</chanceFactor>
      </li>
      <li>
        <label>head</label>
        <capacities>
          <li>Blunt</li>
        </capacities>
        <power>7</power>
        <cooldownTime>2</cooldownTime>
        <linkedBodyPartsGroup>HeadAttackTool</linkedBodyPartsGroup>
        <ensureLinkedBodyPartsGroupAlwaysUsable>true</ensureLinkedBodyPartsGroupAlwaysUsable>
        <chanceFactor>0.2</chanceFactor>
      </li>
    </tools>
  </ThingDef>

  <PawnKindDef ParentName="AnimalKindBase" Name="Dromedary">
    <defName>Dromedary</defName>
    <label>dromedary</label>
    <labelPlural>dromedaries</labelPlural>
    <race>Dromedary</race>
    <combatPower>90</combatPower>
    <ecoSystemWeight>1.0</ecoSystemWeight>
    <wildGroupSize>2~5</wildGroupSize>
    <lifeStages>
      <li>
        <label>dromedary calf</label>
        <labelPlural>dromedary calves</labelPlural>
        <bodyGraphicData>
          <texPath>Things/Pawn/Animal/Dromedary/Dromedary</texPath>
          <drawSize>1.5</drawSize>
          <shadowData>
            <volume>(0.25, 0.25, 0.25)</volume>
            <offset>(0,0,-0.2)</offset>
          </shadowData>
        </bodyGraphicData>
        <dessicatedBodyGraphicData>
          <texPath>Things/Pawn/Animal/Dromedary/Dessicated_Dromedary</texPath>
          <drawSize>1.5</drawSize>
        </dessicatedBodyGraphicData>
      </li>
      <li>
        <bodyGraphicData>
          <texPath>Things/Pawn/Animal/Dromedary/Dromedary</texPath>
          <drawSize>2.25</drawSize>
          <shadowData>
            <volume>(0.375, 0.375, 0.375)</volume>
            <offset>(0,0,-0.25)</offset>
          </shadowData>
        </bodyGraphicData>
        <dessicatedBodyGraphicData>
          <texPath>Things/Pawn/Animal/Dromedary/Dessicated_Dromedary</texPath>
          <drawSize>2.25</drawSize>
        </dessicatedBodyGraphicData>
      </li>
      <li>
        <bodyGraphicData>
          <texPath>Things/Pawn/Animal/Dromedary/Dromedary</texPath>
          <drawSize>3</drawSize>
          <shadowData>
            <volume>(0.5, 0.5, 0.5)</volume>
            <offset>(0,0,-0.3)</offset>
          </shadowData>
        </bodyGraphicData>
        <dessicatedBodyGraphicData>
          <texPath>Things/Pawn/Animal/Dromedary/Dessicated_Dromedary</texPath>
          <drawSize>3</drawSize>
        </dessicatedBodyGraphicData>
      </li>
    </lifeStages>
  </PawnKindDef>


  <!-- ======================= Goat =============================== -->

  <ThingDef ParentName="AnimalThingBase">
    <defName>Goat</defName>
    <label>goat</label>
    <devNote>cow-1</devNote>
    <description>Naturally curious about the world, goats are among the friendliest domesticated creature bred by mankind.</description>
    <statBases>
      <MoveSpeed>3.9</MoveSpeed>
      <ComfyTemperatureMin>-20</ComfyTemperatureMin>
      <MarketValue>200</MarketValue>
      <FilthRate>8</FilthRate>
    </statBases>
    <uiIconScale>1.2</uiIconScale>
    <comps>
      <li Class="CompProperties_Milkable">
        <milkDef>Milk</milkDef>
        <milkIntervalDays>3</milkIntervalDays>
        <milkAmount>12</milkAmount>
      </li>
    </comps>
    <race>
      <body>QuadrupedAnimalWithHooves</body>
      <baseBodySize>0.75</baseBodySize>
      <baseHealthScale>0.7</baseHealthScale>
      <baseHungerRate>0.225</baseHungerRate>
      <foodType>VegetarianRoughAnimal</foodType>
      <leatherDef>Leather_Plain</leatherDef>
      <wildness>0</wildness>
      <roamMtbDays>7</roamMtbDays>
      <trainability>None</trainability>
      <gestationPeriodDays>5.61</gestationPeriodDays>
      <lifeExpectancy>12</lifeExpectancy>
      <lifeStageAges>
        <li>
          <def>AnimalBaby</def>
          <minAge>0</minAge>
        </li>
        <li>
          <def>AnimalJuvenile</def>
          <minAge>0.1</minAge>
        </li>
        <li>
          <def>AnimalAdult</def>
          <minAge>0.266</minAge>
          <soundWounded>Pawn_Goat_Wounded</soundWounded>
          <soundDeath>Pawn_Goat_Death</soundDeath>
          <soundCall>Pawn_Goat_Call</soundCall>
          <soundAngry>Pawn_Goat_Angry</soundAngry>
        </li>
      </lifeStageAges>
      <soundMeleeHitPawn>Pawn_Melee_SmallScratch_HitPawn</soundMeleeHitPawn>
      <soundMeleeHitBuilding>Pawn_Melee_SmallScratch_HitBuilding</soundMeleeHitBuilding>
      <soundMeleeMiss>Pawn_Melee_SmallScratch_Miss</soundMeleeMiss>
      <soundEating>Herbivore_Eat</soundEating>
      <headPosPerRotation>
        <li>(0.0, 0, 0.25)</li>
        <li>(0.26, 0, 0.04)</li>
        <li>(0, 0, 0)</li>
        <li>(-0.26, 0, 0.04)</li>
      </headPosPerRotation>
    </race>
    <tradeTags>
      <li>AnimalCommon</li>
      <li>AnimalFarm</li>
    </tradeTags>
    <tools>
      <li>
        <capacities>
          <li>Bite</li>
        </capacities>
        <power>7.3</power>
        <cooldownTime>2</cooldownTime>
        <linkedBodyPartsGroup>Teeth</linkedBodyPartsGroup>
        <chanceFactor>0.7</chanceFactor>
      </li>
      <li>
        <label>head</label>
        <capacities>
          <li>Blunt</li>
        </capacities>
        <power>6</power>
        <cooldownTime>2</cooldownTime>
        <linkedBodyPartsGroup>HeadAttackTool</linkedBodyPartsGroup>
        <ensureLinkedBodyPartsGroupAlwaysUsable>true</ensureLinkedBodyPartsGroupAlwaysUsable>
        <chanceFactor>0.2</chanceFactor>
      </li>
    </tools>
  </ThingDef>

  <PawnKindDef ParentName="AnimalKindBase">
    <defName>Goat</defName>
    <label>goat</label>
    <labelFemale>goat doe</labelFemale>
    <race>Goat</race>
    <combatPower>45</combatPower>
    <ecoSystemWeight>0.5</ecoSystemWeight>
    <lifeStages>
      <li>
        <label>baby goat</label>
        <bodyGraphicData>
          <texPath>Things/Pawn/Animal/Goat/GoatFemale</texPath>
          <drawSize>0.6</drawSize>
          <shaderType>CutoutSkin</shaderType>
          <shadowData>
            <volume>(0.25, 0.25, 0.25)</volume>
            <offset>(0,0,-0.2)</offset>
          </shadowData>
        </bodyGraphicData>
        <dessicatedBodyGraphicData>
          <texPath>Things/Pawn/Animal/Goat/Dessicated_GoatFemale</texPath>
          <drawSize>0.6</drawSize>
        </dessicatedBodyGraphicData>
      </li>
      <li>
        <bodyGraphicData>
          <texPath>Things/Pawn/Animal/Goat/GoatMale</texPath>
          <drawSize>1.15</drawSize>
          <shadowData>
            <volume>(0.375, 0.375, 0.375)</volume>
            <offset>(0,0,0)</offset>
          </shadowData>
        </bodyGraphicData>
        <femaleGraphicData>
          <texPath>Things/Pawn/Animal/Goat/GoatFemale</texPath>
          <drawSize>1.1</drawSize>
          <shadowData>
            <volume>(0.375, 0.375, 0.375)</volume>
            <offset>(0,0,0)</offset>
          </shadowData>
        </femaleGraphicData>
        <dessicatedBodyGraphicData>
          <texPath>Things/Pawn/Animal/Goat/Dessicated_GoatMale</texPath>
          <drawSize>1.15</drawSize>
        </dessicatedBodyGraphicData>
        <femaleDessicatedBodyGraphicData>
          <texPath>Things/Pawn/Animal/Goat/Dessicated_GoatFemale</texPath>
          <drawSize>1.1</drawSize>
        </femaleDessicatedBodyGraphicData>
      </li>
      <li>
        <bodyGraphicData>
          <texPath>Things/Pawn/Animal/Goat/GoatMale</texPath>
          <drawSize>1.42</drawSize>
          <shadowData>
            <volume>(0.5, 0.5, 0.5)</volume>
            <offset>(0,0,-0.3)</offset>
          </shadowData>
        </bodyGraphicData>
        <femaleGraphicData>
          <texPath>Things/Pawn/Animal/Goat/GoatFemale</texPath>
          <drawSize>1.30</drawSize>
          <shadowData>
            <volume>(0.5, 0.5, 0.4)</volume>
            <offset>(0,0,-0.05)</offset>
          </shadowData>
        </femaleGraphicData>
        <dessicatedBodyGraphicData>
          <texPath>Things/Pawn/Animal/Goat/Dessicated_GoatMale</texPath>
          <drawSize>1.42</drawSize>
        </dessicatedBodyGraphicData>
        <femaleDessicatedBodyGraphicData>
          <texPath>Things/Pawn/Animal/Goat/Dessicated_GoatFemale</texPath>
          <drawSize>1.3</drawSize>
        </femaleDessicatedBodyGraphicData>
      </li>
    </lifeStages>
  </PawnKindDef>


  <!-- ====================================================== -->

  <ThingDef ParentName="AnimalThingBase">
    <defName>Elk</defName>
    <label>elk</label>
    <devNote>cow-1</devNote>
    <description>A large member of the deer family, well-adapted to life in cold climates. Domesticated elk can be milked, but refuse to carry packs.</description>
    <statBases>
      <MoveSpeed>5</MoveSpeed>
      <MarketValue>300</MarketValue>
      <ComfyTemperatureMin>-50</ComfyTemperatureMin>
      <FilthRate>16</FilthRate>
    </statBases>
    <uiIconScale>1.6</uiIconScale>
    <comps>
      <li Class="CompProperties_Milkable">
        <milkDef>Milk</milkDef>
        <milkIntervalDays>1</milkIntervalDays>
        <milkAmount>11</milkAmount>
      </li>
    </comps>
    <race>
      <body>QuadrupedAnimalWithHooves</body>
      <herdAnimal>true</herdAnimal>
      <baseBodySize>2.1</baseBodySize>
      <baseHungerRate>0.535</baseHungerRate>
      <baseHealthScale>1.9</baseHealthScale>
      <foodType>VegetarianRoughAnimal</foodType>
      <leatherDef>Leather_Plain</leatherDef>
      <wildness>0.75</wildness>
      <roamMtbDays>2</roamMtbDays>
      <gestationPeriodDays>6.66</gestationPeriodDays>
      <lifeExpectancy>18</lifeExpectancy>
      <lifeStageAges>
        <li>
          <def>AnimalBaby</def>
          <minAge>0</minAge>
        </li>
        <li>
          <def>AnimalJuvenile</def>
          <minAge>0.20</minAge>
        </li>
        <li>
          <def>AnimalAdult</def>
          <minAge>0.3333</minAge>
          <soundWounded>Pawn_Elk_Wounded</soundWounded>
          <soundDeath>Pawn_Elk_Death</soundDeath>
          <soundCall>Pawn_Elk_Call</soundCall>
          <soundAngry>Pawn_Elk_Angry</soundAngry>
        </li>
      </lifeStageAges>
      <soundMeleeHitPawn>Pawn_Melee_BigBash_HitPawn</soundMeleeHitPawn>
      <soundMeleeHitBuilding>Pawn_Melee_BigBash_HitBuilding</soundMeleeHitBuilding>
      <soundMeleeMiss>Pawn_Melee_BigBash_Miss</soundMeleeMiss>
      <soundEating>Herbivore_Eat</soundEating>
      <headPosPerRotation>
        <li>(-0.02, 0, 0.2)</li>
        <li>(0.26, 0, 0.05)</li>
        <li>(-0.02, 0, 0.02)</li>
        <li>(-0.26, 0, 0.05)</li>
      </headPosPerRotation>
    </race>
    <tradeTags>
      <li>AnimalCommon</li>
      <li>AnimalFarm</li>
    </tradeTags>
    <tools>
      <li>
        <label>left hoof</label>
        <labelNoLocation>hoof</labelNoLocation>
        <capacities>
          <li>Blunt</li>
          <li>Poke</li>
        </capacities>
        <power>10</power>
        <cooldownTime>2</cooldownTime>
        <linkedBodyPartsGroup>FrontLeftLeg</linkedBodyPartsGroup>
      </li>
      <li>
        <label>right hoof</label>
        <labelNoLocation>hoof</labelNoLocation>
        <capacities>
          <li>Blunt</li>
          <li>Poke</li>
        </capacities>
        <power>10</power>
        <cooldownTime>2</cooldownTime>
        <linkedBodyPartsGroup>FrontRightLeg</linkedBodyPartsGroup>
      </li>
      <li>
        <capacities>
          <li>Bite</li>
        </capacities>
        <power>10</power>
        <cooldownTime>2</cooldownTime>
        <linkedBodyPartsGroup>Teeth</linkedBodyPartsGroup>
        <chanceFactor>0.5</chanceFactor>
      </li>
      <li>
        <label>head</label>
        <capacities>
          <li>Blunt</li>
        </capacities>
        <power>13</power>
        <cooldownTime>2.6</cooldownTime>
        <linkedBodyPartsGroup>HeadAttackTool</linkedBodyPartsGroup>
        <ensureLinkedBodyPartsGroupAlwaysUsable>true</ensureLinkedBodyPartsGroupAlwaysUsable>
      </li>
    </tools>
  </ThingDef>
  
  <PawnKindDef ParentName="AnimalKindBase">
    <defName>Elk</defName>
    <label>elk</label>
    <labelPlural>elk</labelPlural>
    <race>Elk</race>
    <combatPower>110</combatPower>
    <ecoSystemWeight>1.1</ecoSystemWeight>
    <wildGroupSize>3~9</wildGroupSize>
    <lifeStages>
      <li>
        <label>elk calf</label>
        <labelPlural>elk calves</labelPlural>
        <bodyGraphicData>
          <texPath>Things/Pawn/Animal/Elk/ElkFemale</texPath>
          <drawSize>1.5</drawSize>
        </bodyGraphicData>
        <dessicatedBodyGraphicData>
          <texPath>Things/Pawn/Animal/Elk/Dessicated_ElkFemale</texPath>
          <drawSize>1.5</drawSize>
        </dessicatedBodyGraphicData>
      </li>
      <li>
        <bodyGraphicData>
          <texPath>Things/Pawn/Animal/Elk/ElkMale</texPath>
          <drawSize>2.30</drawSize>
          <shadowData>
            <volume>(0.375, 0.375, 0.375)</volume>
            <offset>(0,0,-0.3)</offset>
          </shadowData>
        </bodyGraphicData>
        <femaleGraphicData>
          <texPath>Things/Pawn/Animal/Elk/ElkFemale</texPath>
          <drawSize>2.20</drawSize>
          <shadowData>
            <volume>(0.375, 0.375, 0.375)</volume>
            <offset>(0,0,-0.3)</offset>
          </shadowData>
        </femaleGraphicData>
        <dessicatedBodyGraphicData>
          <texPath>Things/Pawn/Animal/Elk/Dessicated_ElkMale</texPath>
          <drawSize>2.3</drawSize>
        </dessicatedBodyGraphicData>
        <femaleDessicatedBodyGraphicData>
          <texPath>Things/Pawn/Animal/Elk/Dessicated_ElkFemale</texPath>
          <drawSize>2.2</drawSize>
        </femaleDessicatedBodyGraphicData>
      </li>
      <li>
        <bodyGraphicData>
          <texPath>Things/Pawn/Animal/Elk/ElkMale</texPath>
          <drawSize>3.1</drawSize>
          <shadowData>
            <volume>(0.5, 0.5, 0.5)</volume>
            <offset>(0,0,-0.3)</offset>
          </shadowData>
        </bodyGraphicData>
        <femaleGraphicData>
          <texPath>Things/Pawn/Animal/Elk/ElkFemale</texPath>
          <drawSize>2.95</drawSize>
          <shadowData>
            <volume>(0.5, 0.5, 0.5)</volume>
            <offset>(0,0,-0.3)</offset>
          </shadowData>
        </femaleGraphicData>
        <dessicatedBodyGraphicData>
          <texPath>Things/Pawn/Animal/Elk/Dessicated_ElkMale</texPath>
          <drawSize>3.1</drawSize>
        </dessicatedBodyGraphicData>
        <femaleDessicatedBodyGraphicData>
          <texPath>Things/Pawn/Animal/Elk/Dessicated_ElkFemale</texPath>
          <drawSize>2.95</drawSize>
        </femaleDessicatedBodyGraphicData>
      </li>
    </lifeStages>
  </PawnKindDef>


  <!-- ======================= Yak =============================== -->

  <ThingDef ParentName="AnimalThingBase">
    <defName>Yak</defName>
    <label>yak</label>
    <devNote>cow-1</devNote>
    <description>Yaks are robust cattle with a bulky frame, short but thick legs, and rounded cloven hooves that are splayed to help them walk in snow.</description>
    <statBases>
      <MoveSpeed>3.2</MoveSpeed>
      <ComfyTemperatureMin>-45</ComfyTemperatureMin>
      <MarketValue>320</MarketValue>
      <FilthRate>16</FilthRate>
    </statBases>
    <uiIconScale>1.15</uiIconScale>
    <comps>
      <li Class="CompProperties_Milkable">
        <milkDef>Milk</milkDef>
        <milkIntervalDays>1</milkIntervalDays>
        <milkAmount>11</milkAmount>
      </li>
    </comps>
    <race>
      <body>QuadrupedAnimalWithHooves</body>
      <herdAnimal>true</herdAnimal>
      <baseBodySize>2.1</baseBodySize>
      <baseHungerRate>0.535</baseHungerRate>
      <baseHealthScale>1.5</baseHealthScale>
      <foodType>VegetarianRoughAnimal</foodType>
      <leatherDef>Leather_Plain</leatherDef>
      <wildness>0.20</wildness>
      <roamMtbDays>2</roamMtbDays>
      <petness>0.3</petness>
      <trainability>None</trainability>
      <packAnimal>true</packAnimal>
      <meatLabel>yak beef</meatLabel>
      <gestationPeriodDays>6.66</gestationPeriodDays>
      <lifeExpectancy>22</lifeExpectancy>
      <lifeStageAges>
        <li>
          <def>AnimalBaby</def>
          <minAge>0</minAge>
        </li>
        <li>
          <def>AnimalJuvenile</def>
          <minAge>0.2</minAge>
        </li>
        <li>
          <def>AnimalAdult</def>
          <minAge>0.3333</minAge>
          <soundWounded>Pawn_Muffalo_Wounded</soundWounded>
          <soundDeath>Pawn_Muffalo_Death</soundDeath>
          <soundCall>Pawn_Muffalo_Call</soundCall>
          <soundAngry>Pawn_Muffalo_Angry</soundAngry>
        </li>
      </lifeStageAges>
      <soundMeleeHitPawn>Pawn_Melee_BigBash_HitPawn</soundMeleeHitPawn>
      <soundMeleeHitBuilding>Pawn_Melee_BigBash_HitBuilding</soundMeleeHitBuilding>
      <soundMeleeMiss>Pawn_Melee_BigBash_Miss</soundMeleeMiss>
      <soundEating>Herbivore_Eat</soundEating>
      <headPosPerRotation>
        <li>(0.0, 0, 0.27)</li>
        <li>(0.3, 0, 0.015)</li>
        <li>(0.0, 0, -0.19)</li>
        <li>(-0.3, 0, 0.015)</li>
      </headPosPerRotation>
    </race>
    <tradeTags>
      <li>AnimalCommon</li>
      <li>AnimalFarm</li>
    </tradeTags>
    <tools>
      <li>
        <capacities>
          <li>Bite</li>
        </capacities>
        <power>8.8</power>
        <cooldownTime>2.6</cooldownTime>
        <linkedBodyPartsGroup>Teeth</linkedBodyPartsGroup>
        <chanceFactor>0.7</chanceFactor>
      </li>
      <li>
        <label>head</label>
        <capacities>
          <li>Blunt</li>
        </capacities>
        <power>9</power>
        <cooldownTime>2</cooldownTime>
        <linkedBodyPartsGroup>HeadAttackTool</linkedBodyPartsGroup>
        <ensureLinkedBodyPartsGroupAlwaysUsable>true</ensureLinkedBodyPartsGroupAlwaysUsable>
        <chanceFactor>0.2</chanceFactor>
      </li>
      <li>
        <label>left hoof</label>
        <labelNoLocation>hoof</labelNoLocation>
        <capacities>
          <li>Blunt</li>
          <li>Poke</li>
        </capacities>
        <power>8</power>
        <cooldownTime>2</cooldownTime>
        <linkedBodyPartsGroup>FrontLeftLeg</linkedBodyPartsGroup>
      </li>
      <li>
        <label>right hoof</label>
        <labelNoLocation>hoof</labelNoLocation>
        <capacities>
          <li>Blunt</li>
          <li>Poke</li>
        </capacities>
        <power>8</power>
        <cooldownTime>2</cooldownTime>
        <linkedBodyPartsGroup>FrontRightLeg</linkedBodyPartsGroup>
      </li>
    </tools>
  </ThingDef>

  <PawnKindDef ParentName="AnimalKindBase">
    <defName>Yak</defName>
    <label>yak</label>
    <race>Yak</race>
    <combatPower>75</combatPower>
    <ecoSystemWeight>1.1</ecoSystemWeight>
    <labelMale>yak</labelMale>
    <wildGroupSize>3~5</wildGroupSize>
    <lifeStages>
      <li>
        <label>yak calf</label>
        <labelPlural>yak calves</labelPlural>
        <bodyGraphicData>
          <texPath>Things/Pawn/Animal/Yak/YakMale</texPath>
          <drawSize>1.3</drawSize>
          <shadowData>
            <volume>(0.4, 0.3, 0.3)</volume>
            <offset>(0,0,-0.2)</offset>
          </shadowData>
        </bodyGraphicData>
        <femaleGraphicData>
          <texPath>Things/Pawn/Animal/Yak/YakFemale</texPath>
          <drawSize>1.25</drawSize>
          <shadowData>
            <volume>(0.4, 0.3, 0.3)</volume>
            <offset>(0,0,-0.2)</offset>
          </shadowData>
        </femaleGraphicData>
        <dessicatedBodyGraphicData>
          <texPath>Things/Pawn/Animal/Yak/Dessicated_YakMale</texPath>
          <drawSize>1.3</drawSize>
        </dessicatedBodyGraphicData>
        <femaleDessicatedBodyGraphicData>
          <texPath>Things/Pawn/Animal/Yak/Dessicated_YakFemale</texPath>
          <drawSize>1.25</drawSize>
        </femaleDessicatedBodyGraphicData>
      </li>
      <li>
        <bodyGraphicData>
          <texPath>Things/Pawn/Animal/Yak/YakMale</texPath>
          <drawSize>2.15</drawSize>
          <shadowData>
            <volume>(0.6, 0.45, 0.45)</volume>
            <offset>(0,0,-0.25)</offset>
          </shadowData>
        </bodyGraphicData>
        <femaleGraphicData>
          <texPath>Things/Pawn/Animal/Yak/YakFemale</texPath>
          <drawSize>2.0</drawSize>
          <shadowData>
            <volume>(0.6, 0.45, 0.45)</volume>
            <offset>(0,0,-0.25)</offset>
          </shadowData>
        </femaleGraphicData>
        <dessicatedBodyGraphicData>
          <texPath>Things/Pawn/Animal/Yak/Dessicated_YakMale</texPath>
          <drawSize>2.15</drawSize>
        </dessicatedBodyGraphicData>
        <femaleDessicatedBodyGraphicData>
          <texPath>Things/Pawn/Animal/Yak/Dessicated_YakFemale</texPath>
          <drawSize>2.0</drawSize>
        </femaleDessicatedBodyGraphicData>
      </li>
      <li>
        <bodyGraphicData>
          <texPath>Things/Pawn/Animal/Yak/YakMale</texPath>
          <drawSize>2.7</drawSize>
          <shadowData>
            <volume>(0.8, 0.6, 0.6)</volume>
            <offset>(0,0,-0.3)</offset>
          </shadowData>
        </bodyGraphicData>
        <femaleGraphicData>
          <texPath>Things/Pawn/Animal/Yak/YakFemale</texPath>
          <drawSize>2.6</drawSize>
          <shadowData>
            <volume>(0.8, 0.6, 0.6)</volume>
            <offset>(0,0,-0.3)</offset>
          </shadowData>
        </femaleGraphicData>
        <dessicatedBodyGraphicData>
          <texPath>Things/Pawn/Animal/Yak/Dessicated_YakMale</texPath>
          <drawSize>2.7</drawSize>
        </dessicatedBodyGraphicData>
        <femaleDessicatedBodyGraphicData>
          <texPath>Things/Pawn/Animal/Yak/Dessicated_YakFemale</texPath>
          <drawSize>2.6</drawSize>
        </femaleDessicatedBodyGraphicData>
      </li>
    </lifeStages>
  </PawnKindDef>


  <!-- ====================================================== -->

  <ThingDef ParentName="AnimalThingBase">
    <defName>Caribou</defName>
    <label>caribou</label>
    <devNote>cow-1</devNote>
    <description>A large member of the deer family, well-adapted to life in cold climates. Caribou can be milked, but refuse to carry packs.</description>
    <statBases>
      <MoveSpeed>5</MoveSpeed>
      <MarketValue>300</MarketValue>
      <ComfyTemperatureMin>-50</ComfyTemperatureMin>
      <FilthRate>16</FilthRate>
    </statBases>
    <uiIconScale>2</uiIconScale>
    <comps>
      <li Class="CompProperties_Milkable">
        <milkDef>Milk</milkDef>
        <milkIntervalDays>2</milkIntervalDays>
        <milkAmount>10</milkAmount>
      </li>
    </comps>
    <race>
      <body>QuadrupedAnimalWithHooves</body>
      <herdAnimal>true</herdAnimal>
      <baseBodySize>1.0</baseBodySize>
      <baseHealthScale>2.0</baseHealthScale>
      <baseHungerRate>0.275</baseHungerRate>
      <foodType>VegetarianRoughAnimal</foodType>
      <leatherDef>Leather_Plain</leatherDef>
      <wildness>0.75</wildness>
      <roamMtbDays>2</roamMtbDays>
      <manhunterOnDamageChance>0.1</manhunterOnDamageChance>
      <gestationPeriodDays>6.66</gestationPeriodDays>
      <lifeExpectancy>18</lifeExpectancy>
      <lifeStageAges>
        <li>
          <def>AnimalBaby</def>
          <minAge>0</minAge>
        </li>
        <li>
          <def>AnimalJuvenile</def>
          <minAge>0.2</minAge>
        </li>
        <li>
          <def>AnimalAdult</def>
          <minAge>0.3</minAge>
          <soundWounded>Pawn_Elk_Wounded</soundWounded>
          <soundDeath>Pawn_Elk_Death</soundDeath>
          <soundCall>Pawn_Elk_Call</soundCall>
          <soundAngry>Pawn_Elk_Angry</soundAngry>
        </li>
      </lifeStageAges>
      <soundMeleeHitPawn>Pawn_Melee_BigBash_HitPawn</soundMeleeHitPawn>
      <soundMeleeHitBuilding>Pawn_Melee_BigBash_HitBuilding</soundMeleeHitBuilding>
      <soundMeleeMiss>Pawn_Melee_BigBash_Miss</soundMeleeMiss>
      <soundEating>Herbivore_Eat</soundEating>
      <headPosPerRotation>
        <li>(0.0, 0, 0.1)</li>
        <li>(0.16, 0, 0.03)</li>
        <li>(0.0, 0, -0.02)</li>
        <li>(-0.16, 0, 0.03)</li>
      </headPosPerRotation>
    </race>
    <tradeTags>
      <li>AnimalCommon</li>
      <li>AnimalFarm</li>
    </tradeTags>
    <tools>
      <li>
        <label>left hoof</label>
        <labelNoLocation>hoof</labelNoLocation>
        <capacities>
          <li>Blunt</li>
          <li>Poke</li>
        </capacities>
        <power>10</power>
        <cooldownTime>2</cooldownTime>
        <linkedBodyPartsGroup>FrontLeftLeg</linkedBodyPartsGroup>
      </li>
      <li>
        <label>right hoof</label>
        <labelNoLocation>hoof</labelNoLocation>
        <capacities>
          <li>Blunt</li>
          <li>Poke</li>
        </capacities>
        <power>10</power>
        <cooldownTime>2</cooldownTime>
        <linkedBodyPartsGroup>FrontRightLeg</linkedBodyPartsGroup>
      </li>
      <li>
        <capacities>
          <li>Bite</li>
        </capacities>
        <power>10</power>
        <cooldownTime>2</cooldownTime>
        <linkedBodyPartsGroup>Teeth</linkedBodyPartsGroup>
        <chanceFactor>0.5</chanceFactor>
      </li>
      <li>
        <label>head</label>
        <capacities>
          <li>Blunt</li>
        </capacities>
        <power>13</power>
        <cooldownTime>2.6</cooldownTime>
        <linkedBodyPartsGroup>HeadAttackTool</linkedBodyPartsGroup>
        <ensureLinkedBodyPartsGroupAlwaysUsable>true</ensureLinkedBodyPartsGroupAlwaysUsable>
      </li>
    </tools>
  </ThingDef>

  <PawnKindDef ParentName="AnimalKindBase">
    <defName>Caribou</defName>
    <label>caribou</label>
    <labelPlural>caribou</labelPlural>
    <race>Caribou</race>
    <combatPower>110</combatPower>
    <ecoSystemWeight>1.1</ecoSystemWeight>
    <wildGroupSize>3~9</wildGroupSize>
    <lifeStages>
      <li>
        <label>caribou calf</label>
        <labelPlural>caribou calves</labelPlural>
        <bodyGraphicData>
          <texPath>Things/Pawn/Animal/Caribou/Caribou</texPath>
          <drawSize>1.9</drawSize>
        </bodyGraphicData>
        <dessicatedBodyGraphicData>
          <texPath>Things/Pawn/Animal/Caribou/Dessicated_Caribou</texPath>
          <drawSize>1.9</drawSize>
        </dessicatedBodyGraphicData>
      </li>
      <li>
        <bodyGraphicData>
          <texPath>Things/Pawn/Animal/Caribou/Caribou</texPath>
          <drawSize>2.8</drawSize>
          <shadowData>
            <volume>(0.375, 0.375, 0.375)</volume>
            <offset>(0,0,-0.3)</offset>
          </shadowData>
        </bodyGraphicData>
        <dessicatedBodyGraphicData>
          <texPath>Things/Pawn/Animal/Caribou/Dessicated_Caribou</texPath>
          <drawSize>2.8</drawSize>
        </dessicatedBodyGraphicData>
      </li>
      <li>
        <bodyGraphicData>
          <texPath>Things/Pawn/Animal/Caribou/Caribou</texPath>
          <drawSize>3.5</drawSize>
          <shadowData>
            <volume>(0.5, 0.5, 0.5)</volume>
            <offset>(0,0,-0.3)</offset>
          </shadowData>
        </bodyGraphicData>
        <dessicatedBodyGraphicData>
          <texPath>Things/Pawn/Animal/Caribou/Dessicated_Caribou</texPath>
          <drawSize>3.5</drawSize>
        </dessicatedBodyGraphicData>
      </li>
    </lifeStages>
  </PawnKindDef>


  <!-- ======================= Horse =============================== -->

  <ThingDef ParentName="AnimalThingBase">
    <defName>Horse</defName>
    <label>horse</label>
    <devNote>cow-1</devNote>
    <description>A large hoofed mammal with a short coat, a long mane, and a long tail. Horses have been domesticated since ancient times.\n\nWhen in a caravan, people can ride horses to increase the caravan's speed.</description>
    <statBases>
      <MoveSpeed>5.8</MoveSpeed>
      <MarketValue>550</MarketValue>
      <ComfyTemperatureMin>-35</ComfyTemperatureMin>
      <ComfyTemperatureMax>45</ComfyTemperatureMax>
      <FilthRate>16</FilthRate>
      <CaravanRidingSpeedFactor>1.6</CaravanRidingSpeedFactor>
    </statBases>
    <uiIconScale>1.1</uiIconScale>
    <race>
      <herdAnimal>true</herdAnimal>
      <body>QuadrupedAnimalWithHooves</body>
      <baseBodySize>2.4</baseBodySize>
      <baseHealthScale>1.75</baseHealthScale>
      <baseHungerRate>0.425</baseHungerRate>
      <foodType>VegetarianRoughAnimal</foodType>
      <leatherDef>Leather_Plain</leatherDef>
      <gestationPeriodDays>6.66</gestationPeriodDays>
      <wildness>0.35</wildness>
      <roamMtbDays>2</roamMtbDays>
      <petness>0.6</petness>
      <trainability>None</trainability>
      <meatLabel>horse meat</meatLabel>
      <packAnimal>true</packAnimal>
      <lifeExpectancy>30</lifeExpectancy>
      <lifeStageAges>
        <li>
          <def>AnimalBaby</def>
          <minAge>0</minAge>
        </li>
        <li>
          <def>AnimalJuvenile</def>
          <minAge>0.25</minAge>
        </li>
        <li>
          <def>AnimalAdult</def>
          <minAge>0.3333</minAge>
          <soundWounded>Pawn_Horse_Wounded</soundWounded>
          <soundDeath>Pawn_Horse_Death</soundDeath>
          <soundCall>Pawn_Horse_Call</soundCall>
          <soundAngry>Pawn_Horse_Angry</soundAngry>
        </li>
      </lifeStageAges>
      <soundMeleeHitPawn>Pawn_Melee_BigBash_HitPawn</soundMeleeHitPawn>
      <soundMeleeHitBuilding>Pawn_Melee_BigBash_HitBuilding</soundMeleeHitBuilding>
      <soundMeleeMiss>Pawn_Melee_BigBash_Miss</soundMeleeMiss>
      <soundEating>Herbivore_Eat</soundEating>
      <headPosPerRotation>
        <li>(0.0, 0, 0.33)</li>
        <li>(0.31, 0, 0.21)</li>
        <li>(0.0, 0, 0.08)</li>
        <li>(-0.31, 0, 0.21)</li>
      </headPosPerRotation>
    </race>
    <tradeTags>
      <li>AnimalCommon</li>
      <li>AnimalFarm</li>
    </tradeTags>
    <tools>
      <li>
        <label>head</label>
        <capacities>
          <li>Blunt</li>
        </capacities>
        <power>10</power>
        <cooldownTime>2.9</cooldownTime>
        <linkedBodyPartsGroup>HeadAttackTool</linkedBodyPartsGroup>
        <ensureLinkedBodyPartsGroupAlwaysUsable>true</ensureLinkedBodyPartsGroupAlwaysUsable>
      </li>
      <li>
        <label>left hoof</label>
        <labelNoLocation>hoof</labelNoLocation>
        <capacities>
          <li>Blunt</li>
          <li>Poke</li>
        </capacities>
        <power>7</power>
        <cooldownTime>2</cooldownTime>
        <linkedBodyPartsGroup>FrontLeftLeg</linkedBodyPartsGroup>
      </li>
      <li>
        <label>right hoof</label>
        <labelNoLocation>hoof</labelNoLocation>
        <capacities>
          <li>Blunt</li>
          <li>Poke</li>
        </capacities>
        <power>7</power>
        <cooldownTime>2</cooldownTime>
        <linkedBodyPartsGroup>FrontRightLeg</linkedBodyPartsGroup>
      </li>
      <li>
        <capacities>
          <li>Bite</li>
        </capacities>
        <power>5</power>
        <cooldownTime>2</cooldownTime>
        <linkedBodyPartsGroup>Teeth</linkedBodyPartsGroup>
        <chanceFactor>0.5</chanceFactor>
      </li>
    </tools>
  </ThingDef>

  <PawnKindDef Name="Horse" ParentName="AnimalKindBase">
    <defName>Horse</defName>
    <label>horse</label>
    <labelMale>stallion</labelMale>
    <labelFemale>mare</labelFemale>
    <race>Horse</race>
    <combatPower>100</combatPower>
    <ecoSystemWeight>1.1</ecoSystemWeight>
    <wildGroupSize>3~6</wildGroupSize>
    <alternateGraphicChance>0.8</alternateGraphicChance>
    <alternateGraphics>
      <li><texPath>Things/Pawn/Animal/Horse/Horse1</texPath></li>
      <li><texPath>Things/Pawn/Animal/Horse/Horse2</texPath></li>
      <li><texPath>Things/Pawn/Animal/Horse/Horse3</texPath></li>
      <li><texPath>Things/Pawn/Animal/Horse/Horse4</texPath></li>
      <li><texPath>Things/Pawn/Animal/Horse/Horse5</texPath></li>
      <li><texPath>Things/Pawn/Animal/Horse/Horse6</texPath></li>
    </alternateGraphics>
    <lifeStages>
      <li>
        <label>foal</label>
        <bodyGraphicData>
          <texPath>Things/Pawn/Animal/Horse/Horse</texPath>
          <drawSize>1.3</drawSize>
          <shadowData>
            <volume>(0.4, 0.3, 0.3)</volume>
            <offset>(0,0,-0.2)</offset>
          </shadowData>
        </bodyGraphicData>
        <dessicatedBodyGraphicData>
          <texPath>Things/Pawn/Animal/Horse/Dessicated_Horse</texPath>
          <drawSize>1.3</drawSize>
        </dessicatedBodyGraphicData>
      </li>
      <li>
        <bodyGraphicData>
          <texPath>Things/Pawn/Animal/Horse/Horse</texPath>
          <drawSize>1.8</drawSize>
          <shadowData>
            <volume>(0.6, 0.45, 0.45)</volume>
            <offset>(0,0,-0.25)</offset>
          </shadowData>
        </bodyGraphicData>
        <dessicatedBodyGraphicData>
          <texPath>Things/Pawn/Animal/Horse/Dessicated_Horse</texPath>
          <drawSize>1.8</drawSize>
        </dessicatedBodyGraphicData>
      </li>
      <li>
        <bodyGraphicData>
          <texPath>Things/Pawn/Animal/Horse/Horse</texPath>
          <drawSize>2.1</drawSize>
          <shadowData>
            <volume>(0.8, 0.6, 0.6)</volume>
            <offset>(0,0,-0.3)</offset>
          </shadowData>
        </bodyGraphicData>
        <dessicatedBodyGraphicData>
          <texPath>Things/Pawn/Animal/Horse/Dessicated_Horse</texPath>
          <drawSize>2.1</drawSize>
        </dessicatedBodyGraphicData>
      </li>
    </lifeStages>
  </PawnKindDef>

  <!-- ======================= Donkey =============================== -->

  <ThingDef ParentName="AnimalThingBase">
    <defName>Donkey</defName>
    <label>donkey</label>
    <devNote>cow-1</devNote>
    <description>A small relative of the horse, domesticated in ancient times for farm work. Its goofy call is simultaneously annoying and endearing.\n\nWhen in a caravan, people can ride donkeys to increase the caravan's speed.</description>
    <statBases>
      <MoveSpeed>5.0</MoveSpeed>
      <MarketValue>320</MarketValue>
      <ComfyTemperatureMin>-25</ComfyTemperatureMin>
      <ComfyTemperatureMax>45</ComfyTemperatureMax>
      <FilthRate>16</FilthRate>
      <CaravanRidingSpeedFactor>1.3</CaravanRidingSpeedFactor>
    </statBases>
    <uiIconScale>1.25</uiIconScale>
    <race>
      <herdAnimal>true</herdAnimal>
      <body>QuadrupedAnimalWithHooves</body>
      <baseBodySize>1.4</baseBodySize>
      <baseHealthScale>1.45</baseHealthScale>
      <baseHungerRate>0.325</baseHungerRate>
      <foodType>VegetarianRoughAnimal</foodType>
      <leatherDef>Leather_Plain</leatherDef>
      <gestationPeriodDays>6.66</gestationPeriodDays>
      <wildness>0</wildness>
      <roamMtbDays>3</roamMtbDays>
      <petness>0.60</petness>
      <trainability>None</trainability>
      <packAnimal>true</packAnimal>
      <lifeExpectancy>24</lifeExpectancy>
      <lifeStageAges>
        <li>
          <def>AnimalBaby</def>
          <minAge>0</minAge>
        </li>
        <li>
          <def>AnimalJuvenile</def>
          <minAge>0.25</minAge>
        </li>
        <li>
          <def>AnimalAdult</def>
          <minAge>0.3333</minAge>
          <soundWounded>Pawn_Donkey_Wounded</soundWounded>
          <soundDeath>Pawn_Donkey_Death</soundDeath>
          <soundCall>Pawn_Donkey_Call</soundCall>
          <soundAngry>Pawn_Donkey_Angry</soundAngry>
        </li>
      </lifeStageAges>
      <soundMeleeHitPawn>Pawn_Melee_BigBash_HitPawn</soundMeleeHitPawn>
      <soundMeleeHitBuilding>Pawn_Melee_BigBash_HitBuilding</soundMeleeHitBuilding>
      <soundMeleeMiss>Pawn_Melee_BigBash_Miss</soundMeleeMiss>
      <soundEating>Herbivore_Eat</soundEating>
      <headPosPerRotation>
        <li>(0.0, 0, 0.3)</li>
        <li>(0.27, 0, 0.16)</li>
        <li>(0.0, 0, 0.12)</li>
        <li>(-0.27, 0, 0.16)</li>
      </headPosPerRotation>
    </race>
    <tradeTags>
      <li>AnimalUncommon</li>
      <li>AnimalFarm</li>
    </tradeTags>
    <tools>
      <li>
        <label>head</label>
        <capacities>
          <li>Blunt</li>
        </capacities>
        <power>12</power>
        <cooldownTime>2.9</cooldownTime>
        <linkedBodyPartsGroup>HeadAttackTool</linkedBodyPartsGroup>
        <ensureLinkedBodyPartsGroupAlwaysUsable>true</ensureLinkedBodyPartsGroupAlwaysUsable>
      </li>
      <li>
        <label>left hoof</label>
        <labelNoLocation>hoof</labelNoLocation>
        <capacities>
          <li>Blunt</li>
          <li>Poke</li>
        </capacities>
        <power>8</power>
        <cooldownTime>2</cooldownTime>
        <linkedBodyPartsGroup>FrontLeftLeg</linkedBodyPartsGroup>
      </li>
      <li>
        <label>right hoof</label>
        <labelNoLocation>hoof</labelNoLocation>
        <capacities>
          <li>Blunt</li>
          <li>Poke</li>
        </capacities>
        <power>8</power>
        <cooldownTime>2</cooldownTime>
        <linkedBodyPartsGroup>FrontRightLeg</linkedBodyPartsGroup>
      </li>
      <li>
        <capacities>
          <li>Bite</li>
        </capacities>
        <power>6</power>
        <cooldownTime>2</cooldownTime>
        <linkedBodyPartsGroup>Teeth</linkedBodyPartsGroup>
        <chanceFactor>0.5</chanceFactor>
      </li>
    </tools>
  </ThingDef>

  <PawnKindDef Name="Donkey" ParentName="AnimalKindBase">
    <defName>Donkey</defName>
    <label>donkey</label>
    <race>Donkey</race>
    <combatPower>80</combatPower>
    <ecoSystemWeight>1.1</ecoSystemWeight>
    <wildGroupSize>2~4</wildGroupSize>
    <lifeStages>
      <li>
        <label>donkey foal</label>
        <bodyGraphicData>
          <texPath>Things/Pawn/Animal/Donkey/Donkey</texPath>
          <drawSize>1.3</drawSize>
          <shadowData>
            <volume>(0.3, 0.2, 0.3)</volume>
            <offset>(0,0,-0.1)</offset>
          </shadowData>
        </bodyGraphicData>
        <dessicatedBodyGraphicData>
          <texPath>Things/Pawn/Animal/Donkey/Dessicated_Donkey</texPath>
          <drawSize>1.3</drawSize>
        </dessicatedBodyGraphicData>
      </li>
      <li>
        <bodyGraphicData>
          <texPath>Things/Pawn/Animal/Donkey/Donkey</texPath>
          <drawSize>1.6</drawSize>
          <shadowData>
            <volume>(0.4, 0.25, 0.35)</volume>
            <offset>(0,0,-0.15)</offset>
          </shadowData>
        </bodyGraphicData>
        <dessicatedBodyGraphicData>
          <texPath>Things/Pawn/Animal/Donkey/Dessicated_Donkey</texPath>
          <drawSize>1.6</drawSize>
        </dessicatedBodyGraphicData>
      </li>
      <li>
        <bodyGraphicData>
          <texPath>Things/Pawn/Animal/Donkey/Donkey</texPath>
          <drawSize>1.9</drawSize>
          <shadowData>
            <volume>(0.5, 0.3, 0.45)</volume>
            <offset>(0,0,-0.2)</offset>
          </shadowData>
        </bodyGraphicData>
        <dessicatedBodyGraphicData>
          <texPath>Things/Pawn/Animal/Donkey/Dessicated_Donkey</texPath>
          <drawSize>1.9</drawSize>
        </dessicatedBodyGraphicData>
      </li>
    </lifeStages>
  </PawnKindDef>


  <!-- =========================== Elephant ================================= -->

  <ThingDef ParentName="AnimalThingBase">
    <defName>Elephant</defName>
    <label>elephant</label>
    <devNote>cow-1</devNote>
    <description>The largest unmodified land animal. Elephants has a long trunk they use to manipulate objects, and sharp tusks they use to gore attackers. A dead elephant's valuable tusks can be recovered by butchering it.\n\nIntelligent creatures with complex social relationships, elephants can be used as pack animals or trained to carry out the most complex of tasks. They live a long time, and are known to remember events and relationships from many decades before.</description>
    <statBases>
      <MoveSpeed>4.8</MoveSpeed>
      <MarketValue>600</MarketValue>
      <ComfyTemperatureMin>-12</ComfyTemperatureMin>
      <ComfyTemperatureMax>50</ComfyTemperatureMax>
      <FilthRate>24</FilthRate>
      <CaravanRidingSpeedFactor>1.3</CaravanRidingSpeedFactor>
    </statBases>
    <tools>
      <li>
        <label>tusk</label>
        <capacities>
          <li>Scratch</li>
          <li>Stab</li>
        </capacities>
        <power>25</power>
        <cooldownTime>2.6</cooldownTime>
        <linkedBodyPartsGroup>TuskAttackTool</linkedBodyPartsGroup>
      </li>
      <li>
        <label>left foot</label>
        <labelNoLocation>foot</labelNoLocation>
        <capacities>
          <li>Blunt</li>
        </capacities>
        <power>16.9</power>
        <cooldownTime>2</cooldownTime>
        <linkedBodyPartsGroup>FrontLeftLeg</linkedBodyPartsGroup>
      </li>
      <li>
        <label>right foot</label>
        <labelNoLocation>foot</labelNoLocation>
        <capacities>
          <li>Blunt</li>
        </capacities>
        <power>16.9</power>
        <cooldownTime>2</cooldownTime>
        <linkedBodyPartsGroup>FrontRightLeg</linkedBodyPartsGroup>
      </li>
      <li>
        <label>head</label>
        <capacities>
          <li>Blunt</li>
        </capacities>
        <power>14</power>
        <cooldownTime>2</cooldownTime>
        <linkedBodyPartsGroup>HeadAttackTool</linkedBodyPartsGroup>
        <ensureLinkedBodyPartsGroupAlwaysUsable>true</ensureLinkedBodyPartsGroupAlwaysUsable>
        <chanceFactor>0.2</chanceFactor>
      </li>
    </tools>
    <race>
      <herdAnimal>true</herdAnimal>
      <body>QuadrupedAnimalWithHoovesTusksAndTrunk</body>
      <baseHungerRate>1.605</baseHungerRate>
      <baseBodySize>4.0</baseBodySize>
      <baseHealthScale>3.6</baseHealthScale>
      <foodType>VegetarianRoughAnimal</foodType>
      <leatherDef>Leather_Elephant</leatherDef>
      <gestationPeriodDays>13.32</gestationPeriodDays>
      <wildness>0.75</wildness>
      <trainability>Advanced</trainability>
      <lifeExpectancy>50</lifeExpectancy>
      <packAnimal>true</packAnimal>
      <manhunterOnDamageChance>0.50</manhunterOnDamageChance>
      <lifeStageAges>
        <li>
          <def>AnimalBaby</def>
          <minAge>0</minAge>
        </li>
        <li>
          <def>AnimalJuvenile</def>
          <minAge>0.3</minAge>
        </li>
        <li>
          <def>AnimalAdult</def>
          <minAge>0.666</minAge>
          <soundWounded>Pawn_Elephant_Injured</soundWounded>
          <soundDeath>Pawn_Elephant_Dead</soundDeath>
          <soundCall>Pawn_Elephant_Call</soundCall>
          <soundAngry>Pawn_Elephant_Angry</soundAngry>
        </li>
      </lifeStageAges>
      <soundMeleeHitPawn>Pawn_Melee_BigBash_HitPawn</soundMeleeHitPawn>
      <soundMeleeHitBuilding>Pawn_Melee_BigBash_HitBuilding</soundMeleeHitBuilding>
      <soundMeleeMiss>Pawn_Melee_BigBash_Miss</soundMeleeMiss>
      <soundEating>Herbivore_Eat</soundEating>
      <headPosPerRotation>
        <li>(0.0, 0, 0.2)</li>
        <li>(0.23, 0, 0.11)</li>
        <li>(0, 0, 0)</li>
        <li>(-0.23, 0, 0.11)</li>
      </headPosPerRotation>
    </race>
    <tradeTags>
      <li>AnimalUncommon</li>
    </tradeTags>
  </ThingDef>
  <PawnKindDef ParentName="AnimalKindBase">
    <defName>Elephant</defName>
    <label>elephant</label>
    <race>Elephant</race>
    <combatPower>260</combatPower>
    <ecoSystemWeight>2.0</ecoSystemWeight>
    <wildGroupSize>3~7</wildGroupSize>
    <lifeStages>
      <li>
        <label>elephant calf</label>
        <bodyGraphicData>
          <texPath>Things/Pawn/Animal/Elephant/Elephant</texPath>
          <color>(130,126,119)</color>
          <drawSize>1.8</drawSize>
          <shadowData>
            <volume>(0.4, 0.3, 0.3)</volume>
            <offset>(0,0,-0.2)</offset>
          </shadowData>
        </bodyGraphicData>
        <dessicatedBodyGraphicData>
          <texPath>Things/Pawn/Animal/Elephant/Dessicated_Elephant</texPath>
          <drawSize>1.8</drawSize>
        </dessicatedBodyGraphicData>
      </li>
      <li>
        <bodyGraphicData>
          <texPath>Things/Pawn/Animal/Elephant/Elephant</texPath>
          <color>(130,126,119)</color>
          <drawSize>2.6</drawSize>
          <shadowData>
            <volume>(0.6, 0.45, 0.45)</volume>
            <offset>(0,0,-0.25)</offset>
          </shadowData>
        </bodyGraphicData>
        <dessicatedBodyGraphicData>
          <texPath>Things/Pawn/Animal/Elephant/Dessicated_Elephant</texPath>
          <drawSize>2.6</drawSize>
        </dessicatedBodyGraphicData>
      </li>
      <li>
        <bodyGraphicData>
          <texPath>Things/Pawn/Animal/Elephant/Elephant</texPath>
          <color>(130,126,119)</color>
          <drawSize>3.8</drawSize>
          <shadowData>
            <volume>(0.8, 0.6, 0.6)</volume>
            <offset>(0,0,-0.3)</offset>
          </shadowData>
        </bodyGraphicData>
        <dessicatedBodyGraphicData>
          <texPath>Things/Pawn/Animal/Elephant/Dessicated_Elephant</texPath>
          <drawSize>3.8</drawSize>
        </dessicatedBodyGraphicData>
        <butcherBodyPart>
          <bodyPartGroup>TuskAttackTool</bodyPartGroup>
          <thing>ElephantTusk</thing>
        </butcherBodyPart>
      </li>
    </lifeStages>
  </PawnKindDef>

  <!-- ========================================================= -->

  <ThingDef ParentName="AnimalThingBase">
    <defName>Rhinoceros</defName>
    <label>rhinoceros</label>
    <devNote>cow-1</devNote>
    <description>Despite being herbivorous, this large mammal is very easy to enrage. Once angered, its massive strength and sharp horn make it a brutal opponent. It has more muscle in one leg than most humans do in their whole body.</description>
    <statBases>
      <MoveSpeed>5.0</MoveSpeed>
      <MarketValue>700</MarketValue>
      <ComfyTemperatureMin>-8</ComfyTemperatureMin>
      <FilthRate>20</FilthRate>
    </statBases>
    <tools>
      <li>
        <label>horn</label>
        <capacities>
          <li>Scratch</li>
        </capacities>
        <power>19</power>
        <cooldownTime>2</cooldownTime>
        <linkedBodyPartsGroup>HornAttackTool</linkedBodyPartsGroup>
      </li>
      <li>
        <label>horn</label>
        <capacities>
          <li>Blunt</li>
        </capacities>
        <power>19</power>
        <cooldownTime>2</cooldownTime>
        <linkedBodyPartsGroup>HornAttackTool</linkedBodyPartsGroup>
      </li>
      <li>
        <capacities>
          <li>Bite</li>
        </capacities>
        <power>19</power>
        <cooldownTime>2.6</cooldownTime>
        <linkedBodyPartsGroup>Teeth</linkedBodyPartsGroup>
        <chanceFactor>0.7</chanceFactor>
      </li>
      <li>
        <label>head</label>
        <capacities>
          <li>Blunt</li>
        </capacities>
        <power>15</power>
        <cooldownTime>2</cooldownTime>
        <linkedBodyPartsGroup>HeadAttackTool</linkedBodyPartsGroup>
        <ensureLinkedBodyPartsGroupAlwaysUsable>true</ensureLinkedBodyPartsGroupAlwaysUsable>
        <chanceFactor>0.2</chanceFactor>
      </li>
    </tools>
    <race>
      <body>QuadrupedAnimalWithHoovesAndHorn</body>
      <baseHungerRate>1.07</baseHungerRate>
      <baseBodySize>3.0</baseBodySize>
      <baseHealthScale>3.5</baseHealthScale>
      <foodType>VegetarianRoughAnimal</foodType>
      <leatherDef>Leather_Rhinoceros</leatherDef>
      <wildness>0.90</wildness>
      <trainability>Intermediate</trainability>
      <manhunterOnTameFailChance>0.30</manhunterOnTameFailChance>
      <manhunterOnDamageChance>0.50</manhunterOnDamageChance>
      <gestationPeriodDays>13.32</gestationPeriodDays>
      <nameOnTameChance>1</nameOnTameChance>
      <lifeExpectancy>45</lifeExpectancy>
      <herdAnimal>true</herdAnimal>
      <lifeStageAges>
        <li>
          <def>AnimalBaby</def>
          <minAge>0</minAge>
        </li>
        <li>
          <def>AnimalJuvenile</def>
          <minAge>0.3</minAge>
        </li>
        <li>
          <def>AnimalAdult</def>
          <minAge>0.55</minAge>
          <soundWounded>Pawn_Rhinoceros_Wounded</soundWounded>
          <soundDeath>Pawn_Rhinoceros_Death</soundDeath>
          <soundCall>Pawn_Rhinoceros_Call</soundCall>
          <soundAngry>Pawn_Rhinoceros_Angry</soundAngry>
        </li>
      </lifeStageAges>
      <soundMeleeHitPawn>Pawn_Melee_BigBash_HitPawn</soundMeleeHitPawn>
      <soundMeleeHitBuilding>Pawn_Melee_BigBash_HitBuilding</soundMeleeHitBuilding>
      <soundMeleeMiss>Pawn_Melee_BigBash_Miss</soundMeleeMiss>
      <soundEating>Herbivore_Eat</soundEating>
      <headPosPerRotation>
        <li>(-0.02, 0, 0.1)</li>
        <li>(0.28, 0, 0.02)</li>
        <li>(0.0, 0, 0.02)</li>
        <li>(-0.28, 0, 0.02)</li>
      </headPosPerRotation>
    </race>
    <tradeTags>
      <li>AnimalUncommon</li>
      <li>AnimalFighter</li>
    </tradeTags>
  </ThingDef>

  <PawnKindDef ParentName="AnimalKindBase">
    <defName>Rhinoceros</defName>
    <label>rhinoceros</label>
    <labelPlural>rhinoceroses</labelPlural>
    <race>Rhinoceros</race>
    <combatPower>270</combatPower>
    <ecoSystemWeight>1.5</ecoSystemWeight>
    <wildGroupSize>1~4</wildGroupSize>
    <lifeStages>
      <li>
        <bodyGraphicData>
          <texPath>Things/Pawn/Animal/Rhino/Rhino</texPath>
          <drawSize>1.5</drawSize>
          <shadowData>
            <volume>(0.475, 0.2, 0.3)</volume>
            <offset>(0,0,-0.2)</offset>
          </shadowData>
        </bodyGraphicData>
        <dessicatedBodyGraphicData>
          <texPath>Things/Pawn/Animal/Rhino/Dessicated_Rhino</texPath>
          <drawSize>1.5</drawSize>
        </dessicatedBodyGraphicData>
      </li>
      <li>
        <bodyGraphicData>
          <texPath>Things/Pawn/Animal/Rhino/Rhino</texPath>
          <drawSize>2.25</drawSize>
          <shadowData>
            <volume>(0.72, 0.3, 0.45)</volume>
            <offset>(0,0,-0.25)</offset>
          </shadowData>
        </bodyGraphicData>
        <dessicatedBodyGraphicData>
          <texPath>Things/Pawn/Animal/Rhino/Dessicated_Rhino</texPath>
          <drawSize>2.25</drawSize>
        </dessicatedBodyGraphicData>
      </li>
      <li>
        <bodyGraphicData>
          <texPath>Things/Pawn/Animal/Rhino/Rhino</texPath>
          <drawSize>3</drawSize>
          <shadowData>
            <volume>(0.95, 0.4, 0.6)</volume>
            <offset>(0,0,-0.3)</offset>
          </shadowData>
        </bodyGraphicData>
        <dessicatedBodyGraphicData>
          <texPath>Things/Pawn/Animal/Rhino/Dessicated_Rhino</texPath>
          <drawSize>3</drawSize>
        </dessicatedBodyGraphicData>
      </li>
    </lifeStages>
  </PawnKindDef>

</Defs>