﻿<?xml version="1.0" encoding="utf-8" ?>
<Defs>

  <ThingDef Name="BasePawn" Abstract="True">
    <thingClass>Pawn</thingClass>
    <category>Pawn</category>
    <selectable>true</selectable>
    <containedPawnsSelectable>true</containedPawnsSelectable>
    <containedItemsSelectable>true</containedItemsSelectable>
    <tickerType>Normal</tickerType>
    <altitudeLayer>Pawn</altitudeLayer>
    <useHitPoints>false</useHitPoints>
    <hasTooltip>true</hasTooltip>
    <soundImpactDefault>BulletImpact_Flesh</soundImpactDefault>
    <drawHighlight>true</drawHighlight>
    <statBases>
      <Mass>60</Mass>
      <Flammability>0.7</Flammability>
    </statBases>
    <race>
      <renderTree>Misc</renderTree>
    </race>
    <inspectorTabs>
      <li>ITab_Pawn_Health</li>
      <li>ITab_Pawn_Needs</li>
      <li>ITab_Pawn_Character</li>
      <li>ITab_Pawn_Training</li>
      <li>ITab_Pawn_Social</li>
      <li>ITab_Pawn_Guest</li>
      <li>ITab_Pawn_Prisoner</li>
      <li MayRequire="Ludeon.RimWorld.Ideology">ITab_Pawn_Slave</li>
      <li MayRequire="Ludeon.RimWorld.Biotech">ITab_Pawn_Feeding</li>
      <li MayRequire="Ludeon.RimWorld.Biotech">ITab_Genes</li>
      <li MayRequire="Ludeon.RimWorld.Biotech">ITab_GenesPregnancy</li>
      <li MayRequire="Ludeon.RimWorld.Anomaly">ITab_Entity</li>
      <li>ITab_Pawn_FormingCaravan</li>
      <li>ITab_Pawn_Gear</li>
      <li>ITab_Pawn_Log</li>
    </inspectorTabs>
    <comps>
      <li>
        <compClass>CompAttachBase</compClass>
      </li>
    </comps>
    <drawGUIOverlay>true</drawGUIOverlay>
  </ThingDef>

  <ThingDef ParentName="BasePawn" Name="AnimalThingBase" Abstract="True">
    <statBases>
      <LeatherAmount>40</LeatherAmount>
      <ToxicResistance>0.5</ToxicResistance>
    </statBases>
    <race>
      <thinkTreeMain>Animal</thinkTreeMain>
      <thinkTreeConstant>AnimalConstant</thinkTreeConstant>
      <hasGenders>true</hasGenders>
      <nameGenerator>NamerAnimalGenericMale</nameGenerator>
      <nameGeneratorFemale>NamerAnimalGenericFemale</nameGeneratorFemale>
      <trainability>None</trainability>
      <bloodDef>Filth_Blood</bloodDef>
      <bloodSmearDef>Filth_BloodSmear</bloodSmearDef>
      <canBecomeShambler>true</canBecomeShambler>
      <renderTree>Animal</renderTree>
      <hediffGiverSets>
        <li>OrganicStandard</li>
      </hediffGiverSets>
    </race>
    <thingCategories>
      <li>Animals</li>
    </thingCategories>
    <recipes>
      <li>ExciseCarcinoma</li>
      <li>AdministerMechSerumHealer</li>
      <li>RemoveBodyPart</li>
      <li>Euthanize</li>
      <li>Anesthetize</li>
      <li>CureScaria</li>
      <li>Sterilize</li>
      <li MayRequire="Ludeon.RimWorld.Royalty">CureBloodRot</li>
      <li MayRequire="Ludeon.RimWorld.Biotech">TerminatePregnancy</li>
      <li MayRequire="Ludeon.RimWorld.Anomaly">SurgicalInspection</li>
    </recipes>
    <comps>
      <!-- For shambler animals -->
      <li Class="CompProperties_HoldingPlatformTarget" MayRequire="Ludeon.RimWorld.Anomaly">
        <baseEscapeIntervalMtbDays>120</baseEscapeIntervalMtbDays>
        <getsColdContainmentBonus>true</getsColdContainmentBonus>
      </li>
      <li MayRequire="Ludeon.RimWorld.Anomaly" Class="CompProperties_Studiable">
        <frequencyTicks>120000</frequencyTicks>
        <knowledgeCategory MayRequire="Ludeon.RimWorld.Anomaly">Basic</knowledgeCategory>
        <anomalyKnowledge>1</anomalyKnowledge>
        <requiresImprisonment>true</requiresImprisonment>
        <minMonolithLevelForStudy>1</minMonolithLevelForStudy>
      </li>
    </comps>
  </ThingDef>

  <PawnKindDef Name="AnimalKindBase" Abstract="True">
  </PawnKindDef>
  
</Defs>
