﻿<?xml version="1.0" encoding="utf-8" ?>
<Defs>


  <ThingDef ParentName="AnimalThingBase">
    <defName>Warg</defName>
    <label>warg</label>
    <devNote>warg</devNote>
    <description>Heavily-muscled wolf-like creatures with vicious unnatural claws and an absurdly powerful bite. They will only eat meat or corpses. If disturbed in the wild, they are very likely to attack.\n\nScientists say wargs are the descendants of weaponized military animals created for population suppression. The superstitious see them as the tools of an angry god.</description>
    <statBases>
      <MoveSpeed>5.0</MoveSpeed>
      <MarketValue>450</MarketValue>
      <ComfyTemperatureMin>-40</ComfyTemperatureMin>
      <FilthRate>2</FilthRate>
      <ToxicEnvironmentResistance MayRequire="Ludeon.RimWorld.Biotech">0.8</ToxicEnvironmentResistance>
    </statBases>
    <race>
      <animalType>Canine</animalType>
      <body>QuadrupedAnimalWithPawsAndTail</body>
      <predator>true</predator>
      <petness>0.5</petness>
      <baseBodySize>1.4</baseBodySize>
      <baseHungerRate>0.25</baseHungerRate>
      <baseHealthScale>1.4</baseHealthScale>
      <maxPreyBodySize>2.3</maxPreyBodySize>
      <foodType>CarnivoreAnimalStrict</foodType>
      <leatherDef>Leather_Wolf</leatherDef>
      <gestationPeriodDays>10</gestationPeriodDays>
      <nameOnTameChance>1</nameOnTameChance>
      <trainability>Intermediate</trainability>
      <wildness>0.60</wildness>
      <manhunterOnTameFailChance>0.40</manhunterOnTameFailChance>
      <manhunterOnDamageChance>1.00</manhunterOnDamageChance>
      <litterSizeCurve>
        <points>
          <li>(0.5, 0)</li>
          <li>(1, 1)</li>
          <li>(2, 1.7)</li>
          <li>(2.5, 0.7)</li>
          <li>(3, 0)</li>
        </points>
      </litterSizeCurve>
      <lifeExpectancy>15</lifeExpectancy>
      <lifeStageAges>
        <li>
          <def>AnimalBaby</def>
          <minAge>0</minAge>
        </li>
        <li>
          <def>AnimalJuvenile</def>
          <minAge>0.2</minAge>
        </li>
        <li>
          <def>AnimalAdult</def>
          <minAge>0.5</minAge>
          <soundWounded>Pawn_Warg_Wounded</soundWounded>
          <soundDeath>Pawn_Warg_Death</soundDeath>
          <soundCall>Pawn_Warg_Call</soundCall>
          <soundAngry>Pawn_Warg_Angry</soundAngry>
        </li>
      </lifeStageAges>
      <soundMeleeHitPawn>Pawn_Melee_SmallScratch_HitPawn</soundMeleeHitPawn>
      <soundMeleeHitBuilding>Pawn_Melee_SmallScratch_HitBuilding</soundMeleeHitBuilding>
      <soundMeleeMiss>Pawn_Melee_SmallScratch_Miss</soundMeleeMiss>
      <soundEating>PredatorLarge_Eat</soundEating>
      <headPosPerRotation>
        <li>(0.0, 0, 0.2)</li>
        <li>(0.3, 0, 0.03)</li>
        <li>(0.0, 0, -0.16)</li>
        <li>(-0.3, 0, 0.03)</li>
      </headPosPerRotation>
    </race>
    <tradeTags>
      <li>AnimalUncommon</li>
      <li>AnimalFighter</li>
    </tradeTags>
    <tools>
      <li>
        <label>left claw</label>
        <labelNoLocation>claw</labelNoLocation>
        <capacities>
          <li>Scratch</li>
        </capacities>
        <power>13</power>
        <cooldownTime>1.5</cooldownTime>
        <linkedBodyPartsGroup>FrontLeftPaw</linkedBodyPartsGroup>
        <surpriseAttack>
          <extraMeleeDamages>
            <li>
              <def>Stun</def>
              <amount>14</amount>
            </li>
          </extraMeleeDamages>
        </surpriseAttack>
      </li>
      <li>
        <label>right claw</label>
        <labelNoLocation>claw</labelNoLocation>
        <capacities>
          <li>Scratch</li>
        </capacities>
        <power>13</power>
        <cooldownTime>1.5</cooldownTime>
        <linkedBodyPartsGroup>FrontRightPaw</linkedBodyPartsGroup>
        <surpriseAttack>
          <extraMeleeDamages>
            <li>
              <def>Stun</def>
              <amount>14</amount>
            </li>
          </extraMeleeDamages>
        </surpriseAttack>
      </li>
      <li>
        <label>razorfangs</label>
        <capacities>
          <li>Bite</li>
        </capacities>
        <power>15</power>
        <cooldownTime>2</cooldownTime>
        <linkedBodyPartsGroup>Teeth</linkedBodyPartsGroup>
        <chanceFactor>0.9</chanceFactor>
        <surpriseAttack>
          <extraMeleeDamages>
            <li>
              <def>Stun</def>
              <amount>14</amount>
            </li>
          </extraMeleeDamages>
        </surpriseAttack>
      </li>
      <li>
        <label>head</label>
        <capacities>
          <li>Blunt</li>
        </capacities>
        <power>5</power>
        <cooldownTime>2</cooldownTime>
        <linkedBodyPartsGroup>HeadAttackTool</linkedBodyPartsGroup>
        <ensureLinkedBodyPartsGroupAlwaysUsable>true</ensureLinkedBodyPartsGroupAlwaysUsable>
        <chanceFactor>0.2</chanceFactor>
      </li>
    </tools>
  </ThingDef>
  
  <PawnKindDef ParentName="AnimalKindBase">
    <defName>Warg</defName>
    <label>warg</label>
    <race>Warg</race>
    <combatPower>160</combatPower>
    <ecoSystemWeight>0.5</ecoSystemWeight>
    <lifeStages>
      <li>
        <label>warg puppy</label>
        <labelPlural>warg puppies</labelPlural>
        <bodyGraphicData>
          <texPath>Things/Pawn/Animal/Warg/Warg</texPath>
          <drawSize>1.05</drawSize>
          <color>(123,104,89)</color>
        </bodyGraphicData>
        <dessicatedBodyGraphicData>
          <texPath>Things/Pawn/Animal/Warg/Dessicated_Warg</texPath>
          <drawSize>1.05</drawSize>
        </dessicatedBodyGraphicData>
      </li>
      <li>
        <bodyGraphicData>
          <texPath>Things/Pawn/Animal/Warg/Warg</texPath>
          <drawSize>1.7</drawSize>
          <color>(123,104,89)</color>
          <shadowData>
            <volume>(0.25, 0.3, 0.25)</volume>
            <offset>(0,0,-0.15)</offset>
          </shadowData>
        </bodyGraphicData>
        <dessicatedBodyGraphicData>
          <texPath>Things/Pawn/Animal/Warg/Dessicated_Warg</texPath>
          <drawSize>1.7</drawSize>
        </dessicatedBodyGraphicData>
      </li>
      <li>
        <bodyGraphicData>
          <texPath>Things/Pawn/Animal/Warg/Warg</texPath>
          <drawSize>2.15</drawSize>
          <color>(123,104,89)</color>
          <shadowData>
            <volume>(0.3, 0.4, 0.3)</volume>
            <offset>(0,0,-0.15)</offset>
          </shadowData>
        </bodyGraphicData>
        <dessicatedBodyGraphicData>
          <texPath>Things/Pawn/Animal/Warg/Dessicated_Warg</texPath>
          <drawSize>2.15</drawSize>
        </dessicatedBodyGraphicData>
      </li>
    </lifeStages>
  </PawnKindDef>

</Defs>