﻿<?xml version="1.0" encoding="utf-8" ?>
<Defs>

  <TerrainDef ParentName="TileStoneBase">
    <defName>TileVacstone</defName>
    <label>vacstone tile</label>
    <color>(115,106,98)</color>
    <costList>
      <BlocksVacstone>4</BlocksVacstone>
    </costList>
  </TerrainDef>

  <TerrainDef ParentName="FlagstoneBase">
    <defName>FlagstoneVacstone</defName>
    <label>vacstone flagstone</label>
    <color>(115,106,98)</color>
    <costList>
      <BlocksVacstone>4</BlocksVacstone>
  </costList>
  </TerrainDef>
  
</Defs>
