﻿<?xml version="1.0" encoding="utf-8" ?>
<Defs>
  
  <!-- Generic prefabs -->

  <PrefabDef>
    <defName>TableWithStools_1x2</defName>
    <rotations>North</rotations>
    <size>(3,2)</size>
    <things>
      <Table1x2c>
        <position>(1,0,0)</position>
        <stuff>Steel</stuff>
      </Table1x2c>
      <Stool>
        <chance>0.66</chance>
        <positions>
          <li>(0, 0, 0)</li>
          <li>(2, 0, 0)</li>
          <li>(0, 0, 1)</li>
          <li>(2, 0, 1)</li>
        </positions>
        <relativeRotation>Clockwise</relativeRotation>
        <stuff>Steel</stuff>
      </Stool>
    </things>
  </PrefabDef>

  <PrefabDef>
    <defName>TableWithStools_2x2</defName>
    <size>(3,4)</size>
    <things>
      <Stool>
        <chance>0.66</chance>
        <positions>
          <li>(1, 0, 0)</li>
          <li>(2, 0, 0)</li>
          <li>(1, 0, 3)</li>
          <li>(2, 0, 3)</li>
        </positions>
        <stuff>Steel</stuff>
      </Stool>
      <Stool>
        <positions>
          <li>(0, 0, 1)</li>
          <li>(0, 0, 2)</li>
        </positions>
        <relativeRotation>Counterclockwise</relativeRotation>
        <stuff>Steel</stuff>
      </Stool>
      <Table2x2c>
        <position>(1,0,1)</position>
        <stuff>Steel</stuff>
      </Table2x2c>
    </things>
  </PrefabDef>

  <PrefabDef>
    <defName>TableWithStools_2x4</defName>
    <rotations>North</rotations>
    <size>(4,4)</size>
    <things>
      <Stool>
        <chance>0.3</chance>
        <rects>
          <li>(0,0,0,3)</li>
          <li>(3,0,3,3)</li>
        </rects>
        <relativeRotation>Counterclockwise</relativeRotation>
        <stuff>Steel</stuff>
      </Stool>
      <Table2x4c>
        <position>(1,0,1)</position>
        <stuff>Steel</stuff>
      </Table2x4c>
    </things>
  </PrefabDef>

  <PrefabDef>
    <defName>AncientLockers_Row</defName>
    <edgeOnly>true</edgeOnly>
    <size>(4,1)</size>
    <things>
      <AncientLockers>
        <chance>0.9</chance>
        <positions>
          <li>(0, 0, 0)</li>
          <li>(1, 0, 0)</li>
          <li>(2, 0, 0)</li>
          <li>(3, 0, 0)</li>
        </positions>
        <relativeRotation>Opposite</relativeRotation>
      </AncientLockers>
    </things>
  </PrefabDef>

  <PrefabDef>
    <defName>TVWithArmchairs</defName>
    <edgeOnly>true</edgeOnly>
    <size>(3,3)</size>
    <things>
      <AncientTV>
        <position>(1,0,2)</position>
        <relativeRotation>Opposite</relativeRotation>
      </AncientTV>
      <AncientArmchair>
        <chance>0.35</chance>
        <positions>
          <li>(0, 0, 0)</li>
          <li>(2, 0, 0)</li>
        </positions>
      </AncientArmchair>
    </things>
  </PrefabDef>

  <PrefabDef>
    <defName>AncientSimpleResearchBench</defName>
    <edgeOnly>true</edgeOnly>
    <size>(3,3)</size>
    <things>
      <AncientSimpleResearchBench>
        <position>(1,0,1)</position>
      </AncientSimpleResearchBench>
      <Stool>
        <chance>0.75</chance>
        <position>(1,0,0)</position>
        <stuff>Steel</stuff>
      </Stool>
    </things>
  </PrefabDef>

  <PrefabDef>
    <defName>MiningCharge_Cluster</defName>
    <size>(3,3)</size>
    <things>
      <AncientMiningCharge>
        <chance>0.5</chance>
        <positions>
          <li>(0, 0, 0)</li>
          <li>(1, 0, 0)</li>
          <li>(2, 0, 0)</li>
          <li>(0, 0, 1)</li>
          <li>(0, 0, 2)</li>
        </positions>
      </AncientMiningCharge>
      <AncientExplosivesCrate>
        <position>(1,0,1)</position>
      </AncientExplosivesCrate>
    </things>
  </PrefabDef>

  <PrefabDef>
    <defName>AncientBasicRecharger_Rows</defName>
    <size>(6,3)</size>
    <things>
      <AncientFortifiedWall>
        <chance>0.95</chance>
        <positions>
          <li>(0, 0, 1)</li>
          <li>(1, 0, 1)</li>
          <li>(2, 0, 1)</li>
          <li>(3, 0, 1)</li>
          <li>(4, 0, 1)</li>
          <li>(5, 0, 1)</li>
        </positions>
      </AncientFortifiedWall>
      <AncientBasicRecharger>
        <chance>0.85</chance>
        <positions>
          <li>(1, 0, 0)</li>
          <li>(4, 0, 0)</li>
        </positions>
        <relativeRotation>Opposite</relativeRotation>
      </AncientBasicRecharger>
      <AncientBasicRecharger>
        <chance>0.85</chance>
        <positions>
          <li>(1, 0, 2)</li>
          <li>(4, 0, 2)</li>
        </positions>
      </AncientBasicRecharger>
    </things>
  </PrefabDef>

  <PrefabDef>
    <defName>AncientSecurityTerminal</defName>
    <edgeOnly>true</edgeOnly>
    <size>(1,1)</size>
    <things>
      <AncientSecurityTerminal>
        <relativeRotation>Opposite</relativeRotation>
      </AncientSecurityTerminal>
    </things>
  </PrefabDef>

  <PrefabDef>
    <defName>AncientFortifiedWall_Pillar3x3</defName>
    <size>(5,5)</size>
    <things>
      <AncientFortifiedWall>
        <positions>
          <li>(1, 0, 1)</li>
          <li>(2, 0, 1)</li>
          <li>(3, 0, 1)</li>
          <li>(1, 0, 2)</li>
          <li>(2, 0, 2)</li>
          <li>(3, 0, 2)</li>
          <li>(1, 0, 3)</li>
          <li>(2, 0, 3)</li>
          <li>(3, 0, 3)</li>
        </positions>
      </AncientFortifiedWall>
    </things>
  </PrefabDef>

  <PrefabDef>
    <defName>AncientFortifiedWall_PillarGroup</defName>
    <size>(3,3)</size>
    <things>
      <AncientFortifiedWall>
        <positions>
          <li>(0, 0, 0)</li>
          <li>(2, 0, 0)</li>
          <li>(0, 0, 2)</li>
          <li>(2, 0, 2)</li>
        </positions>
      </AncientFortifiedWall>
    </things>
  </PrefabDef>

  <PrefabDef>
    <defName>AncientFortifiedWall_LargeCorner</defName>
    <size>(7,7)</size>
    <things>
      <AncientFortifiedWall>
        <positions>
          <li>(0, 0, 0)</li>
          <li>(1, 0, 0)</li>
          <li>(2, 0, 0)</li>
          <li>(3, 0, 0)</li>
          <li>(4, 0, 0)</li>
          <li>(5, 0, 0)</li>
          <li>(0, 0, 1)</li>
          <li>(1, 0, 1)</li>
          <li>(2, 0, 1)</li>
          <li>(3, 0, 1)</li>
          <li>(4, 0, 1)</li>
          <li>(5, 0, 1)</li>
          <li>(6, 0, 1)</li>
          <li>(0, 0, 2)</li>
          <li>(1, 0, 2)</li>
          <li>(2, 0, 2)</li>
          <li>(3, 0, 2)</li>
          <li>(4, 0, 2)</li>
          <li>(5, 0, 2)</li>
          <li>(6, 0, 2)</li>
          <li>(3, 0, 3)</li>
          <li>(4, 0, 3)</li>
          <li>(5, 0, 3)</li>
          <li>(6, 0, 3)</li>
          <li>(4, 0, 4)</li>
          <li>(5, 0, 4)</li>
          <li>(6, 0, 4)</li>
          <li>(4, 0, 5)</li>
          <li>(5, 0, 5)</li>
          <li>(6, 0, 5)</li>
          <li>(4, 0, 6)</li>
          <li>(5, 0, 6)</li>
          <li>(6, 0, 6)</li>
        </positions>
      </AncientFortifiedWall>
    </things>
  </PrefabDef>

  <PrefabDef>
    <defName>AncientSingleBeds_Edge</defName>
    <edgeOnly>true</edgeOnly>
    <size>(3,2)</size>
    <things>
      <AncientSingleBed>
        <positions>
          <li>(0, 0, 1)</li>
          <li>(2, 0, 1)</li>
        </positions>
        <relativeRotation>Opposite</relativeRotation>
      </AncientSingleBed>
      <AncientFortifiedWall>
        <positions>
          <li>(1, 0, 0)</li>
          <li>(1, 0, 1)</li>
        </positions>
      </AncientFortifiedWall>
    </things>
  </PrefabDef>

  <PrefabDef>
    <defName>AncientBed_Rows</defName>
    <rotations>North</rotations>
    <size>(5,4)</size>
    <things>
      <AncientBed>
        <positions>
          <li>(0, 0, 0)</li>
          <li>(2, 0, 0)</li>
          <li>(4, 0, 0)</li>
          <li>(0, 0, 2)</li>
          <li>(2, 0, 2)</li>
          <li>(4, 0, 2)</li>
        </positions>
      </AncientBed>
    </things>
  </PrefabDef>

  <PrefabDef>
    <defName>AncientBedRooms_Edge</defName>
    <size>(4,3)</size>
    <edgeOnly>true</edgeOnly>
    <things>
      <AncientSingleBed>
        <positions>
          <li>(1, 0, 2)</li>
          <li>(3, 0, 2)</li>
        </positions>
        <relativeRotation>Opposite</relativeRotation>
      </AncientSingleBed>
      <AncientFortifiedWall>
        <positions>
          <li>(1, 0, 0)</li>
          <li>(2, 0, 0)</li>
          <li>(3, 0, 0)</li>
          <li>(2, 0, 1)</li>
          <li>(2, 0, 2)</li>
        </positions>
      </AncientFortifiedWall>
      <EndTable>
        <chance>0.75</chance>
        <positions>
          <li>(0, 0, 2)</li>
        </positions>
        <relativeRotation>Opposite</relativeRotation>
        <stuff>Steel</stuff>
      </EndTable>
    </things>
  </PrefabDef>

  <PrefabDef>
    <defName>BathtubWithStool</defName>
    <size>(2,2)</size>
    <things>
      <AncientBathtub>
        <position>(0,0,1)</position>
        <relativeRotation>Opposite</relativeRotation>
      </AncientBathtub>
      <Stool>
        <chance>0.75</chance>
        <position>(1,0,1)</position>
        <stuff>WoodLog</stuff>
      </Stool>
    </things>
  </PrefabDef>

  <PrefabDef>
    <defName>RubblePile_Cluster</defName>
    <size>(3,3)</size>
    <things>
      <RubblePile>
        <chance>0.5</chance>
        <positions>
          <li>(0, 0, 0)</li>
          <li>(1, 0, 0)</li>
          <li>(2, 0, 0)</li>
          <li>(0, 0, 1)</li>
          <li>(1, 0, 1)</li>
          <li>(2, 0, 1)</li>
          <li>(0, 0, 2)</li>
          <li>(1, 0, 2)</li>
          <li>(2, 0, 2)</li>
        </positions>
      </RubblePile>
    </things>
  </PrefabDef>

  <PrefabDef>
    <defName>CollapsedRocks_Cluster</defName>
    <size>(3,2)</size>
    <things>
      <CollapsedRocks>
        <chance>0.75</chance>
        <rects>
          <li>(0,0,1,1)</li>
          <li>(2,1,2,1)</li>
        </rects>
      </CollapsedRocks>
    </things>
  </PrefabDef>

  <PrefabDef>
    <defName>HydroponicsBasin_Cluster</defName>
    <size>(6,6)</size>
    <things>
      <HydroponicsBasin>
        <position>(2,0,0)</position>
        <relativeRotation>Counterclockwise</relativeRotation>
      </HydroponicsBasin>
      <HydroponicsBasin>
        <positions>
          <li>(4, 0, 1)</li>
          <li>(0, 0, 2)</li>
        </positions>
      </HydroponicsBasin>
      <HydroponicsBasin>
        <position>(2,0,4)</position>
        <relativeRotation>Clockwise</relativeRotation>
      </HydroponicsBasin>
      <SunLamp>
        <position>(2,0,2)</position>
      </SunLamp>
      <HiddenConduit>
        <positions>
          <li>(0, 0, 0)</li>
          <li>(1, 0, 0)</li>
          <li>(2, 0, 0)</li>
          <li>(3, 0, 0)</li>
          <li>(4, 0, 0)</li>
          <li>(0, 0, 1)</li>
          <li>(4, 0, 1)</li>
          <li>(0, 0, 2)</li>
          <li>(4, 0, 2)</li>
          <li>(0, 0, 3)</li>
          <li>(4, 0, 3)</li>
          <li>(0, 0, 4)</li>
          <li>(1, 0, 4)</li>
          <li>(2, 0, 4)</li>
          <li>(3, 0, 4)</li>
          <li>(4, 0, 4)</li>
          <li>(4, 0, 5)</li>
          <li>(2, 0, 2)</li>
          <li>(2, 0, 1)</li>
        </positions>
      </HiddenConduit>
      <AncientPlantPot>
        <chance>0.3</chance>
        <positions>
          <li>(1, 0, 1)</li>
          <li>(2, 0, 1)</li>
          <li>(3, 0, 1)</li>
          <li>(5, 0, 1)</li>
          <li>(1, 0, 2)</li>
          <li>(3, 0, 2)</li>
          <li>(1, 0, 3)</li>
          <li>(2, 0, 3)</li>
          <li>(3, 0, 3)</li>
          <li>(5, 0, 3)</li>
          <li>(1, 0, 5)</li>
          <li>(2, 0, 5)</li>
        </positions>
      </AncientPlantPot>
    </things>
  </PrefabDef>

  <!-- Loot -->

  <PrefabDef>
    <defName>AncientSealedCrate</defName>
    <size>(1,1)</size>
    <things>
      <AncientSealedCrate>
      </AncientSealedCrate>
    </things>
  </PrefabDef>

  <PrefabDef>
    <defName>AncientSealedCrate_Gravlite</defName>
    <size>(3,3)</size>
    <things>
      <AncientSpacerCrate>
        <chance>0.5</chance>
        <position>(2,0,0)</position>
      </AncientSpacerCrate>
      <AncientSealedCrate_Gravlite>
        <chance>0.85</chance>
        <positions>
          <li>(0, 0, 0)</li>
          <li>(1, 0, 1)</li>
          <li>(0, 0, 2)</li>
          <li>(2, 0, 2)</li>
        </positions>
      </AncientSealedCrate_Gravlite>
    </things>
  </PrefabDef>

  <PrefabDef>
    <defName>AncientSealedCrate_Shells</defName>
    <size>(4,2)</size>
    <things>
      <AncientSpacerCrate>
        <chance>0.75</chance>
        <rects>
          <li>(0,0,0,1)</li>
          <li>(2,0,2,1)</li>
        </rects>
      </AncientSpacerCrate>
      <AncientSealedCrate_Shells>
        <chance>0.75</chance>
        <rects>
          <li>(3,0,3,1)</li>
          <li>(1,1,1,1)</li>
        </rects>
      </AncientSealedCrate_Shells>
    </things>
  </PrefabDef>

  <PrefabDef>
    <defName>WoodenCratesWithSomeLoot</defName>
    <size>(3,2)</size>
    <things>
      <AncientWoodenCrate>
        <chance>0.8</chance>
        <positions>
          <li>(0, 0, 0)</li>
          <li>(1, 0, 0)</li>
          <li>(1, 0, 1)</li>
          <li>(2, 0, 1)</li>
        </positions>
      </AncientWoodenCrate>
      <AncientBox_SteelSlag>
        <chance>0.7</chance>
        <position>(2,0,0)</position>
      </AncientBox_SteelSlag>
      <AncientBox_ComponentIndustrial>
        <chance>0.25</chance>
        <position>(0,0,1)</position>
      </AncientBox_ComponentIndustrial>
    </things>
  </PrefabDef>

  <PrefabDef>
    <defName>AncientSteelPallet</defName>
    <size>(2,2)</size>
    <things>
      <AncientPallet_SteelSlag>
        <position>(0, 0, 0)</position>
      </AncientPallet_SteelSlag>
    </things>
  </PrefabDef>


  <PrefabDef>
    <defName>AncientCratesWithComponents</defName>
    <size>(2,2)</size>
    <things>
      <AncientLongCrate>
        <chance>0.5</chance>
        <positions>
          <li>(0, 0, 0)</li>
          <li>(1, 0, 0)</li>
          <li>(0, 0, 1)</li>
        </positions>
      </AncientLongCrate>
      <AncientBox_ComponentIndustrial>
        <chance>0.25</chance>
        <position>(1,0,1)</position>
      </AncientBox_ComponentIndustrial>
    </things>
  </PrefabDef>

  <PrefabDef>
    <defName>AncientSafe</defName>
    <size>(1,1)</size>
    <things>
      <AncientSafe>
        <chance>0.75</chance>
      </AncientSafe>
    </things>
  </PrefabDef>

  <PrefabDef>
    <defName>MedicinePallet</defName>
    <size>(2,2)</size>
    <things>
      <Pallet_Medicine>
        <chance>0.75</chance>
      </Pallet_Medicine>
    </things>
  </PrefabDef>

  <PrefabDef>
    <defName>SurvivalMealPallet</defName>
    <size>(2,2)</size>
    <things>
      <Pallet_SurvivalMeals>
        <chance>0.5</chance>
      </Pallet_SurvivalMeals>
    </things>
  </PrefabDef>

  <PrefabDef>
    <defName>AncientChemfuelCanister_Cluster</defName>
    <size>(2,2)</size>
    <things>
      <AncientChemfuelCanister>
        <chance>0.8</chance>
        <positions>
          <li>(0, 0, 0)</li>
          <li>(1, 0, 0)</li>
          <li>(0, 0, 1)</li>
          <li>(1, 0, 1)</li>
        </positions>
      </AncientChemfuelCanister>
    </things>
  </PrefabDef>

  <PrefabDef>
    <defName>AncientSealedContainer</defName>
    <size>(6,6)</size>
    <things>
      <AncientFortifiedWall>
        <positions>
          <li>(1, 0, 1)</li>
          <li>(4, 0, 1)</li>
          <li>(1, 0, 4)</li>
          <li>(4, 0, 4)</li>
        </positions>
      </AncientFortifiedWall>
      <AncientSpacerCrate>
        <chance>0.25</chance>
        <positions>
          <li>(2, 0, 0)</li>
          <li>(3, 0, 0)</li>
          <li>(2, 0, 1)</li>
          <li>(3, 0, 1)</li>
          <li>(0, 0, 2)</li>
          <li>(1, 0, 2)</li>
          <li>(4, 0, 2)</li>
          <li>(5, 0, 2)</li>
          <li>(1, 0, 3)</li>
          <li>(4, 0, 3)</li>
          <li>(5, 0, 3)</li>
          <li>(2, 0, 4)</li>
          <li>(3, 0, 4)</li>
          <li>(5, 0, 4)</li>
          <li>(3, 0, 5)</li>
        </positions>
      </AncientSpacerCrate>
      <AncientEmergencyLight_Blue>
        <position>(1,0,3)</position>
      </AncientEmergencyLight_Blue>
      <AncientSealedContainer>
        <position>(2,0,2)</position>
      </AncientSealedContainer>
    </things>
    <terrain>
      <Concrete>
        <rects>
          <li>(0,0,5,5)</li>
        </rects>
      </Concrete>
    </terrain>
  </PrefabDef>

  <PrefabDef>
    <defName>AncientSealedContainer_GravshipUpgrade</defName>
    <size>(6,6)</size>
    <things>
      <AncientFortifiedWall>
        <positions>
          <li>(1, 0, 1)</li>
          <li>(4, 0, 1)</li>
          <li>(1, 0, 4)</li>
          <li>(4, 0, 4)</li>
        </positions>
      </AncientFortifiedWall>
      <AncientSpacerCrate>
        <chance>0.25</chance>
        <positions>
          <li>(2, 0, 0)</li>
          <li>(3, 0, 0)</li>
          <li>(2, 0, 1)</li>
          <li>(3, 0, 1)</li>
          <li>(0, 0, 2)</li>
          <li>(1, 0, 2)</li>
          <li>(4, 0, 2)</li>
          <li>(5, 0, 2)</li>
          <li>(1, 0, 3)</li>
          <li>(4, 0, 3)</li>
          <li>(5, 0, 3)</li>
          <li>(2, 0, 4)</li>
          <li>(3, 0, 4)</li>
          <li>(5, 0, 4)</li>
          <li>(3, 0, 5)</li>
        </positions>
      </AncientSpacerCrate>
      <AncientSealedContainer_GravshipUpgrade>
        <chance>0.33</chance>
        <position>(2,0,2)</position>
      </AncientSealedContainer_GravshipUpgrade>
    </things>
    <terrain>
      <AncientTile>
        <rects>
          <li>(0,0,5,5)</li>
        </rects>
      </AncientTile>
    </terrain>
  </PrefabDef>

  <PrefabDef>
    <defName>AncientSpacerCrateWithComponentSpacer</defName>
    <size>(2,2)</size>
    <things>
      <AncientSpacerCrate>
        <chance>0.8</chance>
        <positions>
          <li>(0, 0, 0)</li>
          <li>(1, 0, 0)</li>
          <li>(0, 0, 1)</li>
        </positions>
      </AncientSpacerCrate>
      <AncientBox_ComponentSpacer>
        <chance>0.4</chance>
        <position>(1,0,1)</position>
      </AncientBox_ComponentSpacer>
    </things>
  </PrefabDef>

  <PrefabDef>
    <defName>MalfunctioningTransportPod</defName>
    <size>(1,1)</size>
    <things>
      <MalfunctioningTransportPod>
      </MalfunctioningTransportPod>
    </things>
  </PrefabDef>

  <PrefabDef>
    <defName>BiofuelRefinery_Cluster</defName>
    <size>(7,6)</size>
    <things>
      <Stool>
        <rects>
          <li>(1,0,1,0)</li>
          <li>(5,0,5,0)</li>
          <li>(1,3,1,3)</li>
          <li>(5,3,5,3)</li>
        </rects>
        <stuff>Steel</stuff>
      </Stool>
      <BiofuelRefinery>
        <positions>
          <li>(1, 0, 1)</li>
          <li>(5, 0, 1)</li>
          <li>(1, 0, 4)</li>
          <li>(5, 0, 4)</li>
        </positions>
      </BiofuelRefinery>
      <Wall>
        <rects>
          <li>(3,1,3,2)</li>
          <li>(3,4,3,5)</li>
        </rects>
        <stuff>BlocksLimestone</stuff>
      </Wall>
      <AncientEmergencyLight_Blue>
        <rects>
          <li>(3,0,3,0)</li>
          <li>(3,3,3,3)</li>
        </rects>
      </AncientEmergencyLight_Blue>
    </things>
  </PrefabDef>

  <PrefabDef>
    <defName>AncientTableMachining_Cluster</defName>
    <size>(7,4)</size>
    <things>
      <Stool>
        <chance>0.75</chance>
        <rects>
          <li>(1,0,1,0)</li>
          <li>(5,0,5,0)</li>
          <li>(1,2,1,2)</li>
          <li>(5,2,5,2)</li>
        </rects>
        <stuff>WoodLog</stuff>
      </Stool>
      <AncientTableMachining>
        <positions>
          <li>(1, 0, 1)</li>
          <li>(5, 0, 1)</li>
          <li>(1, 0, 3)</li>
          <li>(5, 0, 3)</li>
        </positions>
      </AncientTableMachining>
    </things>
  </PrefabDef>

  <PrefabDef>
    <defName>AncientLamp_Edge</defName>
    <edgeOnly>true</edgeOnly>
    <size>(1,1)</size>
    <things>
      <AncientLamp>
        <position>(0, 0, 0)</position>
      </AncientLamp>
    </things>
  </PrefabDef>

  <PrefabDef>
    <defName>AncientSingleBed</defName>
    <size>(2,2)</size>
    <edgeOnly>true</edgeOnly>
    <things>
      <AncientSingleBed>
        <position>(0, 0, 1)</position>
        <relativeRotation>Opposite</relativeRotation>
      </AncientSingleBed>
      <EndTable>
        <position>(1, 0, 1)</position>
        <relativeRotation>Opposite</relativeRotation>
        <stuff>WoodLog</stuff>
      </EndTable>
    </things>
  </PrefabDef>

  <PrefabDef>
    <defName>AncientDoubleBed</defName>
    <size>(3,3)</size>
    <edgeOnly>true</edgeOnly>
    <things>
      <AncientDoubleBed>
        <position>(1, 0, 1)</position>
        <relativeRotation>Opposite</relativeRotation>
      </AncientDoubleBed>
      <Dresser>
        <position>(1, 0, 2)</position>
        <relativeRotation>Opposite</relativeRotation>
        <stuff>WoodLog</stuff>
      </Dresser>
      <EndTable>
        <position>(2, 0, 2)</position>
        <relativeRotation>Opposite</relativeRotation>
        <stuff>WoodLog</stuff>
      </EndTable>
    </things>
  </PrefabDef>

  <PrefabDef>
    <defName>AncientWorkbenchs</defName>
    <size>(7,4)</size>
    <things>
      <AncientTableDrugLab>
        <position>(5, 0, 1)</position>
      </AncientTableDrugLab>
      <Stool>
        <chance>0.5</chance>
        <rects>
          <li>(1,0,1,0)</li>
          <li>(5,0,5,0)</li>
          <li>(1,2,1,2)</li>
          <li>(5,2,5,2)</li>
        </rects>
        <stuff>WoodLog</stuff>
      </Stool>
      <AncientTableMachining>
        <position>(1, 0, 1)</position>
      </AncientTableMachining>
      <AncientTableTailorElectric>
        <positions>
          <li>(1, 0, 3)</li>
          <li>(5, 0, 3)</li>
        </positions>
      </AncientTableTailorElectric>
    </things>
  </PrefabDef>

  <!-- Subrooms -->
  
  <PrefabDef>
    <defName>Subroom_SpacerCrates</defName>
    <size>(7,7)</size>
    <things>
      <AncientFortifiedWall>
        <positions>
          <li>(1, 0, 1)</li>
          <li>(2, 0, 1)</li>
          <li>(4, 0, 1)</li>
          <li>(5, 0, 1)</li>
          <li>(1, 0, 2)</li>
          <li>(5, 0, 2)</li>
          <li>(1, 0, 3)</li>
          <li>(5, 0, 3)</li>
          <li>(1, 0, 4)</li>
          <li>(5, 0, 4)</li>
          <li>(1, 0, 5)</li>
          <li>(2, 0, 5)</li>
          <li>(3, 0, 5)</li>
          <li>(4, 0, 5)</li>
          <li>(5, 0, 5)</li>
        </positions>
      </AncientFortifiedWall>
      <AncientSpacerCrate>
        <chance>0.6</chance>
        <rects>
          <li>(1,0,1,0)</li>
          <li>(0,2,0,2)</li>
          <li>(2,2,2,2)</li>
          <li>(4,2,4,4)</li>
          <li>(3,3,3,3)</li>
          <li>(6,3,6,3)</li>
          <li>(0,4,0,4)</li>
          <li>(6,5,6,5)</li>
          <li>(1,6,3,6)</li>
        </rects>
    </AncientSpacerCrate>
      <AncientSealedCrate>
        <chance>0.75</chance>
        <position>(2,0,4)</position>
      </AncientSealedCrate>
      <AncientBlastDoor>
        <chance>0.6</chance>
        <position>(3,0,1)</position>
        <canOverrideData>false</canOverrideData>
      </AncientBlastDoor>
    </things>
  </PrefabDef>

  <PrefabDef>
    <defName>Subroom_Bedrooms</defName>
    <size>(5,7)</size>
    <things>
      <AncientSingleBed>
        <chance>0.5</chance>
        <positions>
          <li>(1, 0, 2)</li>
          <li>(3, 0, 2)</li>
        </positions>
        <relativeRotation>Opposite</relativeRotation>
      </AncientSingleBed>
      <AncientFortifiedWall>
        <positions>
          <li>(0, 0, 0)</li>
          <li>(1, 0, 0)</li>
          <li>(3, 0, 0)</li>
          <li>(4, 0, 0)</li>
          <li>(0, 0, 1)</li>
          <li>(4, 0, 1)</li>
          <li>(0, 0, 2)</li>
          <li>(4, 0, 2)</li>
          <li>(0, 0, 3)</li>
          <li>(1, 0, 3)</li>
          <li>(2, 0, 3)</li>
          <li>(3, 0, 3)</li>
          <li>(4, 0, 3)</li>
          <li>(0, 0, 4)</li>
          <li>(4, 0, 4)</li>
          <li>(0, 0, 5)</li>
          <li>(4, 0, 5)</li>
          <li>(0, 0, 6)</li>
          <li>(1, 0, 6)</li>
          <li>(3, 0, 6)</li>
          <li>(4, 0, 6)</li>
        </positions>
      </AncientFortifiedWall>
      <Door>
        <positions>
          <li>(2, 0, 0)</li>
          <li>(2, 0, 6)</li>
        </positions>
        <stuff>Steel</stuff>
      </Door>
      <AncientLamp>
        <chance>0.75</chance>
        <position>(2,0,2)</position>
      </AncientLamp>
      <AncientAmmoStack>
        <chance>0.75</chance>
        <position>(3,0,5)</position>
      </AncientAmmoStack>
      <AncientBed>
        <position>(1,0,4)</position>
      </AncientBed>
      <AncientBox_ComponentIndustrial>
        <chance>0.25</chance>
        <position>(2,0,4)</position>
      </AncientBox_ComponentIndustrial>
    </things>
  </PrefabDef>

  <PrefabDef>
    <defName>Subroom_Rectangle</defName>
    <size>(5,3)</size>
    <things>
      <AncientFortifiedWall>
        <positions>
          <li>(0, 0, 0)</li>
          <li>(1, 0, 0)</li>
          <li>(2, 0, 0)</li>
          <li>(3, 0, 0)</li>
          <li>(4, 0, 0)</li>
          <li>(0, 0, 1)</li>
          <li>(4, 0, 1)</li>
          <li>(0, 0, 2)</li>
          <li>(1, 0, 2)</li>
          <li>(2, 0, 2)</li>
          <li>(3, 0, 2)</li>
          <li>(4, 0, 2)</li>
        </positions>
      </AncientFortifiedWall>
    </things>
  </PrefabDef>

  <PrefabDef>
    <defName>Subroom_LootInVents</defName>
    <size>(5,3)</size>
    <things>
      <AncientFortifiedWall>
        <positions>
          <li>(0, 0, 0)</li>
          <li>(1, 0, 0)</li>
          <li>(2, 0, 0)</li>
          <li>(3, 0, 0)</li>
          <li>(4, 0, 0)</li>
          <li>(0, 0, 1)</li>
          <li>(4, 0, 1)</li>
          <li>(0, 0, 2)</li>
          <li>(1, 0, 2)</li>
          <li>(3, 0, 2)</li>
          <li>(4, 0, 2)</li>
        </positions>
      </AncientFortifiedWall>
      <AncientSpacerCrate>
        <chance>0.5</chance>
        <positions>
          <li>(1, 0, 1)</li>
          <li>(2, 0, 1)</li>
        </positions>
      </AncientSpacerCrate>
      <Vent>
        <position>(2,0,2)</position>
      </Vent>
      <AncientSealedCrate>
        <chance>0.75</chance>
        <position>(3,0,1)</position>
      </AncientSealedCrate>
    </things>
  </PrefabDef>

  <PrefabDef>
    <defName>Subroom_Partialwall</defName>
    <size>(1,3)</size>
    <things>
      <AncientFortifiedWall>
        <positions>
          <li>(0, 0, 0)</li>
          <li>(0, 0, 1)</li>
          <li>(0, 0, 2)</li>
        </positions>
      </AncientFortifiedWall>
    </things>
  </PrefabDef>

  <!-- Kitchen -->

  <PrefabDef>
    <defName>AncientTableStoveElectric_Edge</defName>
    <edgeOnly>true</edgeOnly>
    <size>(3,1)</size>
    <things>
      <AncientTableStoveElectric>
        <position>(1,0,0)</position>
      </AncientTableStoveElectric>
    </things>
  </PrefabDef>

  <PrefabDef>
    <defName>ShowerAndToilet_Edge</defName>
    <edgeOnly>true</edgeOnly>
    <size>(3,1)</size>
    <things>
      <AncientShower>
        <relativeRotation>Counterclockwise</relativeRotation>
      </AncientShower>
      <AncientFortifiedWall>
        <position>(1,0,0)</position>
      </AncientFortifiedWall>
      <AncientToilet>
        <position>(2,0,0)</position>
        <relativeRotation>Opposite</relativeRotation>
      </AncientToilet>
    </things>
  </PrefabDef>

  <PrefabDef>
    <defName>AncientStove_Cluster</defName>
    <size>(2,2)</size>
    <things>
      <AncientStove>
        <positions>
          <li>(0, 0, 0)</li>
          <li>(1, 0, 0)</li>
          <li>(0, 0, 1)</li>
          <li>(1, 0, 1)</li>
        </positions>
        <relativeRotation>Opposite</relativeRotation>
      </AncientStove>
    </things>
  </PrefabDef>

  <!-- Computer room -->

  <PrefabDef>
    <defName>AncientDestroyedConsole_Cluster</defName>
    <size>(4,2)</size>
    <things>
      <AncientDestroyedConsole>
        <positions>
          <li>(1, 0, 0)</li>
          <li>(3, 0, 0)</li>
        </positions>
        <relativeRotation>Opposite</relativeRotation>
      </AncientDestroyedConsole>
      <AncientDestroyedConsole>
        <positions>
          <li>(0, 0, 1)</li>
          <li>(2, 0, 1)</li>
        </positions>
      </AncientDestroyedConsole>
    </things>
  </PrefabDef>

  <PrefabDef>
    <defName>AncientDestroyedConsole_VerySmall</defName>
    <edgeOnly>true</edgeOnly>
    <size>(2,1)</size>
    <things>
      <AncientDestroyedConsole>
        <position>(1,0,0)</position>
        <relativeRotation>Opposite</relativeRotation>
      </AncientDestroyedConsole>
    </things>
  </PrefabDef>

  <PrefabDef>
    <defName>AncientDestroyedConsole_Small</defName>
    <edgeOnly>true</edgeOnly>
    <size>(4,2)</size>
    <things>
      <Stool>
        <chance>0.8</chance>
        <position>(2,0,0)</position>
        <stuff>Steel</stuff>
      </Stool>
      <AncientFilingCabinet>
        <chance>0.5</chance>
        <position>(0,0,1)</position>
        <relativeRotation>Opposite</relativeRotation>
      </AncientFilingCabinet>
      <AncientPlantPot>
        <chance>0.5</chance>
        <position>(3,0,1)</position>
      </AncientPlantPot>
      <AncientDestroyedConsole>
        <position>(2,0,1)</position>
        <relativeRotation>Opposite</relativeRotation>
      </AncientDestroyedConsole>
    </things>
  </PrefabDef>

  <PrefabDef>
    <defName>AncientDestroyedConsole_Large</defName>
    <edgeOnly>true</edgeOnly>
    <size>(5,5)</size>
    <things>
      <AncientFortifiedWall>
        <positions>
          <li>(2, 0, 1)</li>
          <li>(2, 0, 2)</li>
          <li>(2, 0, 3)</li>
          <li>(2, 0, 4)</li>
        </positions>
      </AncientFortifiedWall>
      <Stool>
        <chance>0.75</chance>
        <positions>
          <li>(0, 0, 2)</li>
          <li>(4, 0, 2)</li>
        </positions>
        <relativeRotation>Clockwise</relativeRotation>
        <stuff>Steel</stuff>
      </Stool>
      <AncientFilingCabinet>
        <chance>0.75</chance>
        <position>(1,0,4)</position>
        <relativeRotation>Counterclockwise</relativeRotation>
      </AncientFilingCabinet>
      <AncientPlantPot>
        <position>(2,0,0)</position>
      </AncientPlantPot>
      <AncientDestroyedConsoleLarge>
        <position>(1,0,2)</position>
        <relativeRotation>Counterclockwise</relativeRotation>
      </AncientDestroyedConsoleLarge>
      <AncientDestroyedConsoleLarge>
        <position>(3,0,2)</position>
        <relativeRotation>Clockwise</relativeRotation>
      </AncientDestroyedConsoleLarge>
    </things>
  </PrefabDef>

  <PrefabDef>
    <defName>AncientFilingCabinet_Edge</defName>
    <edgeOnly>true</edgeOnly>
    <size>(3,1)</size>
    <things>
      <AncientFilingCabinet>
        <positions>
          <li>(0, 0, 0)</li>
          <li>(1, 0, 0)</li>
          <li>(2, 0, 0)</li>
        </positions>
        <relativeRotation>Opposite</relativeRotation>
      </AncientFilingCabinet>
    </things>
  </PrefabDef>

  <!-- Storage -->

  <PrefabDef>
    <defName>IndustrialShelf_Rows</defName>
    <rotations>North</rotations>
    <size>(6,5)</size>
    <things>
      <AncientIndustrialShelf>
        <chance>0.85</chance>
        <positions>
          <li>(0, 0, 0)</li>
          <li>(2, 0, 0)</li>
          <li>(4, 0, 0)</li>
          <li>(0, 0, 2)</li>
          <li>(2, 0, 2)</li>
          <li>(4, 0, 2)</li>
          <li>(0, 0, 4)</li>
          <li>(2, 0, 4)</li>
          <li>(4, 0, 4)</li>
        </positions>
      </AncientIndustrialShelf>
    </things>
  </PrefabDef>

  <PrefabDef>
    <defName>IndustrialShelf_Edge</defName>
    <edgeOnly>true</edgeOnly>
    <size>(4,1)</size>
    <things>
      <AncientIndustrialShelf>
        <positions>
          <li>(0, 0, 0)</li>
          <li>(2, 0, 0)</li>
        </positions>
      </AncientIndustrialShelf>
    </things>
  </PrefabDef>

  <PrefabDef>
    <defName>IndustrialShelf_InnerWall</defName>
    <size>(4,3)</size>
    <things>
      <AncientFortifiedWall>
        <positions>
          <li>(0, 0, 1)</li>
          <li>(1, 0, 1)</li>
          <li>(2, 0, 1)</li>
          <li>(3, 0, 1)</li>
        </positions>
      </AncientFortifiedWall>
      <AncientIndustrialShelf>
        <positions>
          <li>(0, 0, 0)</li>
          <li>(2, 0, 0)</li>
          <li>(0, 0, 2)</li>
          <li>(2, 0, 2)</li>
        </positions>
      </AncientIndustrialShelf>
    </things>
  </PrefabDef>

  <PrefabDef>
    <defName>WoodenCrate_Cluster</defName>
    <size>(4,2)</size>
    <things>
      <AncientWoodenCrate>
        <chance>0.85</chance>
        <positions>
          <li>(0, 0, 0)</li>
          <li>(1, 0, 0)</li>
          <li>(2, 0, 0)</li>
          <li>(3, 0, 0)</li>
          <li>(0, 0, 1)</li>
          <li>(1, 0, 1)</li>
          <li>(2, 0, 1)</li>
          <li>(3, 0, 1)</li>
        </positions>
      </AncientWoodenCrate>
    </things>
  </PrefabDef>

  <PrefabDef>
    <defName>AncientOpenContainer</defName>
    <size>(4,2)</size>
    <things>
      <AncientOpenContainer>
        <position>(1,0,0)</position>
      </AncientOpenContainer>
    </things>
  </PrefabDef>

  <PrefabDef>
    <defName>AncientCratePallet_Cluster</defName>
    <size>(4,2)</size>
    <things>
      <AncientCratePallet>
        <positions>
          <li>(0, 0, 0)</li>
          <li>(2, 0, 0)</li>
        </positions>
      </AncientCratePallet>
    </things>
  </PrefabDef>

  <PrefabDef>
    <defName>AncientCardboardBox_Cluster</defName>
    <size>(2,2)</size>
    <things>
      <AncientCardboardBox>
        <chance>0.75</chance>
        <positions>
          <li>(0, 0, 0)</li>
          <li>(1, 0, 0)</li>
          <li>(0, 0, 1)</li>
          <li>(1, 0, 1)</li>
        </positions>
      </AncientCardboardBox>
    </things>
  </PrefabDef>

  <PrefabDef>
    <defName>AncientMilitaryCrate_Cluster</defName>
    <size>(2,2)</size>
    <things>
      <AncientMilitaryCrate>
        <chance>0.75</chance>
        <rects>
          <li>(0,0,1,1)</li>
        </rects>
      </AncientMilitaryCrate>
    </things>
  </PrefabDef>

  <PrefabDef>
    <defName>AncientAmmoStack_Cluster</defName>
    <size>(2,2)</size>
    <things>
      <AncientAmmoStack>
        <chance>0.75</chance>
        <rects>
          <li>(0,0,1,1)</li>
        </rects>
      </AncientAmmoStack>
    </things>
  </PrefabDef>

  <PrefabDef>
    <defName>AncientSpacerCrate_Cluster</defName>
    <size>(2,2)</size>
    <things>
      <AncientSpacerCrate>
        <chance>0.75</chance>
        <positions>
          <li>(0, 0, 0)</li>
          <li>(1, 0, 0)</li>
          <li>(0, 0, 1)</li>
          <li>(1, 0, 1)</li>
        </positions>
      </AncientSpacerCrate>
    </things>
  </PrefabDef>

  <PrefabDef>
    <defName>AncientSpacerCrate</defName>
    <size>(1,1)</size>
    <things>
      <AncientSpacerCrate>
      </AncientSpacerCrate>
    </things>
  </PrefabDef>

  <!-- Chemfuel prefabs-->

  <PrefabDef>
    <defName>AncientGenerator_Cluster</defName>
    <size>(6,6)</size>
    <things>
      <AncientFortifiedWall>
        <positions>
          <li>(0, 0, 2)</li>
          <li>(1, 0, 2)</li>
          <li>(2, 0, 2)</li>
          <li>(3, 0, 2)</li>
          <li>(4, 0, 2)</li>
        </positions>
      </AncientFortifiedWall>
      <AncientGenerator>
        <positions>
          <li>(0, 0, 0)</li>
          <li>(3, 0, 0)</li>
          <li>(0, 0, 3)</li>
          <li>(3, 0, 3)</li>
        </positions>
      </AncientGenerator>
      <AncientChembarrel>
        <chance>0.5</chance>
        <positions>
          <li>(2, 0, 0)</li>
          <li>(5, 0, 0)</li>
          <li>(2, 0, 1)</li>
          <li>(5, 0, 2)</li>
          <li>(2, 0, 3)</li>
          <li>(2, 0, 4)</li>
          <li>(5, 0, 4)</li>
          <li>(0, 0, 5)</li>
          <li>(1, 0, 5)</li>
          <li>(3, 0, 5)</li>
        </positions>
      </AncientChembarrel>
    </things>
  </PrefabDef>

  <PrefabDef>
    <defName>AncientGeneratorSingle</defName>
    <rotations>North</rotations>
    <size>(3,3)</size>
    <things>
      <AncientGenerator>
      </AncientGenerator>
      <AncientChembarrel>
        <chance>0.5</chance>
        <positions>
          <li>(2, 0, 0)</li>
          <li>(2, 0, 1)</li>
          <li>(0, 0, 2)</li>
          <li>(2, 0, 2)</li>
        </positions>
      </AncientChembarrel>
    </things>
  </PrefabDef>

  <PrefabDef>
    <defName>AncientChembarrelPallet_Cluster</defName>
    <size>(4,2)</size>
    <things>
      <AncientChembarrelPallet>
        <positions>
          <li>(0, 0, 0)</li>
          <li>(2, 0, 0)</li>
        </positions>
      </AncientChembarrelPallet>
    </things>
  </PrefabDef>

  <PrefabDef>
    <defName>AncientForklift</defName>
    <size>(4,2)</size>
    <things>
      <AncientForklift>
        <position>(1, 0, 1)</position>
        <relativeRotation>Clockwise</relativeRotation>
      </AncientForklift>
    </things>
  </PrefabDef>

  <PrefabDef>
    <defName>Chembarrel_Cluster</defName>
    <size>(4,3)</size>
    <things>
      <AncientChembarrel>
        <chance>0.75</chance>
        <positions>
          <li>(0, 0, 0)</li>
          <li>(1, 0, 0)</li>
          <li>(2, 0, 0)</li>
          <li>(3, 0, 0)</li>
          <li>(0, 0, 1)</li>
          <li>(1, 0, 1)</li>
          <li>(2, 0, 1)</li>
          <li>(3, 0, 1)</li>
          <li>(0, 0, 2)</li>
          <li>(1, 0, 2)</li>
          <li>(2, 0, 2)</li>
          <li>(3, 0, 2)</li>
        </positions>
      </AncientChembarrel>
    </things>
  </PrefabDef>

  <PrefabDef>
    <defName>AncientFuelNodeWithChembarrels</defName>
    <size>(2,2)</size>
    <things>
      <AncientFuelNode>
      </AncientFuelNode>
      <AncientChembarrel>
        <chance>0.5</chance>
        <positions>
          <li>(1, 0, 0)</li>
          <li>(0, 0, 1)</li>
          <li>(1, 0, 1)</li>
        </positions>
      </AncientChembarrel>
    </things>
  </PrefabDef>

  <PrefabDef>
    <defName>AncientFuelNodeArray</defName>
    <size>(3,3)</size>
    <things>
      <AncientFuelNode>
        <positions>
          <li>(0, 0, 0)</li>
          <li>(2, 0, 0)</li>
          <li>(0, 0, 2)</li>
          <li>(2, 0, 2)</li>
        </positions>
      </AncientFuelNode>
    </things>
  </PrefabDef>

  <PrefabDef>
    <defName>ChemfuelWorkstation</defName>
    <edgeOnly>true</edgeOnly>
    <size>(5,2)</size>
    <things>
      <Stool>
        <position>(3,0,0)</position>
        <stuff>Steel</stuff>
      </Stool>
      <AncientTableMachining>
        <position>(3,0,1)</position>
      </AncientTableMachining>
      <AncientChemfuelCanister>
        <positions>
          <li>(0, 0, 1)</li>
          <li>(1, 0, 1)</li>
        </positions>
      </AncientChemfuelCanister>
    </things>
  </PrefabDef>

  <!-- Medical -->

  <PrefabDef>
    <defName>AncientTableDrugLab</defName>
    <edgeOnly>true</edgeOnly>
    <size>(3,2)</size>
    <things>
      <AncientTableDrugLab>
        <position>(1,0,1)</position>
      </AncientTableDrugLab>
      <DiningChair>
        <chance>0.75</chance>
        <position>(1,0,0)</position>
        <stuff>Steel</stuff>
      </DiningChair>
    </things>
  </PrefabDef>


  <!-- Frozen terraformer -->

  <PrefabDef>
    <defName>SolidIce_Loot</defName>
    <size>(4,4)</size>
    <things>
      <AncientSealedCrate>
        <position>(1,0,1)</position>
      </AncientSealedCrate>
      <SolidIce>
        <positions>
          <li>(0, 0, 0)</li>
          <li>(1, 0, 0)</li>
          <li>(2, 0, 0)</li>
          <li>(0, 0, 1)</li>
          <li>(2, 0, 1)</li>
          <li>(3, 0, 1)</li>
          <li>(0, 0, 2)</li>
          <li>(1, 0, 2)</li>
          <li>(2, 0, 2)</li>
          <li>(3, 0, 2)</li>
          <li>(1, 0, 3)</li>
          <li>(2, 0, 3)</li>
        </positions>
      </SolidIce>
    </things>
  </PrefabDef>

  <PrefabDef>
    <defName>SolidIce_Large</defName>
    <size>(7,5)</size>
    <things>
      <SolidIce>
        <chance>0.95</chance>
        <positions>
          <li>(2, 0, 0)</li>
          <li>(3, 0, 0)</li>
          <li>(4, 0, 0)</li>
          <li>(5, 0, 0)</li>
          <li>(1, 0, 1)</li>
          <li>(2, 0, 1)</li>
          <li>(3, 0, 1)</li>
          <li>(4, 0, 1)</li>
          <li>(5, 0, 1)</li>
          <li>(6, 0, 1)</li>
          <li>(1, 0, 2)</li>
          <li>(2, 0, 2)</li>
          <li>(3, 0, 2)</li>
          <li>(4, 0, 2)</li>
          <li>(5, 0, 2)</li>
          <li>(6, 0, 2)</li>
          <li>(0, 0, 3)</li>
          <li>(1, 0, 3)</li>
          <li>(2, 0, 3)</li>
          <li>(3, 0, 3)</li>
          <li>(4, 0, 3)</li>
          <li>(5, 0, 3)</li>
          <li>(6, 0, 3)</li>
          <li>(0, 0, 4)</li>
          <li>(1, 0, 4)</li>
          <li>(2, 0, 4)</li>
          <li>(3, 0, 4)</li>
          <li>(4, 0, 4)</li>
          <li>(5, 0, 4)</li>
        </positions>
      </SolidIce>
    </things>
  </PrefabDef>

  <PrefabDef>
    <defName>SolidIce_Medium</defName>
    <size>(3,3)</size>
    <things>
      <SolidIce>
        <chance>0.95</chance>
        <positions>
          <li>(0, 0, 0)</li>
          <li>(1, 0, 0)</li>
          <li>(2, 0, 0)</li>
          <li>(0, 0, 1)</li>
          <li>(1, 0, 1)</li>
          <li>(2, 0, 1)</li>
          <li>(1, 0, 2)</li>
          <li>(2, 0, 2)</li>
        </positions>
      </SolidIce>
    </things>
  </PrefabDef>

  <PrefabDef>
    <defName>SolidIce_Small</defName>
    <size>(2,2)</size>
    <things>
      <SolidIce>
        <chance>0.95</chance>
        <positions>
          <li>(0, 0, 0)</li>
          <li>(1, 0, 0)</li>
          <li>(0, 0, 1)</li>
          <li>(1, 0, 1)</li>
        </positions>
      </SolidIce>
    </things>
  </PrefabDef>

  <PrefabDef>
    <defName>SolidIce_AlongWall</defName>
    <edgeOnly>true</edgeOnly>
    <size>(3,1)</size>
    <things>
      <SolidIce>
        <positions>
          <li>(0, 0, 0)</li>
          <li>(1, 0, 0)</li>
          <li>(2, 0, 0)</li>
        </positions>
      </SolidIce>
    </things>
  </PrefabDef>

  <PrefabDef>
    <defName>AncientTerraformer</defName>
    <rotations>North</rotations>
    <size>(4,4)</size>
    <things>
      <AncientTerraformer>
        <position>(1,0,1)</position>
      </AncientTerraformer>
    </things>
  </PrefabDef>
  
  <!-- Ancient Garrison -->

  <PrefabDef>
    <defName>RustedEngine_Cluster</defName>
    <size>(5,3)</size>
    <things>
      <AncientLargeRustedEngineBlock>
        <chance>0.75</chance>
        <positions>
          <li>(0, 0, 0)</li>
          <li>(3, 0, 0)</li>
          <li>(0, 0, 2)</li>
        </positions>
      </AncientLargeRustedEngineBlock>
      <AncientRustedEngineBlock>
        <chance>0.75</chance>
        <rects>
          <li>(3,2,4,2)</li>
        </rects>
      </AncientRustedEngineBlock>
    </things>
  </PrefabDef>

  <PrefabDef>
    <defName>AncientTank</defName>
    <size>(5,3)</size>
    <things>
      <AncientTank>
        <position>(2, 0, 1)</position>
      </AncientTank>
    </things>
  </PrefabDef>

  <PrefabDef>
    <defName>AncientTableMachining_Edge</defName>
    <size>(5,2)</size>
    <things>
      <Stool>
        <chance>0.5</chance>
        <position>(2,0,0)</position>
        <stuff>Steel</stuff>
      </Stool>
      <AncientTableMachining>
        <position>(2,0,1)</position>
      </AncientTableMachining>
      <ShelfSmall>
        <position>(0,0,1)</position>
        <relativeRotation>Opposite</relativeRotation>
        <stuff>Steel</stuff>
      </ShelfSmall>
    </things>
  </PrefabDef>

  <!-- Infested Colony -->

  <PrefabDef>
    <defName>BurrowWall_Large</defName>
    <size>(7,5)</size>
    <things>
      <BurrowWall>
        <chance>0.95</chance>
        <positions>
          <li>(2, 0, 0)</li>
          <li>(3, 0, 0)</li>
          <li>(4, 0, 0)</li>
          <li>(5, 0, 0)</li>
          <li>(1, 0, 1)</li>
          <li>(2, 0, 1)</li>
          <li>(3, 0, 1)</li>
          <li>(4, 0, 1)</li>
          <li>(5, 0, 1)</li>
          <li>(6, 0, 1)</li>
          <li>(1, 0, 2)</li>
          <li>(2, 0, 2)</li>
          <li>(3, 0, 2)</li>
          <li>(4, 0, 2)</li>
          <li>(5, 0, 2)</li>
          <li>(6, 0, 2)</li>
          <li>(0, 0, 3)</li>
          <li>(1, 0, 3)</li>
          <li>(2, 0, 3)</li>
          <li>(3, 0, 3)</li>
          <li>(4, 0, 3)</li>
          <li>(5, 0, 3)</li>
          <li>(6, 0, 3)</li>
          <li>(0, 0, 4)</li>
          <li>(1, 0, 4)</li>
          <li>(2, 0, 4)</li>
          <li>(3, 0, 4)</li>
          <li>(4, 0, 4)</li>
          <li>(5, 0, 4)</li>
        </positions>
      </BurrowWall>
    </things>
  </PrefabDef>

  <PrefabDef>
    <defName>BurrowWall_Medium</defName>
    <size>(3,3)</size>
    <things>
      <BurrowWall>
        <chance>0.95</chance>
        <positions>
          <li>(0, 0, 0)</li>
          <li>(1, 0, 0)</li>
          <li>(2, 0, 0)</li>
          <li>(0, 0, 1)</li>
          <li>(1, 0, 1)</li>
          <li>(2, 0, 1)</li>
          <li>(1, 0, 2)</li>
          <li>(2, 0, 2)</li>
        </positions>
      </BurrowWall>
    </things>
  </PrefabDef>

  <PrefabDef>
    <defName>InsectLairEntrance</defName>
    <size>(6,6)</size>
    <things>
      <InsectLairEntrance>
        <position>(2, 0, 2)</position>
      </InsectLairEntrance>
    </things>
  </PrefabDef>


</Defs>
