﻿<?xml version="1.0" encoding="utf-8" ?>
<Defs>

  <!-- Exterior prefabs-->
  
  <PrefabDef>
    <defName>Exterior_AncientContainerForklift</defName> 
    <size>(13,12)</size>
    <things>
      <AncientCardboardBox>
        <positions>
          <li>(11, 0, 3)</li>
          <li>(12, 0, 3)</li>
          <li>(11, 0, 4)</li>
        </positions>
      </AncientCardboardBox>
      <AncientMediumContainer>
        <position>(7,0,3)</position>
        <relativeRotation>Clockwise</relativeRotation>
      </AncientMediumContainer>
      <AncientOpenContainer>
        <positions>
          <li>(7, 0, 5)</li>
          <li>(7, 0, 8)</li>
        </positions>
      </AncientOpenContainer>
      <AncientRazorWire>
        <positions>
          <li>(4, 0, 0)</li>
          <li>(5, 0, 0)</li>
          <li>(6, 0, 0)</li>
          <li>(8, 0, 0)</li>
          <li>(10, 0, 0)</li>
          <li>(11, 0, 0)</li>
          <li>(4, 0, 1)</li>
          <li>(11, 0, 1)</li>
          <li>(4, 0, 2)</li>
          <li>(4, 0, 6)</li>
          <li>(11, 0, 6)</li>
          <li>(4, 0, 7)</li>
          <li>(11, 0, 7)</li>
          <li>(4, 0, 8)</li>
          <li>(11, 0, 9)</li>
          <li>(11, 0, 10)</li>
          <li>(10, 0, 11)</li>
          <li>(11, 0, 11)</li>
        </positions>
      </AncientRazorWire>
      <AncientForklift>
        <chance>0.5</chance>
        <position>(1,0,9)</position>
        <relativeRotation>Clockwise</relativeRotation>
      </AncientForklift>
    </things>
    <terrain>
      <AncientConcrete>
        <chance>0.9</chance>
        <rects>
          <li>(5,1,10,10)</li>
        </rects>
      </AncientConcrete>
    </terrain>
  </PrefabDef>

  <PrefabDef>
    <defName>Exterior_CrashedCrane</defName>
    <rotations>North, South</rotations>
    <size>(27,13)</size>
    <things>
      <Door>
        <position>(20,0,7)</position>
        <relativeRotation>Clockwise</relativeRotation>
        <stuff>BlocksGranite</stuff>
        <hp>140</hp>
      </Door>
      <AncientMediumContainer>
        <position>(10,0,2)</position>
        <relativeRotation>Clockwise</relativeRotation>
      </AncientMediumContainer>
      <AncientOpenContainer>
        <positions>
          <li>(10, 0, 4)</li>
          <li>(15, 0, 4)</li>
        </positions>
      </AncientOpenContainer>
      <AncientIndustrialShelf>
        <position>(21,0,6)</position>
      </AncientIndustrialShelf>
      <AncientIndustrialShelf>
        <position>(23,0,10)</position>
        <hp>90</hp>
      </AncientIndustrialShelf>
      <AncientRazorWire>
        <positions>
          <li>(0, 0, 7)</li>
          <li>(0, 0, 8)</li>
          <li>(0, 0, 10)</li>
          <li>(0, 0, 11)</li>
          <li>(0, 0, 12)</li>
          <li>(1, 0, 12)</li>
          <li>(2, 0, 12)</li>
          <li>(3, 0, 12)</li>
        </positions>
      </AncientRazorWire>
      <AncientCraneColumn>
        <position>(11,0,8)</position>
        <hp>220</hp>
      </AncientCraneColumn>
      <AncientCraneColumn>
        <position>(15,0,8)</position>
        <hp>210</hp>
      </AncientCraneColumn>
      <AncientCraneColumn>
        <position>(18,0,8)</position>
        <hp>190</hp>
      </AncientCraneColumn>
      <AncientCraneColumn>
        <position>(21,0,8)</position>
        <hp>200</hp>
      </AncientCraneColumn>
      <AncientCraneColumn>
        <positions>
          <li>(25, 0, 8)</li>
          <li>(9, 0, 10)</li>
        </positions>
        <hp>230</hp>
      </AncientCraneColumn>
      <AncientIndustrialTruck>
        <position>(4,0,3)</position>
        <relativeRotation>Clockwise</relativeRotation>
      </AncientIndustrialTruck>
      <AncientCraneBase>
        <position>(4,0,8)</position>
        <hp>490</hp>
      </AncientCraneBase>
      <AncientSmallCrate>
        <position>(24,0,6)</position>
      </AncientSmallCrate>
      <Wall>
        <chance>0.25</chance>
        <positions>
          <li>(20, 0, 5)</li>
          <li>(21, 0, 5)</li>
          <li>(22, 0, 5)</li>
          <li>(23, 0, 5)</li>
          <li>(20, 0, 11)</li>
          <li>(22, 0, 11)</li>
          <li>(23, 0, 11)</li>
        </positions>
        <stuff>BlocksGranite</stuff>
      </Wall>
      <Wall>
        <positions>
          <li>(24, 0, 5)</li>
          <li>(25, 0, 5)</li>
          <li>(20, 0, 6)</li>
          <li>(25, 0, 10)</li>
          <li>(21, 0, 11)</li>
          <li>(24, 0, 11)</li>
          <li>(25, 0, 11)</li>
        </positions>
        <stuff>BlocksGranite</stuff>
        <hp>500</hp>
      </Wall>
      <Wall>
        <positions>
          <li>(25, 0, 6)</li>
          <li>(25, 0, 7)</li>
          <li>(20, 0, 10)</li>
        </positions>
        <stuff>BlocksGranite</stuff>
        <hp>490</hp>
      </Wall>
      <Wall>
        <position>(20,0,8)</position>
        <stuff>BlocksGranite</stuff>
        <hp>450</hp>
      </Wall>
      <AncientChembarrelPallet>
        <positions>
          <li>(17, 0, 0)</li>
          <li>(14, 0, 1)</li>
        </positions>
      </AncientChembarrelPallet>
    </things>
  </PrefabDef>

  <PrefabDef>
    <defName>Exterior_FourSmallBuildings</defName>
    <size>(10,10)</size>
    <things>
      <Door>
        <chance>0.5</chance>
        <positions>
          <li>(2, 0, 3)</li>
          <li>(7, 0, 3)</li>
          <li>(2, 0, 6)</li>
          <li>(7, 0, 6)</li>
        </positions>
        <stuff>BlocksGranite</stuff>
      </Door>
      <AncientPipe>
        <chance>0.75</chance>
        <positions>
          <li>(4, 0, 1)</li>
          <li>(5, 0, 1)</li>
          <li>(5, 0, 2)</li>
          <li>(4, 0, 3)</li>
          <li>(5, 0, 3)</li>
          <li>(1, 0, 4)</li>
          <li>(3, 0, 4)</li>
          <li>(6, 0, 4)</li>
          <li>(1, 0, 5)</li>
          <li>(2, 0, 5)</li>
          <li>(3, 0, 5)</li>
          <li>(4, 0, 5)</li>
          <li>(6, 0, 5)</li>
          <li>(7, 0, 5)</li>
          <li>(8, 0, 5)</li>
          <li>(9, 0, 5)</li>
          <li>(4, 0, 6)</li>
          <li>(9, 0, 6)</li>
          <li>(4, 0, 7)</li>
        </positions>
      </AncientPipe>
      <Wall>
        <chance>0.9</chance>
        <positions>
          <li>(0, 0, 0)</li>
          <li>(1, 0, 0)</li>
          <li>(2, 0, 0)</li>
          <li>(3, 0, 0)</li>
          <li>(6, 0, 0)</li>
          <li>(7, 0, 0)</li>
          <li>(8, 0, 0)</li>
          <li>(9, 0, 0)</li>
          <li>(0, 0, 1)</li>
          <li>(6, 0, 1)</li>
          <li>(9, 0, 1)</li>
          <li>(0, 0, 2)</li>
          <li>(3, 0, 2)</li>
          <li>(9, 0, 2)</li>
          <li>(0, 0, 3)</li>
          <li>(9, 0, 3)</li>
          <li>(0, 0, 6)</li>
          <li>(9, 0, 6)</li>
          <li>(0, 0, 7)</li>
          <li>(9, 0, 7)</li>
          <li>(0, 0, 8)</li>
          <li>(9, 0, 8)</li>
          <li>(0, 0, 9)</li>
          <li>(1, 0, 9)</li>
          <li>(2, 0, 9)</li>
          <li>(3, 0, 9)</li>
          <li>(6, 0, 9)</li>
          <li>(7, 0, 9)</li>
          <li>(8, 0, 9)</li>
          <li>(9, 0, 9)</li>
        </positions>
        <stuff>BlocksGranite</stuff>
      </Wall>
      <Wall>
        <positions>
          <li>(3, 0, 1)</li>
          <li>(6, 0, 2)</li>
          <li>(3, 0, 3)</li>
          <li>(8, 0, 3)</li>
          <li>(1, 0, 6)</li>
          <li>(3, 0, 8)</li>
        </positions>
        <stuff>BlocksGranite</stuff>
        <hp>490</hp>
      </Wall>
      <Wall>
        <position>(1,0,3)</position>
        <stuff>BlocksGranite</stuff>
        <hp>480</hp>
      </Wall>
      <Wall>
        <positions>
          <li>(6, 0, 3)</li>
          <li>(6, 0, 6)</li>
          <li>(8, 0, 6)</li>
          <li>(3, 0, 7)</li>
          <li>(6, 0, 7)</li>
        </positions>
        <stuff>BlocksGranite</stuff>
        <hp>500</hp>
      </Wall>
      <Wall>
        <position>(3,0,6)</position>
        <stuff>BlocksGranite</stuff>
        <hp>460</hp>
      </Wall>
      <Wall>
        <position>(6,0,8)</position>
        <stuff>BlocksGranite</stuff>
        <hp>470</hp>
      </Wall>
      <AncientBarrel>
        <chance>0.25</chance>
        <positions>
          <li>(1, 0, 1)</li>
          <li>(2, 0, 1)</li>
          <li>(7, 0, 1)</li>
          <li>(8, 0, 1)</li>
          <li>(1, 0, 2)</li>
          <li>(2, 0, 2)</li>
          <li>(7, 0, 2)</li>
          <li>(8, 0, 2)</li>
          <li>(1, 0, 7)</li>
          <li>(2, 0, 7)</li>
          <li>(7, 0, 7)</li>
          <li>(8, 0, 7)</li>
          <li>(2, 0, 8)</li>
          <li>(7, 0, 8)</li>
          <li>(8, 0, 8)</li>
        </positions>
      </AncientBarrel>
      <AncientBox_ComponentIndustrial>
        <chance>0.25</chance>
        <position>(1,0,8)</position>
      </AncientBox_ComponentIndustrial>
    </things>
  </PrefabDef>

  <PrefabDef>
    <defName>Exterior_MilitaryBlockade</defName>
    <size>(10,2)</size>
    <things>
      <AncientRazorWire>
        <chance>0.9</chance>
        <positions>
          <li>(0, 0, 0)</li>
          <li>(1, 0, 0)</li>
          <li>(2, 0, 0)</li>
          <li>(3, 0, 0)</li>
          <li>(4, 0, 0)</li>
          <li>(5, 0, 0)</li>
          <li>(6, 0, 0)</li>
          <li>(7, 0, 0)</li>
          <li>(8, 0, 0)</li>
          <li>(9, 0, 0)</li>
          <li>(0, 0, 1)</li>
          <li>(9, 0, 1)</li>
        </positions>
      </AncientRazorWire>
      <AncientMilitaryBarrier>
        <positions>
          <li>(2, 0, 1)</li>
          <li>(5, 0, 1)</li>
          <li>(8, 0, 1)</li>
        </positions>
        <relativeRotation>Opposite</relativeRotation>
      </AncientMilitaryBarrier>
    </things>
  </PrefabDef>

  <PrefabDef>
    <defName>Exterior_ContainerSite</defName>
    <size>(16,18)</size>
    <things>
      <AncientOpenContainer>
        <chance>0.5</chance>
        <position>(7,0,14)</position>
      </AncientOpenContainer>
      <AncientLargeContainer>
        <chance>0.5</chance>
        <position>(2,0,4)</position>
      </AncientLargeContainer>
      <AncientChemtruck>
        <chance>0.5</chance>
        <position>(14,0,1)</position>
        <relativeRotation>Counterclockwise</relativeRotation>
      </AncientChemtruck>
      <AncientCrate>
        <chance>0.5</chance>
        <positions>
          <li>(10, 0, 2)</li>
          <li>(8, 0, 3)</li>
          <li>(9, 0, 3)</li>
          <li>(10, 0, 3)</li>
          <li>(5, 0, 16)</li>
          <li>(10, 0, 16)</li>
        </positions>
      </AncientCrate>
      <AncientSmallContainer>
        <chance>0.5</chance>
        <positions>
          <li>(6, 0, 4)</li>
          <li>(9, 0, 4)</li>
        </positions>
      </AncientSmallContainer>
      <AncientMediumContainer>
        <chance>0.5</chance>
        <positions>
          <li>(7, 0, 8)</li>
          <li>(2, 0, 9)</li>
          <li>(7, 0, 12)</li>
          <li>(2, 0, 13)</li>
        </positions>
        <relativeRotation>Clockwise</relativeRotation>
      </AncientMediumContainer>
      <AncientRazorWire>
        <chance>0.85</chance>
        <positions>
          <li>(0, 0, 0)</li>
          <li>(1, 0, 0)</li>
          <li>(2, 0, 0)</li>
          <li>(3, 0, 0)</li>
          <li>(4, 0, 0)</li>
          <li>(5, 0, 0)</li>
          <li>(7, 0, 0)</li>
          <li>(8, 0, 0)</li>
          <li>(9, 0, 0)</li>
          <li>(10, 0, 0)</li>
          <li>(11, 0, 0)</li>
          <li>(12, 0, 0)</li>
          <li>(0, 0, 1)</li>
          <li>(11, 0, 1)</li>
          <li>(0, 0, 2)</li>
          <li>(11, 0, 2)</li>
          <li>(0, 0, 3)</li>
          <li>(11, 0, 3)</li>
          <li>(0, 0, 4)</li>
          <li>(11, 0, 4)</li>
          <li>(12, 0, 4)</li>
          <li>(0, 0, 5)</li>
          <li>(11, 0, 5)</li>
          <li>(11, 0, 6)</li>
          <li>(11, 0, 7)</li>
          <li>(12, 0, 7)</li>
          <li>(11, 0, 8)</li>
          <li>(0, 0, 9)</li>
          <li>(10, 0, 9)</li>
          <li>(11, 0, 9)</li>
          <li>(12, 0, 9)</li>
          <li>(0, 0, 10)</li>
          <li>(0, 0, 11)</li>
          <li>(10, 0, 11)</li>
          <li>(11, 0, 11)</li>
          <li>(12, 0, 11)</li>
          <li>(0, 0, 12)</li>
          <li>(11, 0, 12)</li>
          <li>(0, 0, 13)</li>
          <li>(11, 0, 13)</li>
          <li>(0, 0, 14)</li>
          <li>(11, 0, 14)</li>
          <li>(12, 0, 14)</li>
          <li>(0, 0, 15)</li>
          <li>(11, 0, 15)</li>
          <li>(0, 0, 16)</li>
          <li>(11, 0, 16)</li>
          <li>(0, 0, 17)</li>
          <li>(1, 0, 17)</li>
          <li>(2, 0, 17)</li>
          <li>(3, 0, 17)</li>
          <li>(7, 0, 17)</li>
          <li>(8, 0, 17)</li>
          <li>(9, 0, 17)</li>
          <li>(10, 0, 17)</li>
          <li>(11, 0, 17)</li>
        </positions>
      </AncientRazorWire>
      <AncientIndustrialTruck>
        <chance>0.5</chance>
        <positions>
          <li>(14, 0, 5)</li>
          <li>(14, 0, 12)</li>
        </positions>
        <relativeRotation>Counterclockwise</relativeRotation>
      </AncientIndustrialTruck>
      <AncientCratePallet>
        <chance>0.5</chance>
        <positions>
          <li>(1, 0, 15)</li>
          <li>(3, 0, 15)</li>
        </positions>
      </AncientCratePallet>
    </things>
    <terrain>
      <AncientConcrete>
        <chance>0.9</chance>
        <rects>
          <li>(1,1,10,17)</li>
        </rects>
      </AncientConcrete>
    </terrain>
  </PrefabDef>

  <PrefabDef>
    <defName>Exterior_AncientBunker</defName> <!-- rename -->
    <size>(11,11)</size>
    <things>
      <AncientMilitaryCrate>
        <position>(6,0,6)</position>
      </AncientMilitaryCrate>
      <AncientMilitaryCrate>
        <position>(3,0,4)</position>
      </AncientMilitaryCrate>
      <Sandbags>
        <chance>0.9</chance>
        <stuff>Cloth</stuff>
        <positions>
          <li>(0, 0, 0)</li>
          <li>(1, 0, 0)</li>
          <li>(2, 0, 0)</li>
          <li>(3, 0, 0)</li>
          <li>(4, 0, 0)</li>
          <li>(5, 0, 0)</li>
          <li>(6, 0, 0)</li>
          <li>(7, 0, 0)</li>
          <li>(8, 0, 0)</li>
          <li>(9, 0, 0)</li>
          <li>(10, 0, 0)</li>
          <li>(0, 0, 1)</li>
          <li>(10, 0, 1)</li>
          <li>(0, 0, 2)</li>
          <li>(10, 0, 2)</li>
          <li>(0, 0, 3)</li>
          <li>(10, 0, 3)</li>
          <li>(0, 0, 4)</li>
          <li>(10, 0, 4)</li>
          <li>(0, 0, 5)</li>
          <li>(10, 0, 5)</li>
          <li>(0, 0, 6)</li>
          <li>(10, 0, 6)</li>
          <li>(0, 0, 7)</li>
          <li>(10, 0, 7)</li>
          <li>(0, 0, 8)</li>
          <li>(10, 0, 8)</li>
          <li>(0, 0, 9)</li>
          <li>(10, 0, 9)</li>
          <li>(0, 0, 10)</li>
          <li>(1, 0, 10)</li>
          <li>(2, 0, 10)</li>
          <li>(3, 0, 10)</li>
          <li>(4, 0, 10)</li>
          <li>(5, 0, 10)</li>
          <li>(6, 0, 10)</li>
          <li>(7, 0, 10)</li>
          <li>(8, 0, 10)</li>
          <li>(9, 0, 10)</li>
          <li>(10, 0, 10)</li>
        </positions>
      </Sandbags>
      <AncientMilitaryBarrier>
        <chance>0.9</chance>
        <positions>
          <li>(4, 0, 2)</li>
          <li>(7, 0, 2)</li>
          <li>(4, 0, 8)</li>
          <li>(7, 0, 8)</li>
        </positions>
        <relativeRotation>Opposite</relativeRotation>
      </AncientMilitaryBarrier>
      <AncientMilitaryBarrier>
        <chance>0.9</chance>
        <positions>
          <li>(2, 0, 3)</li>
          <li>(2, 0, 6)</li>
        </positions>
        <relativeRotation>Counterclockwise</relativeRotation>
      </AncientMilitaryBarrier>
      <AncientMilitaryBarrier>
        <chance>0.9</chance>
        <positions>
          <li>(8, 0, 4)</li>
          <li>(8, 0, 7)</li>
        </positions>
        <relativeRotation>Clockwise</relativeRotation>
      </AncientMilitaryBarrier>
      <AncientSecurityTurret>
        <positions>
          <li>(7, 0, 3)</li>
          <li>(3, 0, 7)</li>
        </positions>
      </AncientSecurityTurret>
    </things>
    <terrain>
      <AncientConcrete>
        <chance>0.9</chance>
        <rects>
          <li>(0,0,10,10)</li>
        </rects>
      </AncientConcrete>
    </terrain>
  </PrefabDef>

  <PrefabDef>
    <defName>Exterior_AncientTank_Cluster</defName>
    <rotations>North</rotations>
    <size>(17,25)</size>
    <things>
      <AncientTank>
        <chance>0.85</chance>
        <positions>
          <li>(3, 0, 3)</li>
          <li>(10, 0, 3)</li>
          <li>(3, 0, 8)</li>
          <li>(10, 0, 8)</li>
          <li>(3, 0, 13)</li>
          <li>(10, 0, 13)</li>
          <li>(3, 0, 18)</li>
          <li>(10, 0, 18)</li>
        </positions>
      </AncientTank>
      <AncientTankTrap>
        <chance>0.85</chance>
        <positions>
          <li>(9, 0, 0)</li>
          <li>(15, 0, 11)</li>
          <li>(6, 0, 21)</li>
          <li>(14, 0, 21)</li>
          <li>(0, 0, 23)</li>
        </positions>
      </AncientTankTrap>
    </things>
  </PrefabDef>

  <PrefabDef>
    <defName>Exterior_AncientTankTraps</defName>
    <size>(10,8)</size>
    <things>
      <AncientTankTrap>
        <chance>0.8</chance>
        <positions>
          <li>(0, 0, 0)</li>
          <li>(4, 0, 0)</li>
          <li>(8, 0, 0)</li>
          <li>(2, 0, 3)</li>
          <li>(6, 0, 3)</li>
          <li>(0, 0, 6)</li>
          <li>(4, 0, 6)</li>
          <li>(8, 0, 6)</li>
        </positions>
      </AncientTankTrap>
    </things>
  </PrefabDef>

  <PrefabDef>
    <defName>Exterior_AncientTankBlockade</defName> <!-- rename -->
    <size>(11,12)</size>
    <things>
      <AncientTank>
        <position>(2,0,7)</position>
      </AncientTank>
      <AncientTankTrap>
        <chance>0.75</chance>
        <positions>
          <li>(6, 0, 1)</li>
          <li>(6, 0, 5)</li>
          <li>(6, 0, 9)</li>
        </positions>
      </AncientTankTrap>
      <AncientRazorWire>
        <chance>0.9</chance>
        <positions>
          <li>(8, 0, 0)</li>
          <li>(8, 0, 1)</li>
          <li>(8, 0, 2)</li>
          <li>(8, 0, 3)</li>
          <li>(8, 0, 4)</li>
          <li>(8, 0, 5)</li>
          <li>(8, 0, 6)</li>
          <li>(8, 0, 7)</li>
          <li>(8, 0, 8)</li>
          <li>(8, 0, 9)</li>
          <li>(8, 0, 10)</li>
          <li>(8, 0, 11)</li>
        </positions>
      </AncientRazorWire>
      <AncientMilitaryBarrier>
        <chance>0.7</chance>
        <positions>
          <li>(10, 0, 0)</li>
          <li>(10, 0, 2)</li>
          <li>(10, 0, 4)</li>
          <li>(10, 0, 6)</li>
          <li>(10, 0, 8)</li>
          <li>(10, 0, 10)</li>
        </positions>
        <relativeRotation>Counterclockwise</relativeRotation>
      </AncientMilitaryBarrier>
    </things>
  </PrefabDef>

  <PrefabDef>
    <defName>Exterior_AncientMegaCannonEmplacement</defName> <!-- rename -->
    <size>(7,7)</size>
    <things>
      <AncientMegaCannonTripod>
        <position>(3,0,3)</position>
      </AncientMegaCannonTripod>
      <AncientMilitaryGeneratorSmall>
        <position>(5,0,4)</position>
      </AncientMilitaryGeneratorSmall>
      <Sandbags>
        <chance>0.85</chance>
        <stuff>Cloth</stuff>
        <positions>
          <li>(0, 0, 0)</li>
          <li>(1, 0, 0)</li>
          <li>(2, 0, 0)</li>
          <li>(3, 0, 0)</li>
          <li>(4, 0, 0)</li>
          <li>(5, 0, 0)</li>
          <li>(6, 0, 0)</li>
          <li>(0, 0, 1)</li>
          <li>(6, 0, 1)</li>
          <li>(0, 0, 2)</li>
          <li>(6, 0, 2)</li>
          <li>(0, 0, 3)</li>
          <li>(6, 0, 3)</li>
          <li>(0, 0, 4)</li>
          <li>(6, 0, 4)</li>
          <li>(0, 0, 5)</li>
          <li>(6, 0, 5)</li>
          <li>(0, 0, 6)</li>
          <li>(1, 0, 6)</li>
          <li>(2, 0, 6)</li>
          <li>(3, 0, 6)</li>
          <li>(4, 0, 6)</li>
          <li>(5, 0, 6)</li>
          <li>(6, 0, 6)</li>
        </positions>
      </Sandbags>
      <AncientMegaCannonBarrel>
        <position>(1,0,3)</position>
        <chance>0.5</chance>
        <relativeRotation>Opposite</relativeRotation>
      </AncientMegaCannonBarrel>
      <AncientBarrel>
        <chance>0.5</chance>
        <positions>
          <li>(5, 0, 1)</li>
          <li>(1, 0, 5)</li>
          <li>(4, 0, 5)</li>
          <li>(5, 0, 5)</li>
        </positions>
      </AncientBarrel>
    </things>
    <terrain>
      <AncientTile>
        <chance>0.95</chance>
        <rects>
          <li>(0,0,6,0)</li>
          <li>(0,1,0,6)</li>
          <li>(6,1,6,6)</li>
          <li>(1,6,5,6)</li>
        </rects>
      </AncientTile>
      <AncientConcrete>
        <chance>0.9</chance>
        <rects>
          <li>(1,1,5,5)</li>
        </rects>
      </AncientConcrete>
    </terrain>
  </PrefabDef>

  <PrefabDef>
    <defName>Exterior_OrbitalRuinsSquare</defName>
    <size>(9,9)</size>
    <things>
      <RubblePile>
        <chance>0.5</chance>
        <rects>
          <li>(2,1,2,2)</li>
          <li>(6,2,7,2)</li>
          <li>(6,3,6,4)</li>
          <li>(2,6,4,6)</li>
          <li>(6,6,6,6)</li>
          <li>(1,7,2,7)</li>
        </rects>
      </RubblePile>
      <OrbitalAncientFortifiedWall>
        <chance>0.8</chance>
        <rects>
          <li>(0,0,8,0)</li>
          <li>(0,1,0,8)</li>
          <li>(3,1,3,1)</li>
          <li>(5,1,5,1)</li>
          <li>(8,1,8,8)</li>
          <li>(1,3,1,3)</li>
          <li>(3,3,5,3)</li>
          <li>(7,3,7,3)</li>
          <li>(3,4,3,5)</li>
          <li>(5,4,5,5)</li>
          <li>(1,5,1,5)</li>
          <li>(4,5,4,5)</li>
          <li>(7,5,7,5)</li>
          <li>(3,7,3,8)</li>
          <li>(5,7,5,8)</li>
          <li>(1,8,2,8)</li>
          <li>(4,8,4,8)</li>
          <li>(6,8,7,8)</li>
        </rects>
      </OrbitalAncientFortifiedWall>
    </things>
    <terrain>
      <AncientTile>
        <chance>0.8</chance>
        <rects>
          <li>(1,1,7,7)</li>
        </rects>
      </AncientTile>
    </terrain>
  </PrefabDef>

  <PrefabDef>
    <defName>Exterior_OrbitalRuinsRoomWithSteel</defName>
    <size>(8,9)</size>
    <things>
      <AncientPallet_SteelSlag>
        <position>(1,0,2)</position>
      </AncientPallet_SteelSlag>
      <RubblePile>
        <chance>0.75</chance>
        <rects>
          <li>(5,5,6,6)</li>
          <li>(4,6,4,6)</li>
        </rects>
      </RubblePile>
      <AncientSmallContainer>
        <chance>0.85</chance>
        <positions>
          <li>(5, 0, 2)</li>
          <li>(1, 0, 5)</li>
        </positions>
      </AncientSmallContainer>
      <AncientBlastDoor>
        <chance>0.4</chance>
        <rects>
          <li>(4,0,4,0)</li>
          <li>(3,8,3,8)</li>
        </rects>
      </AncientBlastDoor>
      <OrbitalAncientFortifiedWall>
        <chance>0.99</chance>
        <rects>
          <li>(3,0,3,1)</li>
          <li>(5,0,5,1)</li>
          <li>(0,1,2,1)</li>
          <li>(6,1,7,1)</li>
          <li>(0,2,0,7)</li>
          <li>(7,2,7,7)</li>
          <li>(1,4,2,4)</li>
          <li>(5,4,6,4)</li>
          <li>(1,7,2,7)</li>
          <li>(4,7,6,7)</li>
          <li>(2,8,2,8)</li>
          <li>(4,8,4,8)</li>
        </rects>
      </OrbitalAncientFortifiedWall>
    </things>
    <terrain>
      <AncientTile>
        <chance>0.8</chance>
        <rects>
          <li>(1,2,7,7)</li>
        </rects>
      </AncientTile>
    </terrain>
  </PrefabDef>

  <PrefabDef>
    <defName>Exterior_OrbitalRuinsWall</defName>
    <size>(10,3)</size>
    <things>
      <RubblePile>
        <chance>0.5</chance>
        <rects>
          <li>(0,1,0,1)</li>
          <li>(2,1,6,1)</li>
        </rects>
      </RubblePile>
      <OrbitalAncientFortifiedWall>
        <chance>0.8</chance>
        <rects>
          <li>(0,2,9,2)</li>
        </rects>
      </OrbitalAncientFortifiedWall>
    </things>
    <terrain>
      <AncientTile>
        <chance>0.4</chance>
        <rects>
          <li>(0,0,9,2)</li>
        </rects>
      </AncientTile>
    </terrain>
  </PrefabDef>

  <PrefabDef>
    <defName>Exterior_OrbitalRuinsSmallSquare</defName>
    <size>(4,4)</size>
    <things>
      <OrbitalAncientFortifiedWall>
        <chance>0.8</chance>
        <rects>
          <li>(0,0,3,0)</li>
          <li>(0,1,0,3)</li>
          <li>(3,1,3,3)</li>
          <li>(1,3,2,3)</li>
        </rects>
      </OrbitalAncientFortifiedWall>
    </things>
    <terrain>
      <AncientTile>
        <chance>0.8</chance>
        <rects>
          <li>(1,1,2,2)</li>
        </rects>
      </AncientTile>
    </terrain>
  </PrefabDef>

  <PrefabDef>
    <defName>Exterior_ShipChunk_Mech</defName>
    <size>(2,2)</size>
    <things>
      <ShipChunk_Mech>
      </ShipChunk_Mech>
    </things>
  </PrefabDef>

  <PrefabDef>
    <defName>Exterior_OrbitalRuinsLargeRectangle</defName>
    <size>(26,10)</size>
    <things>
      <AncientSpacerCrate>
        <chance>0.8</chance>
        <rects>
          <li>(1,6,1,8)</li>
          <li>(22,6,22,8)</li>
          <li>(2,7,2,8)</li>
          <li>(8,7,8,8)</li>
          <li>(21,7,21,8)</li>
          <li>(3,8,3,8)</li>
          <li>(9,8,9,8)</li>
          <li>(20,8,20,8)</li>
        </rects>
      </AncientSpacerCrate>
      <RubblePile>
        <chance>0.8</chance>
        <rects>
          <li>(5,0,5,0)</li>
          <li>(8,0,8,0)</li>
          <li>(11,0,11,0)</li>
          <li>(22,0,22,0)</li>
          <li>(6,1,6,1)</li>
          <li>(22,2,22,2)</li>
          <li>(14,3,14,3)</li>
          <li>(16,4,16,4)</li>
          <li>(18,4,18,4)</li>
          <li>(24,4,24,4)</li>
          <li>(5,7,5,8)</li>
          <li>(11,7,12,8)</li>
          <li>(15,7,16,8)</li>
          <li>(6,8,6,8)</li>
          <li>(10,8,10,8)</li>
          <li>(14,8,14,8)</li>
          <li>(17,8,18,8)</li>
        </rects>
      </RubblePile>
      <OrbitalAncientFortifiedWall>
        <chance>0.8</chance>
        <rects>
          <li>(0,0,0,9)</li>
          <li>(1,2,2,2)</li>
          <li>(7,2,11,2)</li>
          <li>(14,2,20,2)</li>
          <li>(1,5,2,5)</li>
          <li>(4,5,9,5)</li>
          <li>(11,5,16,5)</li>
          <li>(18,5,23,5)</li>
          <li>(7,6,7,9)</li>
          <li>(13,6,13,9)</li>
          <li>(23,6,23,9)</li>
          <li>(1,9,6,9)</li>
          <li>(8,9,12,9)</li>
          <li>(14,9,22,9)</li>
          <li>(24,9,25,9)</li>
        </rects>
      </OrbitalAncientFortifiedWall>
    </things>
    <terrain>
      <AncientTile>
        <chance>0.4</chance>
        <rects>
          <li>(1,1,24,8)</li>
        </rects>
      </AncientTile>
    </terrain>
  </PrefabDef>

  <PrefabDef>
    <defName>Exterior_ChemtruckParkingLot</defName>
    <size>(16,11)</size>
    <things>
      <AncientWheel>
        <position>(3,0,4)</position>
      </AncientWheel>
      <AncientBarrierLong>
        <chance>0.9</chance>
        <positions>
          <li>(7, 0, 1)</li>
          <li>(7, 0, 4)</li>
          <li>(7, 0, 7)</li>
        </positions>
        <relativeRotation>Counterclockwise</relativeRotation>
      </AncientBarrierLong>
      <AncientConcreteBarrier>
        <position>(1,0,1)</position>
        <hp>475</hp>
      </AncientConcreteBarrier>
      <AncientConcreteBarrier>
        <position>(14,0,1)</position>
        <hp>382</hp>
      </AncientConcreteBarrier>
      <AncientConcreteBarrier>
        <position>(1,0,9)</position>
        <hp>399</hp>
      </AncientConcreteBarrier>
      <AncientConcreteBarrier>
        <position>(14,0,9)</position>
      </AncientConcreteBarrier>
      <AncientWoodenCrate>
        <chance>0.7</chance>
        <rects>
          <li>(1,8,2,8)</li>
          <li>(2,9,2,9)</li>
        </rects>
      </AncientWoodenCrate>
      <AncientChemtruck>
        <chance>0.8</chance>
        <positions>
          <li>(4, 0, 3)</li>
          <li>(4, 0, 9)</li>
        </positions>
        <relativeRotation>Clockwise</relativeRotation>
      </AncientChemtruck>
      <AncientChemtruck>
        <chance>0.8</chance>
        <positions>
          <li>(10, 0, 2)</li>
          <li>(10, 0, 5)</li>
          <li>(10, 0, 7)</li>
        </positions>
        <relativeRotation>Counterclockwise</relativeRotation>
      </AncientChemtruck>
      <AncientIndustrialTruck>
        <chance>0.5</chance>
        <position>(4,0,6)</position>
        <relativeRotation>Clockwise</relativeRotation>
      </AncientIndustrialTruck>
      <AncientFence>
        <chance>0.95</chance>
        <rects>
          <li>(0,0,15,0)</li>
          <li>(0,1,0,1)</li>
          <li>(15,1,15,1)</li>
          <li>(0,9,0,10)</li>
          <li>(15,9,15,10)</li>
          <li>(1,10,14,10)</li>
        </rects>
      </AncientFence>
      <AncientChembarrel>
        <chance>0.5</chance>
        <rects>
          <li>(7,9,10,9)</li>
          <li>(12,9,12,9)</li>
        </rects>
      </AncientChembarrel>
    </things>
  </PrefabDef>

  <PrefabDef>
    <defName>Exterior_ChembarrelStorage</defName>
    <size>(14,10)</size>
    <things>
      <AncientForklift>
        <chance>0.5</chance>
        <position>(1,0,4)</position>
        <relativeRotation>Clockwise</relativeRotation>
      </AncientForklift>
      <AncientRazorWire>
        <chance>0.9</chance>
        <rects>
          <li>(4,0,13,0)</li>
          <li>(13,1,13,9)</li>
          <li>(4,9,12,9)</li>
        </rects>
      </AncientRazorWire>
      <AncientChembarrel>
        <chance>0.6</chance>
        <rects>
          <li>(5,1,5,1)</li>
          <li>(7,1,7,1)</li>
          <li>(5,4,5,8)</li>
          <li>(4,5,4,8)</li>
          <li>(1,6,3,6)</li>
          <li>(12,6,12,8)</li>
          <li>(2,7,3,7)</li>
          <li>(3,8,3,8)</li>
          <li>(6,8,11,8)</li>
        </rects>
      </AncientChembarrel>
      <AncientChembarrelPallet>
        <chance>0.8</chance>
        <positions>
          <li>(6, 0, 2)</li>
          <li>(8, 0, 2)</li>
          <li>(10, 0, 2)</li>
          <li>(6, 0, 4)</li>
          <li>(8, 0, 4)</li>
          <li>(10, 0, 4)</li>
          <li>(6, 0, 6)</li>
          <li>(8, 0, 6)</li>
          <li>(10, 0, 6)</li>
        </positions>
      </AncientChembarrelPallet>
      <AncientMetalCrate>
        <chance>0.8</chance>
        <rects>
          <li>(11,1,12,1)</li>
          <li>(12,2,12,3)</li>
        </rects>
      </AncientMetalCrate>
    </things>
  </PrefabDef>

  <PrefabDef>
    <defName>Exterior_ChembarrelStorageBuilding</defName>
    <size>(20,14)</size>
    <things>
      <Door>
        <rects>
          <li>(8,2,8,2)</li>
          <li>(3,5,3,5)</li>
          <li>(11,11,11,11)</li>
        </rects>
        <stuff>Steel</stuff>
      </Door>
      <Door>
        <chance>0.8</chance>
        <rects>
          <li>(15,3,15,3)</li>
          <li>(4,6,4,6)</li>
          <li>(15,6,15,6)</li>
          <li>(4,9,4,9)</li>
          <li>(15,9,15,9)</li>
        </rects>
        <relativeRotation>Clockwise</relativeRotation>
        <stuff>Steel</stuff>
      </Door>
      <AncientSafe>
        <chance>0.2</chance>
        <position>(2,0,4)</position>
      </AncientSafe>
      <AncientRazorWire>
        <chance>0.95</chance>
        <rects>
          <li>(0,0,6,0)</li>
          <li>(10,0,19,0)</li>
          <li>(0,1,0,13)</li>
          <li>(19,1,19,13)</li>
          <li>(1,13,9,13)</li>
          <li>(13,13,18,13)</li>
        </rects>
      </AncientRazorWire>
      <AncientChemfuelCanister>
        <chance>0.5</chance>
        <rects>
          <li>(17,4,17,4)</li>
          <li>(2,6,2,6)</li>
          <li>(17,6,17,6)</li>
          <li>(16,7,16,7)</li>
          <li>(2,9,2,9)</li>
          <li>(17,9,17,9)</li>
          <li>(3,10,3,10)</li>
          <li>(16,10,16,10)</li>
        </rects>
      </AncientChemfuelCanister>
      <Wall>
        <rects>
          <li>(2,2,7,2)</li>
          <li>(9,2,17,2)</li>
          <li>(1,3,2,3)</li>
          <li>(4,3,4,5)</li>
          <li>(17,3,18,3)</li>
          <li>(1,4,1,10)</li>
          <li>(15,4,15,5)</li>
          <li>(18,4,18,10)</li>
          <li>(2,5,2,5)</li>
          <li>(16,5,17,5)</li>
          <li>(4,7,4,8)</li>
          <li>(15,7,15,8)</li>
          <li>(2,8,3,8)</li>
          <li>(16,8,17,8)</li>
          <li>(2,10,2,11)</li>
          <li>(4,10,4,11)</li>
          <li>(15,10,15,11)</li>
          <li>(17,10,17,11)</li>
          <li>(3,11,3,11)</li>
          <li>(5,11,10,11)</li>
          <li>(12,11,14,11)</li>
          <li>(16,11,16,11)</li>
        </rects>
        <stuff>BlocksLimestone</stuff>
      </Wall>
      <AncientChembarrel>
        <chance>0.8</chance>
        <rects>
          <li>(3,3,3,3)</li>
          <li>(5,3,5,5)</li>
          <li>(11,3,11,8)</li>
          <li>(16,3,16,4)</li>
          <li>(16,6,16,6)</li>
          <li>(2,7,3,7)</li>
          <li>(17,7,17,7)</li>
          <li>(3,9,3,9)</li>
          <li>(16,9,16,9)</li>
          <li>(5,10,5,10)</li>
          <li>(8,10,8,10)</li>
          <li>(14,10,14,10)</li>
        </rects>
      </AncientChembarrel>
      <AncientChembarrelPallet>
        <chance>0.85</chance>
        <positions>
          <li>(6, 0, 3)</li>
          <li>(9, 0, 3)</li>
          <li>(12, 0, 3)</li>
          <li>(6, 0, 5)</li>
          <li>(9, 0, 5)</li>
          <li>(12, 0, 5)</li>
          <li>(6, 0, 7)</li>
          <li>(9, 0, 7)</li>
          <li>(12, 0, 7)</li>
        </positions>
      </AncientChembarrelPallet>
      <Shelf>
        <positions>
          <li>(7, 0, 10)</li>
          <li>(10, 0, 10)</li>
          <li>(13, 0, 10)</li>
        </positions>
        <relativeRotation>Opposite</relativeRotation>
        <stuff>WoodLog</stuff>
      </Shelf>
    </things>
    <terrain>
      <AncientConcrete>
        <chance>0.95</chance>
        <rects>
          <li>(2,3,17,10)</li>
        </rects>
      </AncientConcrete>
    </terrain>
  </PrefabDef>

  <PrefabDef>
    <defName>Exterior_ChemtruckParkingLot_Long</defName>
    <size>(17,6)</size>
    <things>
      <AncientBarrierLong>
        <positions>
          <li>(1, 0, 4)</li>
          <li>(4, 0, 4)</li>
          <li>(7, 0, 4)</li>
          <li>(10, 0, 4)</li>
          <li>(13, 0, 4)</li>
          <li>(16, 0, 4)</li>
        </positions>
        <relativeRotation>Opposite</relativeRotation>
      </AncientBarrierLong>
      <AncientChemtruck>
        <chance>0.85</chance>
        <positions>
          <li>(1, 0, 1)</li>
          <li>(5, 0, 1)</li>
          <li>(13, 0, 1)</li>
        </positions>
      </AncientChemtruck>
      <AncientChembarrel>
        <chance>0.75</chance>
        <rects>
          <li>(10,0,10,3)</li>
          <li>(9,2,9,3)</li>
          <li>(11,2,12,3)</li>
          <li>(8,3,8,5)</li>
          <li>(11,4,11,4)</li>
          <li>(9,5,9,5)</li>
          <li>(12,5,12,5)</li>
          <li>(15,5,16,5)</li>
        </rects>
      </AncientChembarrel>
    </things>
  </PrefabDef>

  <PrefabDef>
    <defName>CrashedShuttle</defName>
    <rotations>North</rotations>
    <size>(8,5)</size>
    <things>
      <Filth_Blood>
        <rects>
          <li>(1,0,1,0)</li>
          <li>(4,4,4,4)</li>
        </rects>
        <hp>-1</hp>
      </Filth_Blood>
      <Filth_MachineBits>
        <rects>
          <li>(3,0,3,0)</li>
          <li>(4,1,4,1)</li>
          <li>(6,2,6,2)</li>
        </rects>
        <hp>-1</hp>
      </Filth_MachineBits>
      <ShuttleCrashed>
        <position>(3,0,2)</position>
        <hp>158</hp>
      </ShuttleCrashed>
      <Filth_BlastMark>
        <position>(5,0,1)</position>
        <hp>-1</hp>
      </Filth_BlastMark>
    </things>
  </PrefabDef>
  
  <PrefabDef>
    <defName>BaricadeTurret</defName>
    <size>(6,3)</size>
    <things>
      <Filth_Blood>
        <rects>
          <li>(2,0,2,0)</li>
          <li>(3,1,4,1)</li>
          <li>(0,2,0,2)</li>
        </rects>
        <hp>-1</hp>
      </Filth_Blood>
      <Barricade>
        <rects>
          <li>(0,0,0,1)</li>
          <li>(5,0,5,1)</li>
        </rects>
        <stuff>Steel</stuff>
      </Barricade>
      <Barricade>
        <position>(1,0,0)</position>
        <stuff>Steel</stuff>
        <hp>270</hp>
      </Barricade>
      <Barricade>
        <position>(3,0,0)</position>
        <stuff>Steel</stuff>
        <hp>280</hp>
      </Barricade>
      <Barricade>
        <position>(4,0,0)</position>
        <stuff>Steel</stuff>
        <hp>290</hp>
      </Barricade>
      <AncientSecurityTurret>
        <rects>
          <li>(1,1,1,1)</li>
          <li>(4,1,4,1)</li>
        </rects>
        <chance>0.75</chance>
      </AncientSecurityTurret>
    </things>
  </PrefabDef>


  <PrefabDef>
    <defName>BloodBlast</defName>
    <size>(5,5)</size>
    <things>
      <Filth_Blood>
        <rects>
          <li>(0,1,1,1)</li>
          <li>(1,2,2,2)</li>
          <li>(4,3,4,3)</li>
          <li>(2,4,3,4)</li>
        </rects>
        <hp>-1</hp>
      </Filth_Blood>
      <Filth_BlastMark>
        <position>(2,0,2)</position>
        <hp>-1</hp>
      </Filth_BlastMark>
    </things>
  </PrefabDef>

  <PrefabDef>
    <defName>Exterior_AncientRoad_Long</defName>
    <size>(32,11)</size>
    <things>
      <AncientBarrierLong>
        <chance>0.85</chance>
        <positions>
          <li>(2, 0, 5)</li>
          <li>(6, 0, 5)</li>
          <li>(10, 0, 5)</li>
          <li>(14, 0, 5)</li>
          <li>(18, 0, 5)</li>
          <li>(22, 0, 5)</li>
          <li>(26, 0, 5)</li>
          <li>(30, 0, 5)</li>
        </positions>
        <relativeRotation>Opposite</relativeRotation>
      </AncientBarrierLong>
      <AncientIndustrialTruck>
        <chance>0.5</chance>
        <position>(14, 0, 3)</position>
        <relativeRotation>Counterclockwise</relativeRotation>
      </AncientIndustrialTruck>
      <AncientLamppost>
        <position>(6, 0, 0)</position>
        <hp>209</hp>
      </AncientLamppost>
      <AncientLamppost>
        <position>(14, 0, 0)</position>
      </AncientLamppost>
      <AncientLamppost>
        <position>(22, 0, 0)</position>
        <hp>260</hp>
      </AncientLamppost>
      <AncientLamppost>
        <position>(2, 0, 10)</position>
        <hp>266</hp>
      </AncientLamppost>
      <AncientLamppost>
        <position>(10, 0, 10)</position>
        <hp>251</hp>
      </AncientLamppost>
      <AncientLamppost>
        <position>(18, 0, 10)</position>
        <hp>178</hp>
      </AncientLamppost>
      <AncientLamppost>
        <position>(25, 0, 10)</position>
        <hp>274</hp>
      </AncientLamppost>
      <AncientPodCar>
        <chance>0.5</chance>
        <position>(23, 0, 7)</position>
      </AncientPodCar>
      <AncientFence>
        <chance>0.5</chance>
        <rects>
          <li>(7,0,13,0)</li>
          <li>(15,0,20,0)</li>
          <li>(23,0,29,0)</li>
          <li>(0,10,1,10)</li>
          <li>(3,10,9,10)</li>
          <li>(11,10,17,10)</li>
          <li>(19,10,24,10)</li>
        </rects>
      </AncientFence>
      <AncientRustedCar>
        <chance>0.5</chance>
        <position>(15, 0, 7)</position>
        <relativeRotation>Clockwise</relativeRotation>
      </AncientRustedCar>
    </things>
    <terrain>
      <AncientConcrete>
        <chance>0.95</chance>
        <rects>
          <li>(0,0,27,0)</li>
          <li>(2,2,29,8)</li>
          <li>(4,10,31,10)</li>
        </rects>
      </AncientConcrete>
      <AncientTile>
        <chance>0.95</chance>
        <rects>
          <li>(1,1,28,1)</li>
          <li>(3,9,30,9)</li>
        </rects>
      </AncientTile>
    </terrain>
  </PrefabDef>


  <PrefabDef>
    <defName>Exterior_AncientRoad_Short</defName>
    <size>(16,9)</size>
    <rotations>North</rotations>
    <things>
      <AncientConcreteBarrier>
        <position>(2, 0, 4)</position>
        <hp>413</hp>
      </AncientConcreteBarrier>
      <AncientConcreteBarrier>
        <rects>
          <li>(5,4,5,4)</li>
          <li>(8,4,8,4)</li>
        </rects>
      </AncientConcreteBarrier>
      <AncientConcreteBarrier>
        <position>(11, 0, 4)</position>
        <hp>422</hp>
      </AncientConcreteBarrier>
      <AncientConcreteBarrier>
        <position>(14, 0, 4)</position>
        <hp>292</hp>
      </AncientConcreteBarrier>
      <AncientPodCar>
        <chance>0.5</chance>
        <position>(10, 0, 6)</position>
      </AncientPodCar>
      <AncientRustedCar>
        <chance>0.5</chance>
        <position>(6, 0, 2)</position>
        <relativeRotation>Counterclockwise</relativeRotation>
      </AncientRustedCar>
    </things>
    <terrain>
      <AncientConcrete>
        <chance>0.95</chance>
        <rects>
          <li>(1,1,14,7)</li>
        </rects>
      </AncientConcrete>
      <AncientTile>
        <chance>0.95</chance>
        <rects>
          <li>(0,0,13,0)</li>
          <li>(2,8,15,8)</li>
        </rects>
      </AncientTile>
    </terrain>
  </PrefabDef>

  <PrefabDef>
    <defName>Exterior_BurrowWallGenerator</defName>
    <size>(9,8)</size>
    <things>
      <BurrowWall>
        <chance>0.95</chance>
        <rects>
          <li>(4,1,5,2)</li>
          <li>(2,2,3,2)</li>
          <li>(6,2,6,5)</li>
          <li>(1,3,2,4)</li>
          <li>(5,3,5,5)</li>
          <li>(7,3,7,4)</li>
          <li>(2,5,4,5)</li>
          <li>(3,6,4,6)</li>
        </rects>
      </BurrowWall>
      <AncientGenerator>
        <position>(3, 0, 3)</position>
      </AncientGenerator>
    </things>
    <terrain>
      <InsectSludge>
        <chance>0.85</chance>
        <rects>
          <li>(1,1,7,6)</li>
        </rects>
      </InsectSludge>
    </terrain>
  </PrefabDef>

  <PrefabDef>
    <defName>Exterior_BurrowWallFarm</defName>
    <size>(11,10)</size>
    <things>
      <BurrowWall>
        <chance>0.95</chance>
        <rects>
          <li>(4,0,6,1)</li>
          <li>(3,1,3,1)</li>
          <li>(7,1,9,1)</li>
          <li>(8,2,9,6)</li>
          <li>(2,4,2,7)</li>
          <li>(10,4,10,5)</li>
          <li>(1,5,1,5)</li>
          <li>(3,7,6,7)</li>
          <li>(8,7,8,7)</li>
          <li>(4,8,5,8)</li>
        </rects>
      </BurrowWall>
      <AncientSealedCrate>
        <chance>0.15</chance>
        <position>(5, 0, 3)</position>
      </AncientSealedCrate>
      <Fence>
        <rects>
          <li>(0,2,2,2)</li>
          <li>(0,3,0,9)</li>
          <li>(7,7,7,9)</li>
          <li>(1,9,1,9)</li>
          <li>(3,9,6,9)</li>
        </rects>
        <stuff>WoodLog</stuff>
      </Fence>
      <AnimalFlap>
        <position>(5, 0, 6)</position>
        <stuff>Cloth</stuff>
      </AnimalFlap>
      <FenceGate>
        <position>(2, 0, 9)</position>
        <stuff>WoodLog</stuff>
      </FenceGate>
      <EggBox>
        <chance>0.85</chance>
        <rects>
          <li>(4,3,4,3)</li>
          <li>(6,3,6,3)</li>
          <li>(4,5,4,5)</li>
          <li>(6,5,6,5)</li>
        </rects>
        <stuff>WoodLog</stuff>
      </EggBox>
      <Wall>
        <rects>
          <li>(3,2,7,2)</li>
          <li>(3,3,3,6)</li>
          <li>(7,3,7,6)</li>
          <li>(4,6,4,6)</li>
          <li>(6,6,6,6)</li>
        </rects>
        <stuff>WoodLog</stuff>
      </Wall>
    </things>
    <terrain>
      <AncientWoodPlankFloor>
        <rects>
          <li>(3,2,7,6)</li>
        </rects>
      </AncientWoodPlankFloor>
    </terrain>
  </PrefabDef>

  <PrefabDef>
    <defName>Exterior_BurrowWallCluster_Medium</defName>
    <size>(10,8)</size>
    <things>
      <BurrowWall>
        <chance>0.85</chance>
        <rects>
          <li>(6,0,7,1)</li>
          <li>(4,1,5,1)</li>
          <li>(5,2,6,2)</li>
          <li>(0,3,2,4)</li>
          <li>(4,3,5,4)</li>
          <li>(3,4,3,4)</li>
          <li>(6,4,8,6)</li>
          <li>(1,5,2,5)</li>
          <li>(5,5,5,6)</li>
          <li>(9,6,9,6)</li>
          <li>(6,7,7,7)</li>
        </rects>
      </BurrowWall>
    </things>
    <terrain>
      <InsectSludge>
        <chance>0.85</chance>
        <rects>
          <li>(1,1,8,6)</li>
        </rects>
      </InsectSludge>
    </terrain>
  </PrefabDef>

  <PrefabDef>
    <defName>Exterior_BurrowWallCluster_Large</defName>
    <size>(12,11)</size>
    <things>
      <BurrowWall>
        <chance>0.85</chance>
        <rects>
          <li>(8,0,9,3)</li>
          <li>(7,1,7,2)</li>
          <li>(10,1,10,3)</li>
          <li>(2,2,3,5)</li>
          <li>(0,3,1,4)</li>
          <li>(4,3,5,4)</li>
          <li>(1,5,1,5)</li>
          <li>(4,5,4,6)</li>
          <li>(8,5,10,5)</li>
          <li>(3,6,3,6)</li>
          <li>(7,6,9,8)</li>
          <li>(10,7,11,9)</li>
          <li>(8,9,9,9)</li>
          <li>(9,10,10,10)</li>
        </rects>
      </BurrowWall>
    </things>
    <terrain>
      <InsectSludge>
        <chance>0.85</chance>
        <rects>
          <li>(1,1,10,9)</li>
        </rects>
      </InsectSludge>
    </terrain>
  </PrefabDef>
  
  <PrefabDef>
    <defName>Exterior_AncientLaunchSite_LaunchPad_GridEntry</defName>
    <size>(3,3)</size>
    <things>
      <AncientTransportPod>
        <position>(1, 0, 1)</position>
        <chance>0.3</chance>
      </AncientTransportPod>
      <Filth_BlastMark>
        <position>(1, 0, 1)</position>
        <hp>-1</hp>
        <chance>0.2</chance>
      </Filth_BlastMark>
    </things>
  </PrefabDef>
  
  <PrefabDef>
    <defName>Exterior_AncientLaunchSite_LaunchPad_Large</defName>
    <size>(13,13)</size>
    <things>
      <AncientShipBeacon>
        <rects>
          <li>(0,0,0,0)</li>
          <li>(12,0,12,0)</li>
          <li>(0,12,0,12)</li>
          <li>(12,12,12,12)</li>
        </rects>
      </AncientShipBeacon>
    </things>
    <terrain>
      <AncientTile>
        <rects>
          <li>(0,0,12,0)</li>
          <li>(0,1,0,12)</li>
          <li>(12,1,12,12)</li>
          <li>(1,12,11,12)</li>
        </rects>
      </AncientTile>
      <AncientConcrete>
        <rects>
          <li>(1,1,11,11)</li>
        </rects>
      </AncientConcrete>
    </terrain>
    <prefabs>
      <Exterior_AncientLaunchSite_LaunchPad_GridEntry>
        <positions>
          <li>(2, 0, 2)</li>
          <li>(6, 0, 2)</li>
          <li>(10, 0, 2)</li>
          <li>(2, 0, 6)</li>
          <li>(6, 0, 6)</li>
          <li>(10, 0, 6)</li>
          <li>(2, 0, 10)</li>
          <li>(6, 0, 10)</li>
          <li>(10, 0, 10)</li>
        </positions>
      </Exterior_AncientLaunchSite_LaunchPad_GridEntry>
    </prefabs>
  </PrefabDef>

  <PrefabDef>
    <defName>Exterior_AncientLaunchSite_LaunchPad_Small</defName>
    <size>(9,9)</size>
    <things>
      <AncientShipBeacon>
        <rects>
          <li>(0,0,0,0)</li>
          <li>(8,0,8,0)</li>
          <li>(0,8,0,8)</li>
          <li>(8,8,8,8)</li>
        </rects>
      </AncientShipBeacon>
    </things>
    <terrain>
      <AncientTile>
        <rects>
          <li>(0,0,8,0)</li>
          <li>(0,1,0,8)</li>
          <li>(8,1,8,8)</li>
          <li>(1,8,7,8)</li>
        </rects>
      </AncientTile>
      <AncientConcrete>
        <rects>
          <li>(1,1,7,7)</li>
        </rects>
      </AncientConcrete>
    </terrain>
    <prefabs>
      <Exterior_AncientLaunchSite_LaunchPad_GridEntry>
        <positions>
          <li>(2, 0, 2)</li>
          <li>(6, 0, 2)</li>
          <li>(2, 0, 6)</li>
          <li>(6, 0, 6)</li>
          <li>(2, 0, 10)</li>
          <li>(6, 0, 10)</li>
        </positions>
      </Exterior_AncientLaunchSite_LaunchPad_GridEntry>
    </prefabs>
  </PrefabDef>

</Defs>
