﻿<?xml version="1.0" encoding="utf-8"?>
<Defs>
  
  <!-- Center Platforms -->

  <PrefabDef>
    <defName>OrbitalRelay_Center_1</defName>
    <size>(29,29)</size>
    <things>
      <MechRelay>
        <position>(14, 0, 14)</position>
      </MechRelay>
    </things>
    <terrain>
      <MechanoidPlatform>
        <rects>
          <li>(3,0,25,0)</li>
          <li>(27,0,28,25)</li>
          <li>(3,1,24,10)</li>
          <li>(0,2,2,8)</li>
          <li>(25,2,26,23)</li>
          <li>(2,9,2,11)</li>
          <li>(3,11,11,11)</li>
          <li>(17,11,24,11)</li>
          <li>(6,12,10,28)</li>
          <li>(12,12,16,16)</li>
          <li>(18,12,24,23)</li>
          <li>(5,14,5,28)</li>
          <li>(1,15,4,28)</li>
          <li>(0,16,0,22)</li>
          <li>(11,17,11,28)</li>
          <li>(17,17,17,28)</li>
          <li>(12,18,16,28)</li>
          <li>(18,24,21,24)</li>
          <li>(18,25,20,28)</li>
          <li>(21,27,24,28)</li>
        </rects>
      </MechanoidPlatform>
      <AncientTile>
        <rects>
          <li>(12,11,16,11)</li>
          <li>(11,12,11,16)</li>
          <li>(17,12,17,16)</li>
          <li>(12,17,16,17)</li>
        </rects>
      </AncientTile>
    </terrain>
  </PrefabDef>
  
  <!-- Satellite Platforms -->
  
  <PrefabDef>
    <defName>OrbitalRelay_Satellite_1</defName>
    <size>(15,19)</size>
    <terrain>
      <MechanoidPlatform>
        <rects>
          <li>(6,0,8,17)</li>
          <li>(3,4,5,17)</li>
          <li>(9,4,11,17)</li>
          <li>(12,5,12,17)</li>
          <li>(1,6,2,17)</li>
          <li>(13,7,13,16)</li>
          <li>(0,9,0,14)</li>
        </rects>
      </MechanoidPlatform>
    </terrain>
  </PrefabDef>
  
  <PrefabDef>
    <defName>OrbitalRelay_Satellite_2</defName>
    <size>(15,19)</size>
    <terrain>
      <MechanoidPlatform>
        <rects>
          <li>(6,0,8,16)</li>
          <li>(1,4,5,17)</li>
          <li>(9,4,11,17)</li>
          <li>(12,5,12,17)</li>
          <li>(13,6,13,15)</li>
          <li>(0,7,0,12)</li>
          <li>(14,10,14,12)</li>
          <li>(8,17,8,18)</li>
          <li>(9,18,10,18)</li>
        </rects>
      </MechanoidPlatform>
    </terrain>
  </PrefabDef>
  
  <PrefabDef>
    <defName>OrbitalRelay_Satellite_3</defName>
    <size>(15,19)</size>
    <terrain>
      <MechanoidPlatform>
        <rects>
          <li>(6,0,8,10)</li>
          <li>(3,5,5,10)</li>
          <li>(9,5,11,10)</li>
          <li>(12,6,12,13)</li>
          <li>(2,8,2,11)</li>
          <li>(3,11,3,14)</li>
          <li>(5,11,5,13)</li>
          <li>(7,11,7,11)</li>
          <li>(9,11,10,11)</li>
          <li>(9,12,9,14)</li>
        </rects>
      </MechanoidPlatform>
    </terrain>
  </PrefabDef>

  <!-- Scatter Prefabs -->
  
  <PrefabDef>
    <defName>OrbitalRelay_Scatter_1</defName>
    <size>(10,10)</size>
    <things>
      <MechanoidProcessor>
        <positions>
          <li>(1, 0, 1)</li>
          <li>(7, 0, 1)</li>
          <li>(1, 0, 7)</li>
        </positions>
      </MechanoidProcessor>
    </things>
  </PrefabDef>

  <PrefabDef>
    <defName>OrbitalRelay_Scatter_2</defName>
    <size>(10,10)</size>
    <things>
      <MechanoidProcessor>
        <positions>
          <li>(1, 0, 1)</li>
          <li>(1, 0, 7)</li>
          <li>(7, 0, 7)</li>
        </positions>
      </MechanoidProcessor>
    </things>
  </PrefabDef>

  <PrefabDef>
    <defName>OrbitalRelay_Scatter_3</defName>
    <size>(10,10)</size>
    <things>
      <MechanoidProcessor>
        <positions>
          <li>(1, 0, 1)</li>
          <li>(7, 0, 1)</li>
        </positions>
      </MechanoidProcessor>
    </things>
  </PrefabDef>

</Defs>