﻿<?xml version="1.0" encoding="utf-8" ?>
<Defs>

  <PrefabDef>
    <defName>AncientAntenna_Rows</defName>
    <size>(7,7)</size>
    <things>
      <AncientAntenna>
        <chance>0.5</chance>
        <positions>
          <li>(0, 0, 0)</li>
          <li>(3, 0, 0)</li>
          <li>(6, 0, 0)</li>
          <li>(0, 0, 3)</li>
          <li>(3, 0, 3)</li>
          <li>(6, 0, 3)</li>
          <li>(0, 0, 6)</li>
          <li>(3, 0, 6)</li>
          <li>(6, 0, 6)</li>
        </positions>
      </AncientAntenna>
    </things>
  </PrefabDef>

  <PrefabDef>
    <defName>AncientUraniumSlugTurret</defName>
    <size>(4,4)</size>
    <things>
      <AncientUraniumSlugTurret>
        <position>(1,0,1)</position>
      </AncientUraniumSlugTurret>
      <Barricade>
        <positions>
          <li>(1, 0, 0)</li>
          <li>(2, 0, 0)</li>
          <li>(0, 0, 1)</li>
          <li>(3, 0, 1)</li>
          <li>(0, 0, 2)</li>
          <li>(3, 0, 2)</li>
          <li>(1, 0, 3)</li>
          <li>(2, 0, 3)</li>
        </positions>
        <stuff>Steel</stuff>
      </Barricade>
    </things>
  </PrefabDef>

  <PrefabDef>
    <defName>AncientCrate_LargeCluster</defName>
    <size>(7,7)</size>
    <things>
      <AncientSpacerCrate>
        <chance>0.3</chance>
        <positions>
          <li>(6, 0, 0)</li>
          <li>(2, 0, 1)</li>
          <li>(6, 0, 1)</li>
          <li>(2, 0, 2)</li>
          <li>(4, 0, 2)</li>
          <li>(6, 0, 2)</li>
          <li>(0, 0, 5)</li>
        </positions>
      </AncientSpacerCrate>
      <AncientCrate>
        <chance>0.4</chance>
        <positions>
          <li>(5, 0, 3)</li>
          <li>(5, 0, 4)</li>
        </positions>
      </AncientCrate>
      <AncientCratePallet>
        <chance>0.8</chance>
        <positions>
          <li>(0, 0, 0)</li>
          <li>(3, 0, 0)</li>
          <li>(0, 0, 3)</li>
          <li>(3, 0, 3)</li>
        </positions>
      </AncientCratePallet>
      <AncientBarrel>
        <chance>0.4</chance>
        <positions>
          <li>(6, 0, 3)</li>
          <li>(6, 0, 4)</li>
          <li>(2, 0, 5)</li>
          <li>(3, 0, 5)</li>
          <li>(4, 0, 5)</li>
          <li>(5, 0, 5)</li>
          <li>(6, 0, 5)</li>
          <li>(5, 0, 6)</li>
        </positions>
      </AncientBarrel>
      <AncientMetalCrate>
        <chance>0.6</chance>
        <positions>
          <li>(2, 0, 0)</li>
          <li>(5, 0, 0)</li>
          <li>(5, 0, 1)</li>
          <li>(0, 0, 2)</li>
          <li>(1, 0, 2)</li>
          <li>(3, 0, 2)</li>
          <li>(5, 0, 2)</li>
        </positions>
      </AncientMetalCrate>
    </things>
  </PrefabDef>

  <PrefabDef>
    <defName>AncientBarrelAndPipes</defName>
    <size>(5,5)</size>
    <things>
      <AncientPipe>
        <chance>0.8</chance>
        <positions>
          <li>(1, 0, 0)</li>
          <li>(3, 0, 0)</li>
          <li>(0, 0, 1)</li>
          <li>(0, 0, 1)</li>
          <li>(1, 0, 1)</li>
          <li>(2, 0, 1)</li>
          <li>(2, 0, 1)</li>
          <li>(3, 0, 1)</li>
          <li>(1, 0, 2)</li>
          <li>(1, 0, 3)</li>
          <li>(2, 0, 3)</li>
          <li>(3, 0, 3)</li>
        </positions>
      </AncientPipe>
      <AncientBarrel>
        <chance>0.5</chance>
        <positions>
          <li>(2, 0, 0)</li>
          <li>(4, 0, 0)</li>
          <li>(0, 0, 1)</li>
          <li>(4, 0, 1)</li>
          <li>(0, 0, 2)</li>
          <li>(2, 0, 2)</li>
          <li>(3, 0, 2)</li>
          <li>(4, 0, 2)</li>
          <li>(0, 0, 3)</li>
          <li>(4, 0, 3)</li>
          <li>(2, 0, 4)</li>
        </positions>
      </AncientBarrel>
    </things>
  </PrefabDef>

  <PrefabDef>
    <defName>SpaceTerrain</defName>
    <size>(2,2)</size>
    <terrain>
      <Space>
        <rects>
          <li>(0,0,1,1)</li>
        </rects>
      </Space>
    </terrain>
  </PrefabDef>
  
  <PrefabDef>
    <defName>AncientTransportPod</defName>
    <size>(5,5)</size>
    <things>
      <AncientTransportPod>
        <position>(2, 0, 2)</position>
      </AncientTransportPod>
      <AncientShipBeacon>
        <chance>0.5</chance>
        <rects>
          <li>(0,0,0,0)</li>
          <li>(4,0,4,0)</li>
          <li>(0,4,0,4)</li>
          <li>(4,4,4,4)</li>
        </rects>
      </AncientShipBeacon>
    </things>
    <terrain>
      <AncientTile>
        <rects>
          <li>(0,0,0,4)</li>
          <li>(0,0,4,0)</li>
          <li>(0,4,4,4)</li>
          <li>(4,0,4,4)</li>
        </rects>
      </AncientTile>
      <AncientConcrete>
        <rects>
          <li>(1,1,3,3)</li>
        </rects>
      </AncientConcrete>
    </terrain>
  </PrefabDef>


</Defs>
