﻿<?xml version="1.0" encoding="utf-8"?>
<Defs>

  <TrainableDef>
    <defName>AttackTarget</defName>
    <label>attack target</label>
    <description>Command the animal to attack a specific target.</description>
    <listPriority>799</listPriority>
    <difficulty>200</difficulty>
    <steps>2</steps>
    <prerequisites>
      <li>Release</li>
    </prerequisites>
    <specialTrainable>true</specialTrainable>
  </TrainableDef>

  <TrainableDef>
    <defName>Comfort</defName>
    <label>comfort</label>
    <description>The animal will be more emotionally supportive. It will nuzzle more often, and make your colonists happier when it does so.</description>
    <listPriority>0</listPriority>
    <difficulty>200</difficulty>
    <steps>2</steps>
    <specialTrainable>true</specialTrainable>
  </TrainableDef>

  <TrainableDef>
    <defName>Forage</defName>
    <label>forage</label>
    <description>The animal will occasionally find berries, mushrooms, or food. Animals will find more food in biomes with higher forageability. Foraging can only be done on fertile terrain.</description>
    <listPriority>0</listPriority>
    <difficulty>200</difficulty>
    <steps>3</steps>
    <specialTrainable>true</specialTrainable>
  </TrainableDef>

  <TrainableDef>
    <defName>Dig</defName>
    <label>dig</label>
    <description>The animal will mine rock designated for mining. Animals are generally slow and inefficient at mining.</description>
    <listPriority>0</listPriority>
    <difficulty>200</difficulty>
    <steps>3</steps>
    <specialTrainable>true</specialTrainable>
  </TrainableDef>

  <TrainableDef>
    <defName>EggSpew</defName>
    <label>egg spew</label>
    <description>Command the queen to launch an egg sac and a spray of acidic sludge at the target area. Once trained, the queen will only produce eggs when commanded.</description>
    <listPriority>0</listPriority>
    <difficulty>200</difficulty>
    <steps>2</steps>
    <specialTrainable>true</specialTrainable>
    <enablesAbility>EggSpew</enablesAbility>
  </TrainableDef>

  <TrainableDef>
    <defName>SludgeSpew</defName>
    <label>sludge spew</label>
    <description>Command the larva to spray an acidic sludge all over the target area. Once trained, larva will only spew sludge when commanded.</description>
    <listPriority>0</listPriority>
    <difficulty>200</difficulty>
    <steps>2</steps>
    <specialTrainable>true</specialTrainable>
    <enablesAbility>SludgeSpew</enablesAbility>
  </TrainableDef>

  <TrainableDef>
    <defName>TerrorRoar</defName>
    <label>terror roar</label>
    <description>Command the alpha thrumbo to release a deafening roar. This has a chance to send nearby hostile humans and animals fleeing in terror.</description>
    <listPriority>0</listPriority>
    <difficulty>200</difficulty>
    <steps>2</steps>
    <specialTrainable>true</specialTrainable>
    <enablesAbility>TerrorRoar</enablesAbility>
  </TrainableDef>

  <TrainableDef>
    <defName>WarTrumpet</defName>
    <label>war trumpet</label>
    <description>Command the animal to release a powerful roar. This has a chance to cause hostile humans and animals to tremble in fear, reducing their movement speed and manipulation.</description>
    <listPriority>0</listPriority>
    <difficulty>200</difficulty>
    <steps>2</steps>
    <specialTrainable>true</specialTrainable>
    <enablesAbility>WarTrumpet</enablesAbility>
  </TrainableDef>

  <TrainableDef>
    <defName>ThrumboRoar</defName>
    <label>thrumbo roar</label>
    <description>Command the thrumbo to release a deafening roar. This has a chance to cause hostile humans and animals to tremble in fear, reducing their movement speed and manipulation.</description>
    <listPriority>0</listPriority>
    <difficulty>200</difficulty>
    <steps>2</steps>
    <specialTrainable>true</specialTrainable>
    <enablesAbility>ThrumboRoar</enablesAbility>
  </TrainableDef>

</Defs>