<?xml version="1.0" encoding="utf-8" ?>
<Defs>

  <StyleCategoryDef>
    <defName>Hindu</defName>
    <label>Hindu</label>
    <iconPath>UI/StyleCategories/Hindu</iconPath>
    <soundOngoingRitual>RitualSustainer_Hindu</soundOngoingRitual>
    <ritualVisualEffectDef>Hindu</ritualVisualEffectDef>
    <thingDefStyles>
      <li>
        <thingDef>Apparel_SimpleHelmet</thingDef>
        <styleDef>Hindu_SimpleHelmet</styleDef>
      </li>
      <li>
        <thingDef>Apparel_AdvancedHelmet</thingDef>
        <styleDef>Hindu_AdvancedHelmet</styleDef>
      </li>
      <li>
        <thingDef>SculptureSmall</thingDef>
        <styleDef>Hindu_SculptureSmall</styleDef>
      </li>
      <li>
        <thingDef>SculptureLarge</thingDef>
        <styleDef>Hindu_SculptureLarge</styleDef>
      </li>
      <li>
        <thingDef>SculptureGrand</thingDef>
        <styleDef>Hindu_SculptureGrand</styleDef>
      </li>
      <li>
        <thingDef>Ideogram</thingDef>
        <styleDef>Hindu_IdeogramA</styleDef>
      </li>
      <li>
        <thingDef>Ideogram</thingDef>
        <styleDef>Hindu_IdeogramB</styleDef>
      </li>
    </thingDefStyles>
  </StyleCategoryDef>

  <StyleCategoryDef>
    <defName>Christian</defName>
    <label>Christian</label>
    <iconPath>UI/StyleCategories/Christian</iconPath>
    <soundOngoingRitual>RitualSustainer_Christian</soundOngoingRitual>
    <ritualVisualEffectDef>Christian</ritualVisualEffectDef>
    <thingDefStyles>
      <li>
        <thingDef>SculptureSmall</thingDef>
        <styleDef>Christian_SculptureSmall</styleDef>
      </li>
      <li>
        <thingDef>SculptureLarge</thingDef>
        <styleDef>Christian_SculptureLarge</styleDef>
      </li>
      <li>
        <thingDef>SculptureGrand</thingDef>
        <styleDef>Christian_SculptureGrand</styleDef>
      </li>
      <li>
        <thingDef>Ideogram</thingDef>
        <styleDef>Christian_IdeogramA</styleDef>
      </li>
      <li>
        <thingDef>Ideogram</thingDef>
        <styleDef>Christian_IdeogramB</styleDef>
      </li>
    </thingDefStyles>
  </StyleCategoryDef>

  <StyleCategoryDef>
    <defName>Islamic</defName>
    <label>Islamic</label>
    <iconPath>UI/StyleCategories/Islam</iconPath>
    <soundOngoingRitual>RitualSustainer_Islamic</soundOngoingRitual>
    <ritualVisualEffectDef>Islamic</ritualVisualEffectDef>
    <thingDefStyles>
      <li>
        <thingDef>SculptureSmall</thingDef>
        <styleDef>Islamic_SculptureSmall</styleDef>
      </li>
      <li>
        <thingDef>SculptureLarge</thingDef>
        <styleDef>Islamic_SculptureLarge</styleDef>
      </li>
      <li>
        <thingDef>SculptureGrand</thingDef>
        <styleDef>Islamic_SculptureGrand</styleDef>
      </li>
      <li>
        <thingDef>Ideogram</thingDef>
        <styleDef>Islamic_IdeogramA</styleDef>
      </li>
      <li>
        <thingDef>Ideogram</thingDef>
        <styleDef>Islamic_IdeogramB</styleDef>
      </li>
    </thingDefStyles>
  </StyleCategoryDef>

  <StyleCategoryDef>
    <defName>Buddhist</defName>
    <label>Buddhist</label>
    <iconPath>UI/StyleCategories/Buddhism</iconPath>
    <soundOngoingRitual>RitualSustainer_Buddhist</soundOngoingRitual>
    <ritualVisualEffectDef>Buddhist</ritualVisualEffectDef>
    <thingDefStyles>
      <li>
        <thingDef>SculptureSmall</thingDef>
        <styleDef>Buddhist_SculptureSmall</styleDef>
      </li>
      <li>
        <thingDef>SculptureLarge</thingDef>
        <styleDef>Buddhist_SculptureLarge</styleDef>
      </li>
      <li>
        <thingDef>SculptureGrand</thingDef>
        <styleDef>Buddhist_SculptureGrand</styleDef>
      </li>
      <li>
        <thingDef>Ideogram</thingDef>
        <styleDef>Buddhist_IdeogramA</styleDef>
      </li>
      <li>
        <thingDef>Ideogram</thingDef>
        <styleDef>Buddhist_IdeogramB</styleDef>
      </li>
    </thingDefStyles>
  </StyleCategoryDef>

  <StyleCategoryDef>
    <defName>Morbid</defName>
    <label>morbid</label>
    <iconPath>UI/StyleCategories/Morbid</iconPath>
    <soundOngoingRitual>RitualSustainer_Morbid</soundOngoingRitual>
    <ritualVisualEffectDef>Morbid</ritualVisualEffectDef>
    <thingDefStyles>
      <li>
        <thingDef>SculptureSmall</thingDef>
        <styleDef>Morbid_SculptureSmall</styleDef>
      </li>
      <li>
        <thingDef>SculptureLarge</thingDef>
        <styleDef>Morbid_SculptureLarge</styleDef>
      </li>
      <li>
        <thingDef>SculptureGrand</thingDef>
        <styleDef>Morbid_SculptureGrand</styleDef>
      </li>
      <li>
        <thingDef>Altar_Small</thingDef>
        <styleDef>Morbid_AltarSmall</styleDef>
      </li>
      <li>
        <thingDef>Altar_Medium</thingDef>
        <styleDef>Morbid_AltarMedium</styleDef>
      </li>
      <li>
        <thingDef>Altar_Large</thingDef>
        <styleDef>Morbid_AltarLarge</styleDef>
      </li>
      <li>
        <thingDef>Altar_Grand</thingDef>
        <styleDef>Morbid_AltarGrand</styleDef>
      </li>
      <li>
        <thingDef>Stool</thingDef>
        <styleDef>Morbid_Stool</styleDef>
      </li>
      <li>
        <thingDef>Table1x2c</thingDef>
        <styleDef>Morbid_Table1x2c</styleDef>
      </li>
      <li>
        <thingDef>Table2x2c</thingDef>
        <styleDef>Morbid_Table2x2c</styleDef>
      </li>
      <li>
        <thingDef>Table2x4c</thingDef>
        <styleDef>Morbid_Table2x4c</styleDef>
      </li>
      <li>
        <thingDef>Table3x3c</thingDef>
        <styleDef>Morbid_Table3x3c</styleDef>
      </li>
      <li>
        <thingDef>StandingLamp</thingDef>
        <styleDef>Morbid_StandingLamp</styleDef>
      </li>
      <li>
        <thingDef>WallLamp</thingDef>
        <styleDef>Morbid_WallLamp</styleDef>
      </li>
      <li>
        <thingDef>TorchWallLamp</thingDef>
        <styleDef>Morbid_WallTorch</styleDef>
      </li>
      <li>
        <thingDef>TorchLamp</thingDef>
        <styleDef>Morbid_TorchLamp</styleDef>
      </li>
      <li>
        <thingDef>Column</thingDef>
        <styleDef>Morbid_Column</styleDef>
      </li>
      <li>
        <thingDef>Apparel_ArmorHelmetRecon</thingDef>
        <styleDef>Morbid_ReconHelmet</styleDef>
      </li>
      <li>
        <thingDef>Apparel_PowerArmorHelmet</thingDef>
        <styleDef>Morbid_MarineHelmet</styleDef>
      </li>
      <li MayRequire="Ludeon.RimWorld.Royalty">
        <thingDef>Apparel_ArmorHelmetCataphract</thingDef>
        <styleDef>Morbid_CataphractHelmet</styleDef>
      </li>
      <li>
        <thingDef>Ideogram</thingDef>
        <styleDef>Morbid_IdeogramA</styleDef>
      </li>
      <li>
        <thingDef>Ideogram</thingDef>
        <styleDef>Morbid_IdeogramB</styleDef>
      </li>
    </thingDefStyles>
    <addDesignators>
      <li>MorbidSlab_Medium</li>
      <li>MorbidSlab_Broad</li>
    </addDesignators>
    <addDesignatorGroups>
      <li>Floor_Morbid_Stone</li>
      <li>Floor_Morbid_Carpet</li>
    </addDesignatorGroups>
  </StyleCategoryDef>

  <StyleCategoryDef>
    <defName>Totemic</defName>
    <label>totemic</label>
    <iconPath>UI/StyleCategories/Totemic</iconPath>
    <soundOngoingRitual>RitualSustainer_Totemic</soundOngoingRitual>
    <ritualVisualEffectDef>Totemic</ritualVisualEffectDef>
    <thingDefStyles>
      <li>
        <thingDef>SculptureSmall</thingDef>
        <styleDef>Totemic_SculptureSmall</styleDef>
      </li>
      <li>
        <thingDef>SculptureLarge</thingDef>
        <styleDef>Totemic_SculptureLarge</styleDef>
      </li>
      <li>
        <thingDef>SculptureGrand</thingDef>
        <styleDef>Totemic_SculptureGrand</styleDef>
      </li>
      <li>
        <thingDef>Altar_Small</thingDef>
        <styleDef>Totemic_AltarSmall</styleDef>
      </li>
      <li>
        <thingDef>Altar_Medium</thingDef>
        <styleDef>Totemic_AltarMedium</styleDef>
      </li>
      <li>
        <thingDef>Altar_Large</thingDef>
        <styleDef>Totemic_AltarLarge</styleDef>
      </li>
      <li>
        <thingDef>Altar_Grand</thingDef>
        <styleDef>Totemic_AltarGrand</styleDef>
      </li>
      <li>
        <thingDef>Stool</thingDef>
        <styleDef>Totemic_Stool</styleDef>
      </li>
      <li>
        <thingDef>DiningChair</thingDef>
        <styleDef>Totemic_DiningChair</styleDef>
      </li>
      <li>
        <thingDef>Table1x2c</thingDef>
        <styleDef>Totemic_Table1x2c</styleDef>
      </li>
      <li>
        <thingDef>Table2x2c</thingDef>
        <styleDef>Totemic_Table2x2c</styleDef>
      </li>
      <li>
        <thingDef>Table2x4c</thingDef>
        <styleDef>Totemic_Table2x4c</styleDef>
      </li>
      <li>
        <thingDef>Table3x3c</thingDef>
        <styleDef>Totemic_Table3x3c</styleDef>
      </li>
      <li>
        <thingDef>StandingLamp</thingDef>
        <styleDef>Totemic_StandingLamp</styleDef>
      </li>
      <li>
        <thingDef>WallLamp</thingDef>
        <styleDef>Totemic_WallLamp</styleDef>
      </li>
      <li>
        <thingDef>TorchLamp</thingDef>
        <styleDef>Totemic_TorchLamp</styleDef>
      </li>
      <li>
        <thingDef>TorchWallLamp</thingDef>
        <styleDef>Totemic_WallTorch</styleDef>
      </li>
      <li>
        <thingDef>Column</thingDef>
        <styleDef>Totemic_Column</styleDef>
      </li>
      <li>
        <thingDef>Apparel_ArmorHelmetRecon</thingDef>
        <styleDef>Totemic_ReconHelmet</styleDef>
      </li>
      <li>
        <thingDef>Apparel_PowerArmorHelmet</thingDef>
        <styleDef>Totemic_MarineHelmet</styleDef>
      </li>
      <li MayRequire="Ludeon.RimWorld.Royalty">
        <thingDef>Apparel_ArmorHelmetCataphract</thingDef>
        <styleDef>Totemic_CataphractHelmet</styleDef>
      </li>
      <li>
        <thingDef>Ideogram</thingDef>
        <styleDef>Totemic_IdeogramA</styleDef>
      </li>
      <li>
        <thingDef>Ideogram</thingDef>
        <styleDef>Totemic_IdeogramB</styleDef>
      </li>
    </thingDefStyles>
    <addDesignators>
      <li>TotemicSlab_Medium</li>
      <li>TotemicSlab_Broad</li>
      <li>Boards_Totemic</li>
    </addDesignators>
    <addDesignatorGroups>
      <li>Floor_Totemic_Tile</li>
    </addDesignatorGroups>
  </StyleCategoryDef>

  <StyleCategoryDef>
    <defName>Spikecore</defName>
    <label>spikecore</label>
    <iconPath>UI/StyleCategories/Spikecore</iconPath>
    <soundOngoingRitual>RitualSustainer_Spikecore</soundOngoingRitual>
    <ritualVisualEffectDef>Spikecore</ritualVisualEffectDef>
    <thingDefStyles>
      <li>
        <thingDef>Table1x2c</thingDef>
        <styleDef>Spikecore_Table1x2c</styleDef>
      </li>
      <li>
        <thingDef>Table2x2c</thingDef>
        <styleDef>Spikecore_Table2x2c</styleDef>
      </li>
      <li>
        <thingDef>Table2x4c</thingDef>
        <styleDef>Spikecore_Table2x4c</styleDef>
      </li>
      <li>
        <thingDef>Table3x3c</thingDef>
        <styleDef>Spikecore_Table3x3c</styleDef>
      </li>
      <li>
        <thingDef>StandingLamp</thingDef>
        <styleDef>Spikecore_StandingLamp</styleDef>
      </li>
      <li>
        <thingDef>WallLamp</thingDef>
        <styleDef>Spikecore_WallLamp</styleDef>
      </li>
      <li>
        <thingDef>TorchLamp</thingDef>
        <styleDef>Spikecore_TorchLamp</styleDef>
      </li>
      <li>
        <thingDef>TorchWallLamp</thingDef>
        <styleDef>Spikecore_WallTorch</styleDef>
      </li>
      <li>
        <thingDef>Column</thingDef>
        <styleDef>Spikecore_Column</styleDef>
      </li>
      <li>
        <thingDef>Apparel_SimpleHelmet</thingDef>
        <styleDef>Spikecore_SimpleHelmet</styleDef>
      </li>
      <li>
        <thingDef>Apparel_AdvancedHelmet</thingDef>
        <styleDef>Spikecore_AdvancedHelmet</styleDef>
      </li>
      <li>
        <thingDef>Apparel_FlakJacket</thingDef>
        <styleDef>Spikecore_FlakJacket</styleDef>
      </li>
      <li>
        <thingDef>Apparel_Duster</thingDef>
        <styleDef>Spikecore_Duster</styleDef>
      </li>
      <li>
        <thingDef>Apparel_Jacket</thingDef>
        <styleDef>Spikecore_Jacket</styleDef>
      </li>
      <li>
        <thingDef>Apparel_Parka</thingDef>
        <styleDef>Spikecore_Parka</styleDef>
      </li>
    </thingDefStyles>
    <addDesignators>
      <li>SpikecoreFloorStar_Medium</li>
      <li>SpikecoreFloorStar_Broad</li>
      <li>Plates_Spikecore</li>
    </addDesignators>
    <addDesignatorGroups>
      <li>Floor_Spikecore_Tile</li>
    </addDesignatorGroups>
  </StyleCategoryDef>

  <StyleCategoryDef>
    <defName>Rustic</defName>
    <label>rustic</label>
    <iconPath>UI/StyleCategories/Rustic</iconPath>
    <soundOngoingRitual>RitualSustainer_Rustic</soundOngoingRitual>
    <ritualVisualEffectDef>Rustic</ritualVisualEffectDef>
    <thingDefStyles>
      <li>
        <thingDef>Apparel_SimpleHelmet</thingDef>
        <styleDef>Rustic_SimpleHelmet</styleDef>
      </li>
      <li>
        <thingDef>Apparel_AdvancedHelmet</thingDef>
        <styleDef>Rustic_AdvancedHelmet</styleDef>
      </li>
      <li>
        <thingDef>Column</thingDef>
        <styleDef>Rustic_Column</styleDef>
      </li>
      <li>
        <thingDef>StandingLamp</thingDef>
        <styleDef>Rustic_StandingLamp</styleDef>
      </li>
      <li>
        <thingDef>WallLamp</thingDef>
        <styleDef>Rustic_WallLamp</styleDef>
      </li>
      <li>
        <thingDef>TorchLamp</thingDef>
        <styleDef>Rustic_TorchLamp</styleDef>
      </li>
      <li>
        <thingDef>TorchWallLamp</thingDef>
        <styleDef>Rustic_WallTorch</styleDef>
      </li>
      <li>
        <thingDef>Table1x2c</thingDef>
        <styleDef>Rustic_Table1x2c</styleDef>
      </li>
      <li>
        <thingDef>Table2x2c</thingDef>
        <styleDef>Rustic_Table2x2c</styleDef>
      </li>
      <li>
        <thingDef>Table2x4c</thingDef>
        <styleDef>Rustic_Table2x4c</styleDef>
      </li>
      <li>
        <thingDef>Table3x3c</thingDef>
        <styleDef>Rustic_Table3x3c</styleDef>
      </li>
    </thingDefStyles>
    <addDesignators>
      <li>RusticRug_Medium</li>
      <li>RusticRug_Broad</li>
    </addDesignators>
  </StyleCategoryDef>

  <StyleCategoryDef>
    <defName>Animalist</defName>
    <label>animalist</label>
    <iconPath>UI/StyleCategories/Animalist</iconPath>
    <soundOngoingRitual>RitualSustainer_Animalist</soundOngoingRitual>
    <ritualVisualEffectDef>Animalist</ritualVisualEffectDef>
    <thingDefStyles>
      <li>
        <thingDef>SculptureSmall</thingDef>
        <styleDef>Animalist_SculptureSmall</styleDef>
      </li>
      <li>
        <thingDef>SculptureLarge</thingDef>
        <styleDef>Animalist_SculptureLarge</styleDef>
      </li>
      <li>
        <thingDef>SculptureGrand</thingDef>
        <styleDef>Animalist_SculptureGrand</styleDef>
      </li>
      <li>
        <thingDef>Apparel_ArmorHelmetRecon</thingDef>
        <styleDef>Animalist_ReconHelmet</styleDef>
      </li>
      <li>
        <thingDef>Apparel_PowerArmorHelmet</thingDef>
        <styleDef>Animalist_MarineHelmet</styleDef>
      </li>
      <li MayRequire="Ludeon.RimWorld.Royalty">
        <thingDef>Apparel_ArmorHelmetCataphract</thingDef>
        <styleDef>Animalist_CataphractHelmet</styleDef>
      </li>
      <li>
        <thingDef>Apparel_WarMask</thingDef>
        <styleDef>Animalist_WarMask</styleDef>
      </li>
    </thingDefStyles>
    <addDesignators>
      <li>AnimalistSlab_Medium</li>
      <li>AnimalistSlab_Broad</li>
    </addDesignators>
  </StyleCategoryDef>

  <StyleCategoryDef>
    <defName>Techist</defName>
    <label>techist</label>
    <iconPath>UI/StyleCategories/Techist</iconPath>
    <soundOngoingRitual>RitualSustainer_Techist</soundOngoingRitual>
    <ritualVisualEffectDef>Techist</ritualVisualEffectDef>
    <thingDefStyles>
      <li>
        <thingDef>Column</thingDef>
        <styleDef>Techist_Column</styleDef>
      </li>
      <li>
        <thingDef>PlantPot</thingDef>
        <styleDef>Techist_PlantPot</styleDef>
      </li>
      <li>
        <thingDef>StandingLamp</thingDef>
        <styleDef>Techist_StandingLamp</styleDef>
      </li>
      <li>
        <thingDef>WallLamp</thingDef>
        <styleDef>Techist_WallLamp</styleDef>
      </li>
      <li>
        <thingDef>Shelf</thingDef>
        <styleDef>Techist_Shelf</styleDef>
      </li>
      <li>
        <thingDef>ShelfSmall</thingDef>
        <styleDef>Techist_ShelfSmall</styleDef>
      </li>
      <li>
        <thingDef>Autodoor</thingDef>
        <styleDef>Techist_Autodoor</styleDef>
      </li>
      <li>
        <thingDef>Table1x2c</thingDef>
        <styleDef>Techist_Table1x2c</styleDef>
      </li>
      <li>
        <thingDef>Table2x2c</thingDef>
        <styleDef>Techist_Table2x2c</styleDef>
      </li>
      <li>
        <thingDef>Table2x4c</thingDef>
        <styleDef>Techist_Table2x4c</styleDef>
      </li>
      <li>
        <thingDef>Table3x3c</thingDef>
        <styleDef>Techist_Table3x3c</styleDef>
      </li>
    </thingDefStyles>
    <addDesignators>
      <li>Tile_Transhumanist</li>
    </addDesignators>
    <addDesignatorGroups>
      <li>Floor_Transhumanist_Carpet</li>
    </addDesignatorGroups>
  </StyleCategoryDef>

</Defs>