﻿<?xml version="1.0" encoding="utf-8" ?>
<Defs>

  <EffecterDef>
    <defName>Vomit</defName>
    <children>
      <li>
        <subEffecterClass>SubEffecter_SprayerContinuous</subEffecterClass>
        <scale>0.5~0.7</scale>
        <ticksBetweenMotes>20</ticksBetweenMotes>
        <positionLerpFactor>0.35</positionLerpFactor>
        <positionRadius>0.2</positionRadius>
        <moteDef>Mote_VomitBit</moteDef>
      </li>
    </children>
  </EffecterDef>

  <EffecterDef>
    <defName>ExtinguisherExplosion</defName>
    <children>
      <li>
        <subEffecterClass>SubEffecter_SprayerTriggered</subEffecterClass>
        <positionRadius>0.2</positionRadius>
        <moteDef>Mote_ExtinguisherPuff</moteDef>
        <burstCount>10~15</burstCount>
        <speed>4.8~8.4</speed>
        <scale>4~5</scale>
      </li>
    </children>
  </EffecterDef>

  <EffecterDef>
    <defName>ExtinguisherPuffSmall</defName>
    <children>
      <li>
        <subEffecterClass>SubEffecter_SprayerTriggered</subEffecterClass>
        <positionRadius>0.2</positionRadius>
        <moteDef>Mote_ExtinguisherPuff</moteDef>
        <burstCount>5~10</burstCount>
        <speed>0.8~1.5</speed>
        <scale>0.5~0.8</scale>
      </li>
    </children>
  </EffecterDef>

  <ThingDef ParentName="MoteBase">
    <defName>Mote_ExtinguisherPuff</defName>
    <altitudeLayer>MoteOverhead</altitudeLayer>
    <mote>
      <fadeInTime>0.25</fadeInTime>
      <solidTime>0.55</solidTime>
      <fadeOutTime>1.65</fadeOutTime>
      <growthRate>0.07</growthRate>
      <collide>true</collide>
      <speedPerTime>-0.12</speedPerTime>
    </mote>
    <graphicData>
      <texPath>Things/Mote/Smoke</texPath>
    </graphicData>
  </ThingDef>

  <EffecterDef>
    <defName>PlayPoker</defName>
    <children>
      <li>
        <subEffecterClass>SubEffecter_InteractSymbol</subEffecterClass>
        <moteDef>Mote_Cards</moteDef>
      </li>
      <li>
        <subEffecterClass>SubEffecter_SoundIntermittent</subEffecterClass>
        <soundDef>PokerChips</soundDef>
        <intermittentSoundInterval><min>750</min><max>4300</max></intermittentSoundInterval>
      </li>
    </children>
  </EffecterDef>

  <EffecterDef>
    <defName>GiantExplosion</defName>
    <children>
      <li>
        <subEffecterClass>SubEffecter_SprayerTriggered</subEffecterClass>
        <moteDef>Mote_GiantExplosion</moteDef>
        <scale>1~1</scale>
      </li>
      <li>
        <subEffecterClass>SubEffecter_SprayerTriggered</subEffecterClass>
        <moteDef>Mote_GiantExplosionInner</moteDef>
        <scale>5~5</scale>
      </li>
    </children>
  </EffecterDef>

  <EffecterDef>
    <defName>DisabledByEMP</defName>
    <children>
      <li>
        <subEffecterClass>SubEffecter_Sustainer</subEffecterClass>
        <soundDef>EmpDisabled</soundDef>
      </li>
      <li>
        <subEffecterClass>SubEffecter_SprayerTriggered</subEffecterClass>
        <fleckDef>GrowingFlash</fleckDef>
        <burstCount>1~1</burstCount>
        <scale>5~5</scale>
        <spawnLocType>OnSource</spawnLocType>
      </li>
      <li>
        <subEffecterClass>SubEffecter_SprayerChance</subEffecterClass>
        <fleckDef>BlastEMP</fleckDef>
        <scale>0.6~1</scale>
        <spawnLocType>RandomCellOnTarget</spawnLocType>
        <burstCount>1~1</burstCount>
        <chancePerTick>0.052</chancePerTick>
        <positionRadius>0.25</positionRadius>
      </li>
      <li>
        <subEffecterClass>SubEffecter_SprayerContinuous</subEffecterClass>
        <fleckDef>Smoke</fleckDef>
        <ticksBetweenMotes>30</ticksBetweenMotes>
        <scale>0.6~1.1</scale>
        <spawnLocType>OnSource</spawnLocType>
        <absoluteAngle>true</absoluteAngle>
        <angle>30~70</angle>
        <speed>0.2~0.35</speed>
      </li>
    </children>
  </EffecterDef>

  <EffecterDef>
    <defName>WatchingTelevision</defName>
    <children>
      <li>
        <subEffecterClass>SubEffecter_Sustainer</subEffecterClass>
        <soundDef>Television_Ambience</soundDef>
      </li>
      <li>
        <subEffecterClass>SubEffecter_SprayerChance</subEffecterClass>
        <fleckDef>PlainFlash</fleckDef>
        <spawnLocType>RandomCellOnTarget</spawnLocType>
        <chancePerTick>0.05</chancePerTick>
        <color>(1,1,1,0.1)</color>
        <scale>1.5~3</scale>
      </li>
    </children>
  </EffecterDef>

  <EffecterDef>
    <defName>RaisedRock_Collapse</defName>
    <children>
      <li>
        <subEffecterClass>SubEffecter_SprayerTriggered</subEffecterClass>
        <positionRadius>0.2</positionRadius>
        <fleckDef>DustPuff</fleckDef>
        <burstCount>4~7</burstCount>
        <speed>0.8~1.4</speed>
        <scale>2~2.5</scale>
      </li>
    </children>
  </EffecterDef>

  <EffecterDef>
    <defName>BulletShieldGenerator_Reactivate</defName>
    <children>
      <li>
        <subEffecterClass>SubEffecter_SoundTriggered</subEffecterClass>
        <soundDef>BulletShieldGenerator_Reactivate</soundDef>
        <spawnLocType>OnSource</spawnLocType>
      </li>
      <li>
        <subEffecterClass>SubEffecter_SprayerTriggered</subEffecterClass>
        <fleckDef>GrowingFlash</fleckDef>
        <burstCount>1~1</burstCount>
        <scale>0~0</scale>
        <spawnLocType>OnSource</spawnLocType>
      </li>
    </children>
  </EffecterDef>

  <EffecterDef>
    <defName>AcidSpray_Directional</defName>
    <children>
      <li>
        <subEffecterClass>SubEffecter_SprayerTriggered</subEffecterClass>
        <positionRadius>0.15</positionRadius>
        <fleckDef>AcidSpray</fleckDef>
        <burstCount>10~15</burstCount>
        <speed>0.6~3.0</speed>
        <scale>0.5~1.2</scale>
        <angle>-15~15</angle>
        <positionLerpFactor>0.8</positionLerpFactor>
        <fleckUsesAngleForVelocity>true</fleckUsesAngleForVelocity>
      </li>
    </children>
  </EffecterDef>

  <EffecterDef>
    <defName>FoamSpray_Directional</defName>
    <children>
      <li>
        <subEffecterClass>SubEffecter_SprayerTriggered</subEffecterClass>
        <positionRadius>0.15</positionRadius>
        <fleckDef>FoamSpray</fleckDef>
        <burstCount>2~4</burstCount>
        <speed>0.6~3.3</speed>
        <scale>0.8~1.25</scale>
        <angle>-24~24</angle>
        <positionLerpFactor>0.85</positionLerpFactor>
        <fleckUsesAngleForVelocity>true</fleckUsesAngleForVelocity>
      </li>
    </children>
  </EffecterDef>

  <EffecterDef>
    <defName>Vaporize_Heatwave</defName>
    <children>
      <li>
        <subEffecterClass>SubEffecter_SprayerTriggered</subEffecterClass>
        <fleckDef>Fleck_HeatWaveDistortion</fleckDef>
        <burstCount>1</burstCount>
        <spawnLocType>OnSource</spawnLocType>
      </li>
      <li>
        <subEffecterClass>SubEffecter_SprayerTriggered</subEffecterClass>
        <fleckDef>Fleck_HeatDiffusion</fleckDef>
        <burstCount>1</burstCount>
        <spawnLocType>OnSource</spawnLocType>
      </li>
      <li>
        <subEffecterClass>SubEffecter_SprayerTriggered</subEffecterClass>
        <fleckDef>Fleck_RadialSparks</fleckDef>
        <burstCount>1</burstCount>
        <spawnLocType>OnSource</spawnLocType>
      </li>
      <li>
        <subEffecterClass>SubEffecter_SprayerTriggered</subEffecterClass>
        <fleckDef>Fleck_VaporizeGlow</fleckDef>
        <burstCount>1</burstCount>
        <spawnLocType>OnSource</spawnLocType>
      </li>
      <li>
        <subEffecterClass>SubEffecter_SprayerTriggered</subEffecterClass>
        <fleckDef>Fleck_VaporizeRays_A</fleckDef>
        <burstCount>1</burstCount>
        <rotationRate>30</rotationRate>
        <spawnLocType>OnSource</spawnLocType>
      </li>
      <li>
        <subEffecterClass>SubEffecter_SprayerTriggered</subEffecterClass>
        <fleckDef>Fleck_VaporizeRays_B</fleckDef>
        <burstCount>1</burstCount>
        <rotationRate>-20</rotationRate>
        <spawnLocType>OnSource</spawnLocType>
      </li>
      <li>
        <subEffecterClass>SubEffecter_SprayerTriggered</subEffecterClass>
        <fleckDef>Fleck_VaporizeCenterFlash</fleckDef>
        <burstCount>1</burstCount>
        <spawnLocType>OnSource</spawnLocType>
      </li>
    </children>
  </EffecterDef>
  
  <EffecterDef>
    <defName>Shield_Break</defName>
    <children>
      <li>
        <subEffecterClass>SubEffecter_SoundTriggered</subEffecterClass>
        <soundDef>EnergyShield_Broken</soundDef>
        <spawnLocType>OnSource</spawnLocType>
      </li>
      <li>
        <subEffecterClass>SubEffecter_SprayerTriggered</subEffecterClass>
        <moteDef>FlashShieldBreak</moteDef>
        <scale>2</scale>
        <burstCount>1</burstCount>
        <spawnLocType>OnSource</spawnLocType>
        <attachToSpawnThing>true</attachToSpawnThing>
      </li>
      <li>
        <subEffecterClass>SubEffecter_SprayerTriggered</subEffecterClass>
        <moteDef>CracksShieldBreak</moteDef>
        <scale>2</scale>
        <burstCount>1</burstCount>
        <spawnLocType>OnSource</spawnLocType>
        <attachToSpawnThing>true</attachToSpawnThing>
      </li>
    </children>
  </EffecterDef>
  
  <EffecterDef Name="Power_Cell_Burning_Base" Abstract="True">
    <children>
      <li>
        <subEffecterClass>SubEffecter_SprayerContinuous</subEffecterClass>
        <positionRadius>0.15</positionRadius>
        <moteDef>Mote_PowerCellBurning</moteDef>
        <ticksBetweenMotes>50</ticksBetweenMotes>
        <scale>0.9~1.1</scale>
        <angle>0</angle>
        <rotation>-15~15</rotation>
        <positionOffset>(0, 0, 0.4)</positionOffset>
        <spawnLocType>OnSource</spawnLocType>
      </li>
      <li>
        <subEffecterClass>SubEffecter_SprayerChance</subEffecterClass>
        <fleckDef>SmokeGrowing</fleckDef>
        <chancePerTick>0.05</chancePerTick>
        <scale>1.1~1.5</scale>
        <rotationRate>15~30</rotationRate>
        <speed>0.6~1.8</speed>
        <angle>32~40</angle>
        <fleckUsesAngleForVelocity>true</fleckUsesAngleForVelocity>
        <positionOffset>(0, 0, 0.4)</positionOffset>
      </li>
    </children>
  </EffecterDef>

  <EffecterDef ParentName="Power_Cell_Burning_Base">
  <defName>Power_Cell_Burning</defName>
    <children>
      <li>
        <subEffecterClass>SubEffecter_SprayerContinuous</subEffecterClass>
        <positionRadius>0.2</positionRadius>
        <fleckDef>FlashPowerCell</fleckDef>
        <ticksBetweenMotes>15</ticksBetweenMotes>
        <scale>4~5</scale>
        <angle>0</angle>
        <rotation>0~360</rotation>
        <positionOffset>(0, 0, 0.35)</positionOffset>
        <spawnLocType>OnSource</spawnLocType>
      </li>
      <li>
        <subEffecterClass>SubEffecter_SoundTriggered</subEffecterClass>
        <soundDef>BurningPowerCell_Start</soundDef>
        <spawnLocType>OnTarget</spawnLocType>
      </li>
      <li>
        <subEffecterClass>SubEffecter_Sustainer</subEffecterClass>
        <soundDef>BurningPowerCell_Loop</soundDef>
        <spawnLocType>OnTarget</spawnLocType>
      </li>
    </children>
  </EffecterDef>

  <EffecterDef ParentName="Power_Cell_Burning_Base">
    <defName>Power_Cell_Sparks</defName>
    <children>
      <li>
        <subEffecterClass>SubEffecter_SprayerContinuous</subEffecterClass>
        <positionRadius>0.2</positionRadius>
        <fleckDef>FlashPowerCellIntense</fleckDef>
        <ticksBetweenMotes>13</ticksBetweenMotes>
        <scale>4~6</scale>
        <angle>0</angle>
        <rotation>0~360</rotation>
        <positionOffset>(0, 0, 0.35)</positionOffset>
        <spawnLocType>OnSource</spawnLocType>
      </li>
      <li>
        <subEffecterClass>SubEffecter_SprayerChance</subEffecterClass>
        <moteDef>Mote_SparkThrownFastBright</moteDef>
        <chancePerTick>0.7</chancePerTick>
        <scale>0.2~0.25</scale>
        <airTime>0.08~0.16</airTime>
        <rotationRate>-240~240</rotationRate>
        <speed>9~15</speed>
        <angle>-30~30</angle>
        <positionOffset>(0, 0, 0.4)</positionOffset>
        <positionRadius>0.01</positionRadius>
      </li>
      <li>
        <subEffecterClass>SubEffecter_SoundTriggered</subEffecterClass>
        <soundDef>BurningPowerCell_End</soundDef>
        <spawnLocType>OnTarget</spawnLocType>
      </li>
    </children>
  </EffecterDef>

</Defs>
