<?xml version="1.0" encoding="utf-8" ?>
<Defs>

  <!-- Legionary -->
  <ThingDef ParentName="LancerMechanoidWalker">
    <defName>Mech_Legionary</defName>
    <label>legionary</label>
    <description>A combat support mechanoid with a wide range bullet shield and long-range needle gun. Designed to support other mechanoids from long range, the legionary is vulnerable to anyone who can get inside its shield.</description>
    <statBases>
      <MarketValue>1200</MarketValue>
      <MoveSpeed>4.3</MoveSpeed>
      <EnergyShieldRechargeRate>0.25</EnergyShieldRechargeRate>
      <EnergyShieldEnergyMax>1.5</EnergyShieldEnergyMax>
      <BandwidthCost>2</BandwidthCost>
      <ControlTakingTime>18</ControlTakingTime>
    </statBases>
    <race>
      <lifeStageAges Inherit="False">
        <li>
          <def>MechanoidFullyFormed</def>
          <minAge>0</minAge>
          <soundWounded>Pawn_Mech_Legionary_Wounded</soundWounded>
          <soundDeath>Pawn_Mech_Legionary_Death</soundDeath>
          <soundCall>Pawn_Mech_Legionary_Call</soundCall>
        </li>
        <li>
          <def>MechanoidFullyFormed</def>
          <minAge>100</minAge>
          <soundWounded>Pawn_Mech_Legionary_Wounded</soundWounded>
          <soundDeath>Pawn_Mech_Legionary_Death</soundDeath>
          <soundCall>Pawn_Mech_Legionary_Call</soundCall>
        </li>
      </lifeStageAges>
    </race>
    <comps>
      <li Class="CompProperties_ProjectileInterceptor">
        <radius>3</radius>
        <interceptGroundProjectiles>true</interceptGroundProjectiles>
        <color>(0.4, 0.4, 0.4)</color>
        <reactivateEffect>BulletShieldGenerator_Reactivate</reactivateEffect>
        <activeSound>BulletShield_Ambience</activeSound>
        <hitPoints>200</hitPoints>
        <hitPointsRestoreInstantlyAfterCharge>true</hitPointsRestoreInstantlyAfterCharge>
        <chargeDurationTicks>5400</chargeDurationTicks><!-- 90s -->
        <drawWithNoSelection>True</drawWithNoSelection>
        <disarmedByEmpForTicks>1500</disarmedByEmpForTicks>
        <gizmoTipKey>ProjectileInterceptorTip</gizmoTipKey>
      </li>
    </comps>
  </ThingDef>
  
  <PawnKindDef ParentName="BaseMechanoidKind">
    <defName>Mech_Legionary</defName>
    <label>legionary</label>
    <race>Mech_Legionary</race>
    <combatPower>150</combatPower>
    <allowInMechClusters>false</allowInMechClusters>
    <lifeStages>
      <li>
        <bodyGraphicData>
          <texPath>Things/Pawn/Mechanoid/Legionary</texPath>
          <maskPath>Things/Pawn/Mechanoid/AllegianceOverlays/Mech_Legionary</maskPath>
          <shaderType>CutoutWithOverlay</shaderType>
          <drawSize>1.5</drawSize>
        </bodyGraphicData>
      </li>
      <li>
        <bodyGraphicData>
          <texPath>Things/Pawn/Mechanoid/LegionaryAncient</texPath>
          <maskPath>Things/Pawn/Mechanoid/AllegianceOverlays/Mech_Legionary</maskPath>
          <shaderType>CutoutWithOverlay</shaderType>
          <drawSize>1.5</drawSize>
        </bodyGraphicData>
      </li>
    </lifeStages>
    <weaponMoney>9999~9999</weaponMoney>
    <weaponTags>
      <li>MechanoidGunLongRange</li>
    </weaponTags>
    <techHediffsChance>1</techHediffsChance>
    <techHediffsMoney>9999~9999</techHediffsMoney>
    <controlGroupPortraitZoom>1.2</controlGroupPortraitZoom>
  </PawnKindDef>

  <!-- Tesseron -->
  <ThingDef ParentName="LancerMechanoidWalker">
    <defName>Mech_Tesseron</defName>
    <label>tesseron</label>
    <description>A medium-range combat mechanoid. While it is fairly vulnerable to attacks, the tesseron's sweeping beam graser attack is so deadly that few opponents can get shots off against it.</description>
    <race>
      <lifeStageAges Inherit="False">
        <li>
          <def>MechanoidFullyFormed</def>
          <minAge>0</minAge>
          <soundWounded>Pawn_Mech_Tesseron_Wounded</soundWounded>
          <soundDeath>Pawn_Mech_Tesseron_Death</soundDeath>
          <soundCall>Pawn_Mech_Tesseron_Call</soundCall>
        </li>
        <li>
          <def>MechanoidFullyFormed</def>
          <minAge>100</minAge>
          <soundWounded>Pawn_Mech_Tesseron_Wounded</soundWounded>
          <soundDeath>Pawn_Mech_Tesseron_Death</soundDeath>
          <soundCall>Pawn_Mech_Tesseron_Call</soundCall>
        </li>
      </lifeStageAges>
    </race>
    <statBases>
      <BandwidthCost>3</BandwidthCost>
      <ControlTakingTime>18</ControlTakingTime>
    </statBases>
  </ThingDef>

  <PawnKindDef ParentName="BaseMechanoidKind">
    <defName>Mech_Tesseron</defName>
    <label>tesseron</label>
    <race>Mech_Tesseron</race>
    <combatPower>150</combatPower>
    <lifeStages>
      <li>
        <bodyGraphicData>
          <texPath>Things/Pawn/Mechanoid/Tesseron</texPath>
          <maskPath>Things/Pawn/Mechanoid/AllegianceOverlays/Mech_Beamstrider</maskPath>
          <shaderType>CutoutWithOverlay</shaderType>
          <graphicClass>Graphic_Multi</graphicClass>
          <drawSize>1.5</drawSize>
        </bodyGraphicData>
      </li>
      <li>
        <bodyGraphicData>
          <texPath>Things/Pawn/Mechanoid/TesseronAncient</texPath>
          <maskPath>Things/Pawn/Mechanoid/AllegianceOverlays/Mech_Beamstrider</maskPath>
          <shaderType>CutoutWithOverlay</shaderType>
          <graphicClass>Graphic_Multi</graphicClass>
          <drawSize>1.5</drawSize>
        </bodyGraphicData>
      </li>
    </lifeStages>
    <weaponMoney>9999~9999</weaponMoney>
    <weaponTags>
      <li>BeamGraserGun</li>
    </weaponTags>
    <techHediffsChance>1</techHediffsChance>
    <techHediffsMoney>9999~9999</techHediffsMoney>
  </PawnKindDef>

  <!-- Scorcher -->
  <ThingDef ParentName="BaseMechanoidWalker">
    <defName>Mech_Scorcher</defName>
    <label>scorcher</label>
    <description>A close-approach war mechanoid that specializes in incendiary attacks. Its flame burst attack has little reach, but once it closes on a group of defenders it can ignite and disrupt them with blasts of searing flame.</description>
    <statBases>
      <MoveSpeed>4.5</MoveSpeed>
      <BandwidthCost>2</BandwidthCost>
    </statBases>
    <tools>
      <li>
        <label>front left leg</label>
        <capacities>
          <li>Blunt</li>
        </capacities>
        <power>12.0</power>
        <cooldownTime>2</cooldownTime>
        <linkedBodyPartsGroup>FrontLeftLeg</linkedBodyPartsGroup>
        <alwaysTreatAsWeapon>true</alwaysTreatAsWeapon>
      </li>
      <li>
        <label>front right leg</label>
        <capacities>
          <li>Blunt</li>
        </capacities>
        <power>12.0</power>
        <cooldownTime>2</cooldownTime>
        <linkedBodyPartsGroup>FrontRightLeg</linkedBodyPartsGroup>
        <alwaysTreatAsWeapon>true</alwaysTreatAsWeapon>
      </li>
      <li>
        <label>head</label>
        <capacities>
          <li>Blunt</li>
        </capacities>
        <power>8.5</power>
        <cooldownTime>2</cooldownTime>
        <linkedBodyPartsGroup>HeadAttackTool</linkedBodyPartsGroup>
        <ensureLinkedBodyPartsGroupAlwaysUsable>true</ensureLinkedBodyPartsGroupAlwaysUsable>
        <chanceFactor>0.2</chanceFactor>
      </li>
    </tools>
    <race>
      <body>Scorcher</body>
      <baseHealthScale>0.7</baseHealthScale>
      <soundMeleeHitPawn>Pawn_Melee_Punch_HitPawn</soundMeleeHitPawn>
      <soundMeleeHitBuilding>Pawn_Melee_Punch_HitBuilding</soundMeleeHitBuilding>
      <soundMeleeMiss>Pawn_Melee_Punch_Miss</soundMeleeMiss>
      <lifeStageAges Inherit="False">
        <li>
          <def>MechanoidFullyFormed</def>
          <minAge>0</minAge>
          <soundWounded>Pawn_Mech_Scorcher_Wounded</soundWounded>
          <soundDeath>Pawn_Mech_Scorcher_Death</soundDeath>
          <soundCall>Pawn_Mech_Scorcher_Call</soundCall>
        </li>
        <li>
          <def>MechanoidFullyFormed</def>
          <minAge>100</minAge>
          <soundWounded>Pawn_Mech_Scorcher_Wounded</soundWounded>
          <soundDeath>Pawn_Mech_Scorcher_Death</soundDeath>
          <soundCall>Pawn_Mech_Scorcher_Call</soundCall>
        </li>
      </lifeStageAges>
      <mechWeightClass>Medium</mechWeightClass>
    </race>
  </ThingDef>

  <PawnKindDef ParentName="BaseMechanoidKind">
    <defName>Mech_Scorcher</defName>
    <label>scorcher</label>
    <labelPlural>scorchers</labelPlural>
    <race>Mech_Scorcher</race>
    <combatPower>110</combatPower>
    <lifeStages>
      <li>
        <bodyGraphicData>
          <texPath>Things/Pawn/Mechanoid/Scorcher</texPath>
          <maskPath>Things/Pawn/Mechanoid/AllegianceOverlays/Mech_Scorcher</maskPath>
          <shaderType>CutoutWithOverlay</shaderType>
          <graphicClass>Graphic_Multi</graphicClass>
          <drawSize>1.8</drawSize>
        </bodyGraphicData>
      </li>
      <li>
        <bodyGraphicData>
          <texPath>Things/Pawn/Mechanoid/ScorcherAncient</texPath>
          <maskPath>Things/Pawn/Mechanoid/AllegianceOverlays/Mech_Scorcher</maskPath>
          <shaderType>CutoutWithOverlay</shaderType>
          <graphicClass>Graphic_Multi</graphicClass>
          <drawSize>1.8</drawSize>
        </bodyGraphicData>
      </li>
    </lifeStages>
    <weaponMoney>9999~9999</weaponMoney>
    <weaponTags>
      <li>MechanoidGunMiniFlameblaster</li>
    </weaponTags>
    <techHediffsChance>1</techHediffsChance>
    <techHediffsMoney>9999~9999</techHediffsMoney>
  </PawnKindDef>

  <!-- Apocriton -->
  <ThingDef ParentName="BaseMechanoidWalker">
    <defName>Mech_Apocriton</defName>
    <label>apocriton</label>
    <description>A mechanoid commander designed to coordinate and motivate other mechs during long extermination campaigns. Its most obvious power is its ability to resurrect recently-killed mechs by supercharging their self-repair processes. Less obviously, it is intelligent and psychically present, radiating hatred into the minds of anyone in a wide radius.\n\nWhile all mechanoids have a dim psychically-present intelligence, only the apocriton and a few others truly feel hatred for their victims and understand the suffering they inflict.</description>
    <statBases>
      <MarketValue>1600</MarketValue>
      <MoveSpeed>3.2</MoveSpeed>
      <EnergyShieldRechargeRate>0.25</EnergyShieldRechargeRate>
      <EnergyShieldEnergyMax>1.5</EnergyShieldEnergyMax>
      <BandwidthCost>2</BandwidthCost>
      <ControlTakingTime>18</ControlTakingTime>
      <EMPResistance>0.8</EMPResistance>
    </statBases>
    <race>
      <body>Apocriton</body>
      <lifeStageAges Inherit="False">
        <li>
          <def>MechanoidFullyFormed</def>
          <minAge>0</minAge>
          <soundWounded>Pawn_Mech_Apocriton_Wounded</soundWounded>
          <soundAngry>Pawn_Mech_Apocriton_Call</soundAngry>
          <soundDeath>Pawn_Mech_Apocriton_Death</soundDeath>
          <soundCall>Pawn_Mech_Apocriton_Call</soundCall>
        </li>
        <li>
          <def>MechanoidFullyFormed</def>
          <minAge>100</minAge>
          <soundWounded>Pawn_Mech_Apocriton_Wounded</soundWounded>
          <soundAngry>Pawn_Mech_Apocriton_Call</soundAngry>
          <soundDeath>Pawn_Mech_Apocriton_Death</soundDeath>
          <soundCall>Pawn_Mech_Apocriton_Call</soundCall>
        </li>
      </lifeStageAges>
      <baseHealthScale>3.3</baseHealthScale>
      <soundMeleeHitPawn>Pawn_Melee_Punch_HitPawn</soundMeleeHitPawn>
      <soundMeleeHitBuilding>Pawn_Melee_Punch_HitBuilding</soundMeleeHitBuilding>
      <soundMeleeMiss>Pawn_Melee_Punch_Miss</soundMeleeMiss>
      <soundAmbience>Pawn_Mech_Apocriton_Ambience</soundAmbience>
    </race>
    <tools>
      <li>
        <label>head</label>
        <capacities>
          <li>Blunt</li>
        </capacities>
        <power>9</power>
        <cooldownTime>2.6</cooldownTime>
        <linkedBodyPartsGroup>HeadAttackTool</linkedBodyPartsGroup>
        <ensureLinkedBodyPartsGroupAlwaysUsable>true</ensureLinkedBodyPartsGroupAlwaysUsable>
      </li>
    </tools>
    <killedLeavingsPlayerHostile>
      <NanostructuringChip>1</NanostructuringChip>
    </killedLeavingsPlayerHostile>
    <comps>
      <li Class="CompProperties_Explosive">
        <wickTicks>0</wickTicks>
        <explosiveRadius>30.9</explosiveRadius>
        <explodeOnKilled>true</explodeOnKilled>
        <explosiveDamageType>MechBandShockwave</explosiveDamageType>
        <propagationSpeed>0.5</propagationSpeed>
        <chanceNeverExplodeFromDamage>1</chanceNeverExplodeFromDamage>
        <extraInspectStringKey>MechStunPulseWarning</extraInspectStringKey>
      </li>
      <li Class="CompProperties_Effecter">
        <effecterDef>ApocrionAttached</effecterDef>
      </li>
    </comps>
  </ThingDef>
  
  <PawnKindDef ParentName="BaseMechanoidKind">
    <defName>Mech_Apocriton</defName>
    <label>apocriton</label>
    <race>Mech_Apocriton</race>
    <combatPower>600</combatPower>
    <maxPerGroup>3</maxPerGroup>
    <lifeStages>
      <li>
        <bodyGraphicData>
          <texPath>Things/Pawn/Mechanoid/Apocriton</texPath>
          <maskPath>Things/Pawn/Mechanoid/AllegianceOverlays/Mech_Apocriton</maskPath>
          <shaderType>CutoutWithOverlay</shaderType>
          <graphicClass>Graphic_Multi</graphicClass>
          <drawSize>2</drawSize>
        </bodyGraphicData>
      </li>
      <li>
        <bodyGraphicData>
          <texPath>Things/Pawn/Mechanoid/ApocritonAncient</texPath>
          <maskPath>Things/Pawn/Mechanoid/AllegianceOverlays/Mech_Apocriton</maskPath>
          <shaderType>CutoutWithOverlay</shaderType>
          <graphicClass>Graphic_Multi</graphicClass>
          <drawSize>2</drawSize>
        </bodyGraphicData>
      </li>
    </lifeStages>
    <weaponMoney>9999~9999</weaponMoney>
    <weaponTags>
      <li>MechanoidGunToxicNeedle</li>
    </weaponTags>
    <techHediffsChance>1</techHediffsChance>
    <techHediffsMoney>9999~9999</techHediffsMoney>
    <abilities>
      <li>LongjumpMech</li>
      <li>ResurrectionMech</li>
    </abilities>
    <skipResistant>true</skipResistant>
  </PawnKindDef>
  

</Defs>