<?xml version="1.0" encoding="utf-8" ?>
<Defs>

  <!-- Moralist -->

  <RulePackDef>
    <defName>NamerRoleMoralist</defName>
    <rulePack>
      <rulesStrings>
        <li>r_roleName(p=4)->[memeMoralist]</li>
        <li>r_roleName(p=2)->[memeAdjective] [memeMoralist]</li>
        <li>r_roleName->[memeMoralist] of [chosenTheme]</li>
        <li>r_roleName->[memeMoralist] of [keyDeity]</li>
        <li>r_roleName->[memeMoralist] of [memeConcept]</li>
        <li>r_roleName->[memeMoralist] of [chosenIdeoName]</li>
        <li>r_roleName->[chosenAdjective] [memeMoralist]</li>
        <li>r_roleName->[keyDeity]'s [memeMoralist]</li>
      </rulesStrings>
    </rulePack>
  </RulePackDef>

  <!-- Specialists -->

  <RulePackDef>
    <defName>NamerRoleSpecialistUtility</defName>
    <rulePack>
      <rulesStrings>
        <li>r_roleName(p=7)->[firstPart][secondPart]</li>
        <li>secondPart->master</li>
        <li>secondPart->crat</li>
        <li>secondPart->flame</li>
        <li>secondPart->mind</li>
        <li>secondPart->head</li>
        <li>secondPart->eye</li>
        <li>secondPart->hand</li>
        <li>secondPart->func</li>
        <li>secondPart->brain</li>
        <li>secondPart->holder</li>
        <li>secondPart->bringer</li>
        <li>secondPart->talker</li>
        <li>secondPart->speaker</li>
        <li>secondPart->knower</li>
        <li>secondPart->lover</li>
        <li>secondPart->user</li>
        <li>secondPart->one</li>
        <li>secondPart->pert</li>
        <li>secondPart->itor</li>
        <li>secondPart->inor</li>
        <li>secondPart->alor</li>
        <li>secondPart->or</li>
        <li>secondPart->izer</li>
        <li>secondPart->iner</li>
      </rulesStrings>
    </rulePack>
  </RulePackDef>

  <RulePackDef>
    <defName>NamerRoleShooter</defName>
    <include><li>NamerRoleSpecialistUtility</li></include>
    <rulePack>
      <rulesStrings>
        <li>firstPart->gun</li>
        <li>firstPart->shot</li>
        <li>firstPart->trigger</li>
        <li>firstPart->bullet</li>
        <li>firstPart->shell</li>
        <li>firstPart->aim</li>
        <li>firstPart->snipe</li>
        <li>firstPart->point</li>
        <li>firstPart->shoot</li>
        <li>secondPart(p=4)->slinger</li>
      </rulesStrings>
    </rulePack>
  </RulePackDef>

  <RulePackDef>
    <defName>NamerRoleBrawler</defName>
    <include><li>NamerRoleSpecialistUtility</li></include>
    <rulePack>
      <rulesStrings>
        <li>r_roleName->berserker</li>
        <li>firstPart->slash</li>
        <li>firstPart->fist</li>
        <li>firstPart->bruise</li>
        <li>firstPart->blade</li>
        <li>firstPart->brawl</li>
        <li>firstPart->knuckle</li>
        <li>firstPart->spear</li>
        <li>firstPart->sword</li>
        <li>firstPart->club</li>
        <li>firstPart->edge</li>
        <li>firstPart->cut</li>
        <li>firstPart->smash</li>
        <li>firstPart->crush</li>
      </rulesStrings>
    </rulePack>
  </RulePackDef>

  <RulePackDef>
    <defName>NamerRoleResearcher</defName>
    <include><li>NamerRoleSpecialistUtility</li></include>
    <rulePack>
      <rulesStrings>
        <li>r_roleName->highmind</li>
        <li>r_roleName->cogitor</li>
        <li>r_roleName->thinker</li>
        <li>r_roleName->learner</li>
        <li>firstPart->mind</li>
        <li>firstPart->thought</li>
        <li>firstPart->focus</li>
        <li>firstPart->neuro</li>
        <li>firstPart->cogito</li>
        <li>firstPart->idea</li>
      </rulesStrings>
    </rulePack>
  </RulePackDef>

  <RulePackDef>
    <defName>NamerRoleSower</defName>
    <include><li>NamerRoleSpecialistUtility</li></include>
    <rulePack>
      <rulesStrings>
        <li>r_roleName->fertilizer</li>
        <li>firstPart->leaf</li>
        <li>firstPart->plant</li>
        <li>firstPart->green</li>
        <li>firstPart->sprout</li>
        <li>firstPart->garden</li>
        <li>firstPart->flora</li>
        <li>firstPart->herb</li>
        <li>firstPart->crop</li>
        <li>firstPart->farm</li>
        <li>firstPart->land</li>
        <li>firstPart->dirt</li>
        <li>firstPart->seed</li>
        <li>firstPart->soil</li>
        <li>firstPart->root</li>
      </rulesStrings>
    </rulePack>
  </RulePackDef>

  <RulePackDef>
    <defName>NamerRoleProductionSpecialist</defName>
    <include><li>NamerRoleSpecialistUtility</li></include>
    <rulePack>
      <rulesStrings>
        <li>r_roleName->manufactor</li>
        <li>r_roleName->handyman</li>
        <li>r_roleName->maker</li>
        <li>firstPart->make</li>
        <li>firstPart->craft</li>
        <li>firstPart->build</li>
        <li>firstPart->manu</li>
        <li>firstPart->make</li>
      </rulesStrings>
    </rulePack>
  </RulePackDef>

  <RulePackDef>
    <defName>NamerRoleMiner</defName>
    <include><li>NamerRoleSpecialistUtility</li></include>
    <rulePack>
      <rulesStrings>
        <li>r_roleName->spelunker</li>
        <li>firstPart->mine</li>
        <li>firstPart->deep</li>
        <li>firstPart->depth</li>
        <li>firstPart->rock</li>
        <li>firstPart->cave</li>
        <li>firstPart->pick</li>
        <li>firstPart->drill</li>
        <li>firstPart->under</li>
        <li>firstPart->stone</li>
        <li>firstPart->hill</li>
        <li>firstPart->hole</li>
        <li>firstPart->tunnel</li>
        <li>firstPart->crack</li>
      </rulesStrings>
    </rulePack>
  </RulePackDef>

  <RulePackDef>
    <defName>NamerRoleAnimalsSpecialist</defName>
    <include><li>NamerRoleSpecialistUtility</li></include>
    <rulePack>
      <rulesStrings>
        <li>r_roleName->creaturizer</li>
        <li>r_roleName->animalor</li>
        <li>firstPart->fur</li>
        <li>firstPart->paw</li>
        <li>firstPart->hoof</li>
        <li>firstPart->tail</li>
        <li>firstPart->whisker</li>
        <li>firstPart->fang</li>
        <li>firstPart->feral</li>
        <li>firstPart->snout</li>
        <li>secondPart(p=4)->kin</li>
        <li>secondPart(p=4)->touch</li>
      </rulesStrings>
    </rulePack>
  </RulePackDef>

  <RulePackDef>
    <defName>NamerRoleMedicalSpecialist</defName>
    <include><li>NamerRoleSpecialistUtility</li></include>
    <rulePack>
      <rulesStrings>
        <li>firstPart->health</li>
        <li>firstPart->heal</li>
        <li>firstPart->heart</li>
        <li>firstPart->medi</li>
        <li>firstPart->scalpel</li>
        <li>firstPart->sanito</li>
        <li>firstPart->surgo</li>
        <li>firstPart->clinic</li>
      </rulesStrings>
    </rulePack>
  </RulePackDef>

</Defs>