<?xml version="1.0" encoding="utf-8" ?>
<Defs>

  <!-- Root -->

  <RulePackDef>
    <defName>NamerRitualFuneral</defName>
    <rulePack>
      <rulesStrings>
        <li>r_ritualName(p=2)->[memeAdjective] [funeral]</li>
        <li>r_ritualName->[funeral] of [chosenTheme]</li>
        <li>r_ritualName->[chosenAdjective] [funeral]</li>
        <li>r_ritualName->[keyDeity]'s [funeral]</li>
        <li>r_ritualName->[funeral] of [keyDeity]</li>
        <li>r_ritualName->[funeral] of [memeConcept]</li>
        <li>r_ritualName->[funeral] of [chosenIdeoName]</li>
        <li>r_ritualName(p=0.01)->funeral</li>

        <li>funeral->funeral</li>
        <li>funeral->mourning</li>
        <li>funeral->eulogy</li>
        <li>funeral->burial</li>
        <li>funeral->interment</li>
        <li>funeral->requiem</li>
      </rulesStrings>
    </rulePack>
  </RulePackDef>


</Defs>