<?xml version="1.0" encoding="utf-8" ?>
<Defs>

  <ThingDef ParentName="BaseFilth">
    <defName>Filth_DriedBlood</defName>
    <label>dried blood</label>
    <statBases>
      <Beauty>-30</Beauty>
      <Cleanliness>-10</Cleanliness>
    </statBases>
    <graphicData>
      <graphicClass>Graphic_Random</graphicClass>
      <texPath>Things/Filth/DriedBlood</texPath>
    </graphicData>
    <filth>
      <disappearsInDays>35~40</disappearsInDays>
      <rainWashes>true</rainWashes>
      <cleaningWorkToReduceThickness>90</cleaningWorkToReduceThickness>
      <cleaningSound>Interact_CleanFilth_Dirt</cleaningSound>
    </filth>
  </ThingDef>

  <ThingDef ParentName="BaseFilth">
    <defName>Filth_PodSlime</defName>
    <label>pod slime</label>
    <statBases>
      <Beauty>-30</Beauty>
      <Cleanliness>-5</Cleanliness>
    </statBases>
    <graphicData>
      <texPath>Things/Filth/PoolSoft</texPath>
      <color>(150, 200, 140, 65)</color>
    </graphicData>
    <filth>
      <disappearsInDays>35~40</disappearsInDays>
      <rainWashes>true</rainWashes>
      <cleaningWorkToReduceThickness>70</cleaningWorkToReduceThickness>
      <canFilthAttach>true</canFilthAttach>
      <cleaningSound>Interact_CleanFilth_Fluid</cleaningSound>
    </filth>
  </ThingDef>

</Defs>