﻿<?xml version="1.0" encoding="utf-8" ?>
<Defs>

  <ThingDef ParentName="BuildingBase">
    <defName>Campfire</defName>
    <label>campfire</label>
    <description>Cooks meals and produces heat, and burns out after a few days. As with all heat sources, it must be placed indoors so it has a closed space to heat. Refuelable.</description>    
    <thingClass>Building_WorkTable</thingClass>
    <category>Building</category>
    <graphicData>
      <texPath>Things/Building/Misc/Campfire</texPath>
      <graphicClass>Graphic_Single</graphicClass>
      <drawRotated>false</drawRotated>
      <allowFlip>false</allowFlip>
      <damageData>
        <rect>(0.2,0,0.6,0.1)</rect>
      </damageData>
    </graphicData>
    <uiIconPath>Things/Building/Misc/Campfire_MenuIcon</uiIconPath>
    <altitudeLayer>Building</altitudeLayer>
    <passability>PassThroughOnly</passability>
    <pathCost>42</pathCost>
    <constructEffect>ConstructDirt</constructEffect>
    <tickerType>Normal</tickerType>
    <drawerType>RealtimeOnly</drawerType>
    <fillPercent>0.20</fillPercent>
    <statBases>
      <MaxHitPoints>80</MaxHitPoints>
      <WorkToBuild>200</WorkToBuild>
      <Flammability>0</Flammability>
      <WorkTableWorkSpeedFactor>0.5</WorkTableWorkSpeedFactor>
      <MeditationFocusStrength>0.0</MeditationFocusStrength>
    </statBases>
    <selectable>true</selectable>
    <costList>
      <WoodLog>20</WoodLog> <!-- just the intial wood -->
    </costList>
    <soundImpactDefault>BulletImpact_Ground</soundImpactDefault>
    <leaveResourcesWhenKilled>false</leaveResourcesWhenKilled>
    <resourcesFractionWhenDeconstructed>0</resourcesFractionWhenDeconstructed>
    <placeWorkers>
      <li>PlaceWorker_PreventInteractionSpotOverlap</li>
      <li>PlaceWorker_Heater</li>
      <li>PlaceWorker_MeditationOffsetBuildingsNear</li>
    </placeWorkers>
    <drawPlaceWorkersWhileSelected>true</drawPlaceWorkersWhileSelected>
    <comps>
      <li Class="CompProperties_Refuelable">
        <fuelConsumptionRate>10.0</fuelConsumptionRate>
        <fuelCapacity>20.0</fuelCapacity>
        <fuelConsumptionPerTickInRain>0.0006</fuelConsumptionPerTickInRain>
        <fuelFilter>
          <thingDefs>
            <li>WoodLog</li>
          </thingDefs>
        </fuelFilter>
        <initialFuelPercent>1</initialFuelPercent>
        <showAllowAutoRefuelToggle>true</showAllowAutoRefuelToggle>
      </li>
      <li Class="CompProperties_Glower">
        <glowRadius>10</glowRadius>
        <glowColor>(252,187,113,0)</glowColor>
      </li>
      <li Class="CompProperties_HeatPusher">
        <compClass>CompHeatPusherPowered</compClass>
        <heatPerSecond>21</heatPerSecond>
        <heatPushMaxTemperature>28</heatPushMaxTemperature>
      </li>
      <li Class="CompProperties_FireOverlay">
        <fireSize>1</fireSize>
      </li>
      <li>
        <compClass>CompGatherSpot</compClass>
      </li>
      <li Class="CompProperties_MeditationFocus">
        <statDef>MeditationFocusStrength</statDef>
        <focusTypes><li>Flame</li></focusTypes>
        <offsets>
          <li Class="FocusStrengthOffset_Lit">
            <offset>0.12</offset>
          </li>
          <li Class="FocusStrengthOffset_BuildingDefsLit">
            <defs>
              <li>Campfire</li>
              <li>TorchLamp</li>
              <li MayRequire="Ludeon.RimWorld.Royalty">Brazier</li>
              <li MayRequire="Ludeon.RimWorld.Royalty,Ludeon.RimWorld.Ideology">DarklightBrazier</li>
              <li MayRequire="Ludeon.RimWorld.Ideology">Darktorch</li>
              <li MayRequire="Ludeon.RimWorld.Ideology">DarktorchFungus</li>
            </defs>
            <offsetPerBuilding>0.02</offsetPerBuilding>
            <radius>9.9</radius>
            <maxBuildings>8</maxBuildings>
            <explanationKey>MeditationFocusPerFlame</explanationKey>
            <explanationKeyAbstract>MeditationFocusPerFlameAbstract</explanationKeyAbstract>
          </li>
        </offsets>
      </li>
    </comps>
    <designationCategory>Temperature</designationCategory>
    <designationHotKey>Misc1</designationHotKey>
    <hasInteractionCell>True</hasInteractionCell>
    <interactionCellOffset>(0,0,-1)</interactionCellOffset>
    <recipes>
      <li>CookMealSimple</li>
      <li>CookMealSimpleBulk</li>
      <li>Make_Pemmican</li>
      <li>Make_PemmicanBulk</li>
      <li>BurnApparel</li>
      <li>BurnWeapon</li>
      <li>BurnDrugs</li>
    </recipes>
    <inspectorTabs>
      <li>ITab_Bills</li>
    </inspectorTabs>
    <building>
      <isMealSource>true</isMealSource>
      <spawnedConceptLearnOpportunity>BillsTab</spawnedConceptLearnOpportunity>
      <artificialForMeditationPurposes>false</artificialForMeditationPurposes>
      <destroySound>BuildingDestroyed_Wood_Small</destroySound>
    </building>
  </ThingDef>

  <ThingDef ParentName="BuildingBase">
    <defName>PassiveCooler</defName>
    <label>passive cooler</label>
    <description>A traditional unpowered cooler that works by water evaporation. Must be regularly replenished with wood. Not efficient enough to refrigerate food.</description>
    <category>Building</category>
    <graphicData>
      <texPath>Things/Building/Misc/PassiveCooler</texPath>
      <graphicClass>Graphic_Single</graphicClass>
      <drawRotated>false</drawRotated>
      <allowFlip>false</allowFlip>
      <shadowData>
        <volume>(0.9,0.3,0.9)</volume>
      </shadowData>
      <damageData>
        <rect>(0.2,0,0.6,0.1)</rect>
      </damageData>
    </graphicData>
    <rotatable>false</rotatable>
    <altitudeLayer>Building</altitudeLayer>
    <passability>PassThroughOnly</passability>
    <pathCost>30</pathCost>
    <constructEffect>ConstructDirt</constructEffect>
    <tickerType>Normal</tickerType>
    <drawerType>RealtimeOnly</drawerType>
    <fillPercent>0.40</fillPercent>
    <statBases>
      <MaxHitPoints>80</MaxHitPoints>
      <WorkToBuild>200</WorkToBuild>
      <Flammability>1</Flammability>
    </statBases>
    <selectable>true</selectable>
    <costList>
      <WoodLog>50</WoodLog>
    </costList>
    <building>
      <destroySound>BuildingDestroyed_Metal_Small</destroySound>
    </building>
    <soundImpactDefault>BulletImpact_Ground</soundImpactDefault>
    <leaveResourcesWhenKilled>false</leaveResourcesWhenKilled>
    <resourcesFractionWhenDeconstructed>0</resourcesFractionWhenDeconstructed>
    <placeWorkers>
      <li>PlaceWorker_CoolerSimple</li>
    </placeWorkers>
    <drawPlaceWorkersWhileSelected>true</drawPlaceWorkersWhileSelected>
    <comps>
      <li Class="CompProperties_HeatPusher">
        <compClass>CompHeatPusherPowered</compClass>
        <heatPerSecond>-11</heatPerSecond>
        <heatPushMinTemperature>17</heatPushMinTemperature>
      </li>
      <li Class="CompProperties_Refuelable">
        <fuelConsumptionRate>10.0</fuelConsumptionRate>
        <fuelCapacity>50.0</fuelCapacity>
        <fuelFilter>
          <thingDefs>
            <li>WoodLog</li>
          </thingDefs>
        </fuelFilter>
        <initialFuelPercent>1</initialFuelPercent>
        <showAllowAutoRefuelToggle>true</showAllowAutoRefuelToggle>
      </li>
    </comps>
    <designationCategory>Temperature</designationCategory>
    <designationHotKey>Misc4</designationHotKey>
    <researchPrerequisites>
      <li>PassiveCooler</li>
    </researchPrerequisites>
  </ThingDef>
  
  <ThingDef ParentName="BuildingBase">
    <defName>Heater</defName>
    <label>heater</label>
    <description>A device that converts electricity into heat. It can automatically turn itself on or off to reach a specific target temperature.</description>
    <thingClass>Building_Heater</thingClass>
    <graphicData>
      <texPath>Things/Building/Misc/TempControl/Heater</texPath>
      <graphicClass>Graphic_Single</graphicClass>
      <shadowData>
        <volume>(0.5,0.3,0.7)</volume>
        <offset>(0,0,-0.15)</offset>
      </shadowData>
      <damageData>
        <rect>(0.234375,0,0.515625,0.984375)</rect>
        <cornerTL>Damage/Corner</cornerTL>
        <cornerTR>Damage/Corner</cornerTR>
        <cornerBL>Damage/Corner</cornerBL>
        <cornerBR>Damage/Corner</cornerBR>
      </damageData>
    </graphicData>
    <minifiedDef>MinifiedThing</minifiedDef>
    <altitudeLayer>Building</altitudeLayer>
    <passability>PassThroughOnly</passability>
    <pathCost>30</pathCost>
    <blockWind>true</blockWind>
    <rotatable>false</rotatable>
    <fillPercent>0.4</fillPercent>
    <thingCategories>
      <li>BuildingsTemperature</li>
    </thingCategories>
    <statBases>
      <WorkToBuild>1000</WorkToBuild>
      <MaxHitPoints>100</MaxHitPoints>
      <Mass>6</Mass>
      <Flammability>0.5</Flammability>
    </statBases>
    <tickerType>Rare</tickerType>
    <building>
      <destroySound>BuildingDestroyed_Metal_Small</destroySound>
    </building>
    <costList>
      <Steel>50</Steel>
      <ComponentIndustrial>1</ComponentIndustrial>
    </costList>
    <terrainAffordanceNeeded>Light</terrainAffordanceNeeded>
    <placeWorkers>
      <li>PlaceWorker_Heater</li>
    </placeWorkers>
    <drawPlaceWorkersWhileSelected>true</drawPlaceWorkersWhileSelected>
    <comps>
      <li Class="CompProperties_Power">
        <compClass>CompPowerTrader</compClass>
        <basePowerConsumption>175</basePowerConsumption>
        <shortCircuitInRain>true</shortCircuitInRain>
      </li>
      <li Class="CompProperties_Flickable"/>
      <li Class="CompProperties_TempControl">
        <energyPerSecond>21</energyPerSecond>
      </li>
      <li Class="CompProperties_Glower">
        <glowRadius>3</glowRadius>
        <glowColor>(255,150,100,0)</glowColor>
      </li>
      <li Class="CompProperties_Breakdownable"/>
    </comps>
    <designationCategory>Temperature</designationCategory>
    <designationHotKey>Misc2</designationHotKey>
    <researchPrerequisites>
      <li>Electricity</li>
    </researchPrerequisites>
    <constructionSkillPrerequisite>5</constructionSkillPrerequisite>
  </ThingDef>
  
  <ThingDef ParentName="BuildingBase">
    <defName>Cooler</defName>
    <label>cooler</label>
    <description>An air-cooling machine that fits into a wall. Cool air comes out one side, while hot exhaust comes out the other. Can be used to cool down rooms during summer, or to create a walk-in freezer.</description>
    <thingClass>Building_Cooler</thingClass>
    <graphicData>
      <texPath>Things/Building/Misc/TempControl/Cooler</texPath>
      <graphicClass>Graphic_Multi</graphicClass>
      <damageData>
        <cornerTL>Damage/Corner</cornerTL>
        <cornerTR>Damage/Corner</cornerTR>
        <cornerBL>Damage/Corner</cornerBL>
        <cornerBR>Damage/Corner</cornerBR>
      </damageData>
    </graphicData>
    <altitudeLayer>Building</altitudeLayer>
    <passability>Impassable</passability>
    <blockWind>true</blockWind>
    <fillPercent>1</fillPercent>
    <coversFloor>true</coversFloor>
    <blockLight>true</blockLight>
    <canOverlapZones>false</canOverlapZones>
    <castEdgeShadows>true</castEdgeShadows>
    <staticSunShadowHeight>1.0</staticSunShadowHeight>
    <statBases>
      <WorkToBuild>1600</WorkToBuild>
      <MaxHitPoints>100</MaxHitPoints>
      <Flammability>0.7</Flammability>
    </statBases>
    <tickerType>Rare</tickerType>
    <costList>
      <Steel>90</Steel>
      <ComponentIndustrial>3</ComponentIndustrial>
    </costList>
    <terrainAffordanceNeeded>Medium</terrainAffordanceNeeded>
    <placeWorkers>
      <li>PlaceWorker_Cooler</li>
    </placeWorkers>
    <drawPlaceWorkersWhileSelected>true</drawPlaceWorkersWhileSelected>
    <building>
      <canPlaceOverWall>true</canPlaceOverWall>
    </building>
    <comps>
      <li Class="CompProperties_Power">
        <compClass>CompPowerTrader</compClass>
        <basePowerConsumption>200</basePowerConsumption>
      </li>
      <li Class="CompProperties_Flickable"/>
      <li Class="CompProperties_TempControl">
        <energyPerSecond>-21</energyPerSecond>
      </li>
      <li Class="CompProperties_Breakdownable"/>
    </comps>
    <designationCategory>Temperature</designationCategory>
    <designationHotKey>Misc5</designationHotKey>
    <researchPrerequisites>
      <li>AirConditioning</li>
    </researchPrerequisites>
    <constructionSkillPrerequisite>5</constructionSkillPrerequisite>
  </ThingDef>

  <ThingDef ParentName="BuildingBase">
    <defName>Vent</defName>
    <label>vent</label>
    <description>A vent for equalizing the temperature between two rooms without allowing people to walk between them.</description>
    <thingClass>Building_Vent</thingClass>
    <graphicData>
      <texPath>Things/Building/Misc/TempControl/Vent</texPath>
      <graphicClass>Graphic_Multi</graphicClass>
      <damageData>
        <cornerTL>Damage/Corner</cornerTL>
        <cornerTR>Damage/Corner</cornerTR>
        <cornerBL>Damage/Corner</cornerBL>
        <cornerBR>Damage/Corner</cornerBR>
      </damageData>
    </graphicData>
    <altitudeLayer>Building</altitudeLayer>
    <passability>Impassable</passability>
    <blockWind>true</blockWind>
    <fillPercent>1</fillPercent>
    <coversFloor>true</coversFloor>
    <blockLight>true</blockLight>
    <castEdgeShadows>true</castEdgeShadows>
    <canOverlapZones>false</canOverlapZones>
    <staticSunShadowHeight>1.0</staticSunShadowHeight>
    <statBases>
      <WorkToBuild>400</WorkToBuild>
      <MaxHitPoints>100</MaxHitPoints>
      <Flammability>1.0</Flammability>
    </statBases>
    <tickerType>Rare</tickerType>
    <costList>
      <Steel>30</Steel>
    </costList>
    <terrainAffordanceNeeded>Medium</terrainAffordanceNeeded>
    <placeWorkers>
      <li>PlaceWorker_Vent</li>
    </placeWorkers>
    <drawPlaceWorkersWhileSelected>true</drawPlaceWorkersWhileSelected>
    <building>
      <canPlaceOverWall>true</canPlaceOverWall>
    </building>
    <researchPrerequisites>
      <li>ComplexFurniture</li>
    </researchPrerequisites>
    <designationCategory>Temperature</designationCategory>
    <designationHotKey>Misc8</designationHotKey>
    <comps>
      <li Class="CompProperties_Flickable">
        <commandTexture>UI/Commands/Vent</commandTexture>
        <commandLabelKey>CommandDesignateOpenCloseVentLabel</commandLabelKey>
        <commandDescKey>CommandDesignateOpenCloseVentDesc</commandDescKey>
      </li>
    </comps>
  </ThingDef>
  
</Defs>