﻿<?xml version="1.0" encoding="utf-8" ?>
<Defs>

  <ThingDef ParentName="BuildingBase">
    <defName>EggBox</defName>
    <label>egg box</label>
    <description>A box with soft material made to hold eggs. Egg-laying animals will lay eggs in egg boxes if they can. Your haulers will take all the eggs out only when the box is full, to save time. The box also protects eggs from deteriorating outdoors, though it does not protect from temperature damage.</description>
    <drawerType>MapMeshAndRealTime</drawerType>
    <fillPercent>0.3</fillPercent>
    <tickerType>Normal</tickerType>
    <drawGUIOverlay>true</drawGUIOverlay>
    <containedItemsSelectable>true</containedItemsSelectable>
    <graphicData>
      <texPath>Things/Building/Misc/EggBox</texPath>
      <graphicClass>Graphic_Single</graphicClass>
      <shadowData>
        <volume>(1,0.5,1)</volume>
      </shadowData>
      <damageData>
        <rect>(0,0,1,1)</rect>
      </damageData>
    </graphicData>
    <altitudeLayer>Building</altitudeLayer>
    <minifiedDef>MinifiedThing</minifiedDef>
    <thingCategories>
      <li>BuildingsMisc</li>
    </thingCategories>
    <statBases>
      <MaxHitPoints>50</MaxHitPoints>
      <WorkToBuild>2000</WorkToBuild>
      <Flammability>1</Flammability>
      <Mass>3</Mass>
    </statBases>
    <comps>
      <li Class="CompProperties_ThingContainer">
        <compClass>CompEggContainer</compClass>
        <stackLimit>25</stackLimit>
        <minCountToEmpty>20</minCountToEmpty>
        <drawStackLabel>true</drawStackLabel>
      </li>
    </comps>
    <stuffCategories>
      <li>Metallic</li>
      <li>Woody</li>
    </stuffCategories>
    <costStuffCount>20</costStuffCount>
    <pathCost>10</pathCost>
    <designationCategory>Misc</designationCategory>
    <uiOrder>2060</uiOrder>
    <rotatable>false</rotatable>
    <building>
      <paintable>true</paintable>
    </building>
  </ThingDef>

  <ThingDef ParentName="BuildingBase">
    <defName>OrbitalTradeBeacon</defName>
    <label>orbital trade beacon</label>
    <thingClass>Building_OrbitalTradeBeacon</thingClass>
    <graphicData>
      <texPath>Things/Building/Misc/DropBeacon</texPath>
      <graphicClass>Graphic_Single</graphicClass>
      <shadowData>
        <volume>(0.3, 0.2, 0.3)</volume>
        <offset>(0,0,-0.1)</offset>
      </shadowData>
      <damageData>
        <rect>(0.2,0.2,0.6,0.6)</rect>
      </damageData>
    </graphicData>
    <altitudeLayer>Building</altitudeLayer>
    <minifiedDef>MinifiedThing</minifiedDef>
    <thingCategories>
      <li>BuildingsMisc</li>
    </thingCategories>
    <statBases>
      <MaxHitPoints>75</MaxHitPoints>
      <WorkToBuild>800</WorkToBuild>
      <Flammability>0.5</Flammability>
      <Mass>5</Mass>
    </statBases>
    <description>Required for orbital trading. You can only sell goods to orbital traders if they're near an orbital trade beacon. Can be placed indoors.</description>
    <drawerType>MapMeshAndRealTime</drawerType>
    <drawPlaceWorkersWhileSelected>true</drawPlaceWorkersWhileSelected>
    <fillPercent>0.15</fillPercent>
    <costList>
      <Steel>40</Steel>
      <ComponentIndustrial>1</ComponentIndustrial>
    </costList>
    <building>
      <destroySound>BuildingDestroyed_Metal_Small</destroySound>
    </building>
    <comps>
      <li Class="CompProperties_Power">
        <compClass>CompPowerTrader</compClass>
        <basePowerConsumption>40</basePowerConsumption>
      </li>
      <li Class="CompProperties_Flickable"/>
      <li Class="CompProperties_Breakdownable"/>
    </comps>
    <leaveResourcesWhenKilled>false</leaveResourcesWhenKilled>
    <pathCost>14</pathCost>
    <designationCategory>Misc</designationCategory>
    <uiOrder>2100</uiOrder>
    <rotatable>false</rotatable>
    <placeWorkers>
      <li>PlaceWorker_ShowTradeBeaconRadius</li>
    </placeWorkers>
    <designationHotKey>Misc2</designationHotKey>
    <researchPrerequisites>
      <li>MicroelectronicsBasics</li>
    </researchPrerequisites>
  </ThingDef>

  <ThingDef ParentName="BuildingBase">
    <defName>CommsConsole</defName>
    <label>comms console</label>
    <description>Allows radio contact with other factions and orbital traders.</description>
    <thingClass>Building_CommsConsole</thingClass>
    <graphicData>
      <texPath>Things/Building/Misc/CommsConsole</texPath>
      <graphicClass>Graphic_Multi</graphicClass>
      <drawSize>(5,4)</drawSize>
      <damageData>
        <rect>(0,0,3,1.8)</rect>
        <cornerBL>Damage/Corner</cornerBL>
        <cornerBR>Damage/Corner</cornerBR>
      </damageData>
      <shadowData>
        <volume>(3,0.5,2)</volume>
      </shadowData>
    </graphicData>
    <altitudeLayer>Building</altitudeLayer>
    <passability>PassThroughOnly</passability>
    <pathCost>50</pathCost>
    <blockWind>true</blockWind>
    <castEdgeShadows>false</castEdgeShadows>
    <fillPercent>0.5</fillPercent>
    <canOverlapZones>false</canOverlapZones>
    <statBases>
      <MaxHitPoints>250</MaxHitPoints>
      <WorkToBuild>2200</WorkToBuild>
      <Flammability>0.6</Flammability>
    </statBases>
    <size>(3,2)</size>
    <building>
      <destroySound>BuildingDestroyed_Metal_Big</destroySound>
    </building>
    <costList>
      <Steel>120</Steel>
      <ComponentIndustrial>4</ComponentIndustrial>
    </costList>
    <defaultPlacingRot>South</defaultPlacingRot>
    <interactionCellOffset>(0,0,2)</interactionCellOffset>
    <hasInteractionCell>true</hasInteractionCell>
    <terrainAffordanceNeeded>Medium</terrainAffordanceNeeded>
    <designationCategory>Misc</designationCategory>
    <uiOrder>2100</uiOrder>
    <comps>
      <li Class="CompProperties_Power">
        <compClass>CompPowerTrader</compClass>
        <shortCircuitInRain>true</shortCircuitInRain>
        <basePowerConsumption>200</basePowerConsumption>
      </li>
      <li Class="CompProperties_Flickable"/>
      <li Class="CompProperties_Breakdownable"/>
      <li Class="CompProperties_Usable" MayRequire="Ludeon.RimWorld.Biotech">
        <useJob>TriggerObject</useJob>
        <useLabel>Summon diabolus threat</useLabel>
        <useDuration>900</useDuration>
        <floatMenuOptionPriority>SummonThreat</floatMenuOptionPriority>
        <floatMenuFactionIcon>Mechanoid</floatMenuFactionIcon>
        <ignoreOtherReservations>true</ignoreOtherReservations>
      </li>
      <li Class="CompProperties_Useable_CallBossgroup" MayRequire="Ludeon.RimWorld.Biotech">
        <bossgroupDef>Diabolus</bossgroupDef>
        <spawnLetterLabelKey>LetterLabelCommsConsoleSpawned</spawnLetterLabelKey>
        <spawnLetterTextKey>LetterCommsConsoleSpawned</spawnLetterTextKey>
        <effecterDef>CommsConsoleBossgroupSummoned</effecterDef>
        <delayTicks>120</delayTicks>
      </li>
    </comps>
    <designationHotKey>Misc3</designationHotKey>
    <placeWorkers>
      <li>PlaceWorker_PreventInteractionSpotOverlap</li>
    </placeWorkers>
    <researchPrerequisites>
      <li>MicroelectronicsBasics</li>
    </researchPrerequisites>
    <constructionSkillPrerequisite>5</constructionSkillPrerequisite>
    <tickerType MayRequire="Ludeon.RimWorld.Biotech">Normal</tickerType><!-- used by call bossgroup -->
  </ThingDef>

  <ThingDef ParentName="BuildingBase">
    <defName>FirefoamPopper</defName>
    <label>firefoam popper</label>
    <description>When it detects fire, this safety device pops and sprays a fire-retardant foam in a circular field around itself. Can also be triggered manually.</description>
    <thingClass>Building_FirefoamPopper</thingClass>
    <graphicData>
      <texPath>Things/Building/Misc/FirefoamPopper</texPath>
      <graphicClass>Graphic_Single</graphicClass>
      <shadowData>
        <volume>(0.25, 0.35, 0.25)</volume>
        <offset>(0,0,-0.1)</offset>
      </shadowData>
      <damageData>
        <rect>(0.2,0.2,0.6,0.6)</rect>
      </damageData>
    </graphicData>
    <comps>
      <li Class="CompProperties_Explosive">
        <explosiveRadius>9.9</explosiveRadius>
        <explosiveDamageType>Extinguish</explosiveDamageType>
        <startWickHitPointsPercent>-1</startWickHitPointsPercent>
        <startWickOnDamageTaken>
          <li>Flame</li>
        </startWickOnDamageTaken>
        <postExplosionSpawnThingDef>Filth_FireFoam</postExplosionSpawnThingDef>
        <postExplosionSpawnChance>1</postExplosionSpawnChance>
        <postExplosionSpawnThingCount>1</postExplosionSpawnThingCount>
        <applyDamageToExplosionCellsNeighbors>true</applyDamageToExplosionCellsNeighbors>
        <explosionEffect>ExtinguisherExplosion</explosionEffect>
        <explosionSound>Explosion_FirefoamPopper</explosionSound>
      </li>
      <li Class="CompProperties_Usable">
        <useJob>TriggerObject</useJob>
        <useLabel>Trigger {0_label}</useLabel>
      </li>
      <li Class="CompProperties_UseEffect">
        <compClass>CompUseEffect_StartWick</compClass>
      </li>
      <li Class="CompProperties_ProximityFuse">
        <target>Fire</target>
        <radius>3</radius>
      </li>
    </comps>
    <tickerType>Normal</tickerType>
    <altitudeLayer>Building</altitudeLayer>
    <minifiedDef>MinifiedThing</minifiedDef>
    <thingCategories>
      <li>BuildingsMisc</li>
    </thingCategories>
    <statBases>
      <MaxHitPoints>50</MaxHitPoints>
      <WorkToBuild>1500</WorkToBuild>
      <Mass>10</Mass>
      <Flammability>1.0</Flammability>
      <Beauty>-8</Beauty>
    </statBases>
    <fillPercent>0.30</fillPercent>
    <costList>
      <Steel>75</Steel>
      <ComponentIndustrial>1</ComponentIndustrial>
    </costList>
    <specialDisplayRadius>9.9</specialDisplayRadius>
    <leaveResourcesWhenKilled>false</leaveResourcesWhenKilled>
    <pathCost>30</pathCost>
    <passability>PassThroughOnly</passability>
    <designationCategory>Misc</designationCategory>
    <uiOrder>2070</uiOrder>
    <rotatable>false</rotatable>
    <designationHotKey>Misc7</designationHotKey>
    <researchPrerequisites>
      <li>Firefoam</li>
    </researchPrerequisites>
    <constructionSkillPrerequisite>5</constructionSkillPrerequisite>
  </ThingDef>

  <ThingDef ParentName="BuildingBase">
    <defName>MoisturePump</defName>
    <label>moisture pump</label>
    <description>Very slowly equalizes moisture in nearby terrain, converting marshes or shallow water into dry ground, and soft sand into normal sand. Does not affect deep water.</description>
    <graphicData>
      <texPath>Things/Building/Misc/MoisturePump</texPath>
      <graphicClass>Graphic_Single</graphicClass>
      <shadowData>
        <volume>(0.58, 0.35, 0.25)</volume>
        <offset>(0,0,-0.1)</offset>
      </shadowData>
      <damageData>
        <rect>(0.2,0.2,0.6,0.6)</rect>
      </damageData>
    </graphicData>
    <comps>
      <li Class="CompProperties_Forbiddable"/>
      <li Class="CompProperties_Power">
        <compClass>CompPowerTrader</compClass>
        <basePowerConsumption>150</basePowerConsumption>
      </li>
      <li Class="CompProperties_TerrainPumpDry">
        <soundWorking>MoisturePump_Ambience</soundWorking>
        <radius>6.9</radius>
        <daysToRadius>60</daysToRadius>
      </li>
    </comps>
    <tickerType>Rare</tickerType>
    <altitudeLayer>Building</altitudeLayer>
    <statBases>
      <MaxHitPoints>50</MaxHitPoints>
      <WorkToBuild>1500</WorkToBuild>
      <Flammability>1.0</Flammability>
      <Beauty>-8</Beauty>
    </statBases>
    <fillPercent>0.15</fillPercent>
    <building>
      <ai_chillDestination>false</ai_chillDestination>
      <destroySound>BuildingDestroyed_Metal_Small</destroySound>
    </building>
    <costList>
      <Steel>75</Steel>
      <ComponentIndustrial>4</ComponentIndustrial>
    </costList>
    <specialDisplayRadius>6.9</specialDisplayRadius>
    <pathCost>30</pathCost>
    <passability>PassThroughOnly</passability>
    <designationCategory>Misc</designationCategory>
    <rotatable>false</rotatable>
    <researchPrerequisites>
      <li>MoisturePump</li>
    </researchPrerequisites>
    <constructionSkillPrerequisite>6</constructionSkillPrerequisite>
  </ThingDef>

  <ThingDef ParentName="BuildingBase">
    <defName>GroundPenetratingScanner</defName>
    <label>ground-penetrating scanner</label>
    <description>A sensor unit used by researchers to search for buried resources. The chance to find a resource depends on the operator's research ability. It consumes a lot of electricity. If you find a buried resource, you'll need to use deep drills to extract it. It doesn't work under a roof.</description>
    <graphicData>
      <texPath>Things/Building/Misc/GroundPenetratingScanner</texPath>
      <graphicClass>Graphic_Single</graphicClass>
      <drawSize>2.65</drawSize>
      <drawRotated>false</drawRotated>
      <drawOffset>(0,0,-0.05)</drawOffset>
      <shadowData>
        <volume>(1.6875, 0.375, 2.125)</volume>
        <offset>(0,0,-0.12)</offset>
      </shadowData>
    </graphicData>
    <costList>
      <Steel>150</Steel>
      <ComponentIndustrial>4</ComponentIndustrial>
      <ComponentSpacer>1</ComponentSpacer>
    </costList>
    <building>
      <destroySound>BuildingDestroyed_Metal_Big</destroySound>
    </building>
    <comps>
      <li Class="CompProperties_Forbiddable"/>
      <li Class="CompProperties_Power">
        <compClass>CompPowerTrader</compClass>
        <basePowerConsumption>700</basePowerConsumption>
      </li>
      <li Class="CompProperties_Breakdownable"/>
      <li Class="CompProperties_Flickable"/>
      <li Class="CompProperties_ScannerMineralsDeep">
        <scanSpeedStat>ResearchSpeed</scanSpeedStat>
        <scanFindMtbDays>3</scanFindMtbDays>
        <scanFindGuaranteedDays>6</scanFindGuaranteedDays>
        <soundWorking>ScannerGroundPenetrating_Ambience</soundWorking>
      </li>
    </comps>
    <altitudeLayer>Building</altitudeLayer>
    <canBeUsedUnderRoof>false</canBeUsedUnderRoof>
    <statBases>
      <MaxHitPoints>200</MaxHitPoints>
      <WorkToBuild>12000</WorkToBuild>
      <Flammability>0.5</Flammability>
      <Beauty>-8</Beauty>
    </statBases>
    <hasInteractionCell>true</hasInteractionCell>
    <interactionCellOffset>(0,0,2)</interactionCellOffset>
    <interactionCellIcon>DiningChair</interactionCellIcon>
    <interactionCellIconReverse>true</interactionCellIconReverse>
    <fillPercent>0.40</fillPercent>
    <leaveResourcesWhenKilled>false</leaveResourcesWhenKilled>
    <passability>PassThroughOnly</passability>
    <pathCost>50</pathCost>
    <designationCategory>Misc</designationCategory>
    <rotatable>true</rotatable>
    <canOverlapZones>false</canOverlapZones>
    <size>(3,3)</size>
    <terrainAffordanceNeeded>Heavy</terrainAffordanceNeeded>
    <placeWorkers>
      <li>PlaceWorker_NotUnderRoof</li>
      <li>PlaceWorker_PreventInteractionSpotOverlap</li>
    </placeWorkers>
    <defaultPlacingRot>South</defaultPlacingRot>  <!-- to match long range mineral scanner -->
    <researchPrerequisites>
      <li>GroundPenetratingScanner</li>
    </researchPrerequisites>
    <constructionSkillPrerequisite>8</constructionSkillPrerequisite>
  </ThingDef>

  <ThingDef ParentName="BuildingBase">
    <defName>LongRangeMineralScanner</defName>
    <label>long-range mineral scanner</label>
    <description>A lateral sensor unit used by researchers to detect a specific type of mineral across the planet. The chance to find a resource depends on the operator's research ability. This sensor can be tuned to target a specific resource type. It consumes a lot of electricity. If you find a resource, you'll need to travel to collect it.</description>
    <graphicData>
      <texPath>Things/Building/Misc/LongRangeMineralScanner</texPath>
      <graphicClass>Graphic_Multi</graphicClass>
      <drawSize>(4, 4)</drawSize>
      <shadowData>
        <volume>(1.4, 0.4, 1.4)</volume>
        <offset>(0,0,-0.1)</offset>
      </shadowData>
    </graphicData>
    <costList>
      <Steel>200</Steel>
      <ComponentIndustrial>6</ComponentIndustrial>
      <ComponentSpacer>2</ComponentSpacer>
    </costList>
    <building>
      <destroySound>BuildingDestroyed_Metal_Big</destroySound>
    </building>
    <comps>
      <li Class="CompProperties_Forbiddable"/>
      <li Class="CompProperties_Power">
        <compClass>CompPowerTrader</compClass>
        <basePowerConsumption>700</basePowerConsumption>
      </li>
      <li Class="CompProperties_Breakdownable"/>
      <li Class="CompProperties_Flickable"/>
      <li Class="CompProperties_LongRangeMineralScanner">
        <scanSpeedStat>ResearchSpeed</scanSpeedStat>
        <scanFindMtbDays>4</scanFindMtbDays>
        <scanFindGuaranteedDays>8</scanFindGuaranteedDays>
        <soundWorking>ScannerLongRangeMineral_Ambience</soundWorking>
      </li>
    </comps>
    <placeWorkers>
      <li>PlaceWorker_NotUnderRoof</li>
      <li>PlaceWorker_PreventInteractionSpotOverlap</li>
    </placeWorkers>
    <altitudeLayer>Building</altitudeLayer>
    <canBeUsedUnderRoof>false</canBeUsedUnderRoof>
    <statBases>
      <MaxHitPoints>250</MaxHitPoints>
      <WorkToBuild>10000</WorkToBuild>
      <Flammability>0.5</Flammability>
      <Beauty>-8</Beauty>
    </statBases>
    <fillPercent>0.40</fillPercent>
    <leaveResourcesWhenKilled>false</leaveResourcesWhenKilled>
    <passability>PassThroughOnly</passability>
    <pathCost>50</pathCost>
    <designationCategory>Misc</designationCategory>
    <rotatable>true</rotatable>
    <hasInteractionCell>true</hasInteractionCell>
    <interactionCellOffset>(0,0,2)</interactionCellOffset>
    <interactionCellIcon>DiningChair</interactionCellIcon>
    <interactionCellIconReverse>true</interactionCellIconReverse>
    <defaultPlacingRot>South</defaultPlacingRot>
    <canOverlapZones>false</canOverlapZones>
    <size>(3, 3)</size>
    <terrainAffordanceNeeded>Heavy</terrainAffordanceNeeded>
    <researchPrerequisites>
      <li>LongRangeMineralScanner</li>
    </researchPrerequisites>
    <constructionSkillPrerequisite>8</constructionSkillPrerequisite>
  </ThingDef>

  <!--========================== Transport pods ============================-->
  
  <ThingDef ParentName="BuildingBase">
    <defName>PodLauncher</defName>
    <label>pod launcher</label>
    <description>A fueling port for launching one transport pod. Pod launchers can launch as a group - but the launchers must be placed adjacent to each other.</description>
    <thingClass>Building_PodLauncher</thingClass>
    <graphicData>
      <texPath>Things/Building/Misc/PodLauncher</texPath>
      <graphicClass>Graphic_Multi</graphicClass>
      <drawSize>(2,3)</drawSize>
    </graphicData>
    <drawerType>MapMeshAndRealTime</drawerType>
    <size>(1,2)</size>
    <rotatable>true</rotatable>
    <altitudeLayer>Building</altitudeLayer>
    <passability>Impassable</passability>
    <castEdgeShadows>true</castEdgeShadows>
    <fillPercent>1.0</fillPercent>
    <designationCategory>Misc</designationCategory>
    <uiOrder>2200</uiOrder>
    <canOverlapZones>false</canOverlapZones>
    <terrainAffordanceNeeded>Medium</terrainAffordanceNeeded>
    <building>
      <hasFuelingPort>true</hasFuelingPort>
    </building>
    <statBases>
      <MaxHitPoints>200</MaxHitPoints>
      <WorkToBuild>3000</WorkToBuild>
      <Flammability>0.5</Flammability>
    </statBases>
    <costList>
      <Steel>50</Steel>
      <ComponentIndustrial>1</ComponentIndustrial>
    </costList>
    <comps>
      <li Class="CompProperties_Refuelable">
        <fuelCapacity>150.0</fuelCapacity>
        <targetFuelLevelConfigurable>true</targetFuelLevelConfigurable>
        <initialConfigurableTargetFuelLevel>75</initialConfigurableTargetFuelLevel>
        <fuelFilter>
          <thingDefs>
            <li>Chemfuel</li>
          </thingDefs>
        </fuelFilter>
        <consumeFuelOnlyWhenUsed>true</consumeFuelOnlyWhenUsed>
        <autoRefuelPercent>1</autoRefuelPercent>
        <showFuelGizmo>true</showFuelGizmo>
        <drawOutOfFuelOverlay>false</drawOutOfFuelOverlay>
        <drawFuelGaugeInMap>true</drawFuelGaugeInMap>
        <showAllowAutoRefuelToggle>true</showAllowAutoRefuelToggle>
    </li>
    </comps>
    <placeWorkers>
      <li>PlaceWorker_FuelingPort</li>
      <li>PlaceWorker_NotUnderRoof</li>
    </placeWorkers>
    <drawPlaceWorkersWhileSelected>true</drawPlaceWorkersWhileSelected>
    <researchPrerequisites>
      <li>TransportPod</li>
    </researchPrerequisites>
    <constructionSkillPrerequisite>6</constructionSkillPrerequisite>
    <uiIconScale>0.9</uiIconScale>
  </ThingDef>
  
  <ThingDef ParentName="BuildingBase">
    <defName>TransportPod</defName>
    <label>transport pod</label>
    <description>A launchable sub-orbital cargo pod capable of carrying people, items, or animals. Can be used for sending gifts, transporting people or supplies, surprise attacks, or reinforcing battles.</description>
    <graphicData>
      <texPath>Things/Special/DropPod</texPath>
      <graphicClass>Graphic_Single</graphicClass>
      <drawSize>(2,2)</drawSize>
    </graphicData>
    <size>(1,1)</size>
    <rotatable>false</rotatable>
    <tickerType>Normal</tickerType>
    <altitudeLayer>BuildingOnTop</altitudeLayer>
    <passability>PassThroughOnly</passability>
    <castEdgeShadows>false</castEdgeShadows>
    <designationHotKey>Misc12</designationHotKey>
    <fillPercent>0.5</fillPercent>
    <designationCategory>Misc</designationCategory>
    <uiOrder>2200</uiOrder>
    <terrainAffordanceNeeded>Medium</terrainAffordanceNeeded>
    <statBases>
      <MaxHitPoints>250</MaxHitPoints>
      <WorkToBuild>1600</WorkToBuild>
      <Flammability>0.5</Flammability>
    </statBases>
    <costList>
      <Steel>60</Steel>
      <ComponentIndustrial>1</ComponentIndustrial>
    </costList>
    <comps>
      <li Class="CompProperties_Transporter">
        <restEffectiveness>0.8</restEffectiveness>
        <canChangeAssignedThingsAfterStarting>true</canChangeAssignedThingsAfterStarting>
      </li>
      <li Class="CompProperties_Launchable">
        <skyfallerLeaving>DropPodLeaving</skyfallerLeaving>
      </li>
    </comps>
    <inspectorTabs>
      <li>ITab_ContentsTransporter</li>
    </inspectorTabs>
    <placeWorkers>
      <li>PlaceWorker_NeedsFuelingPort</li>
      <li>PlaceWorker_NotUnderRoof</li>
    </placeWorkers>
    <researchPrerequisites>
      <li>TransportPod</li>
    </researchPrerequisites>
    <constructionSkillPrerequisite>6</constructionSkillPrerequisite>
    <uiIconScale>0.65</uiIconScale>
  </ThingDef>
  
  <!--========================== Facilities ============================-->

  <ThingDef ParentName="BuildingBase">
    <defName>MultiAnalyzer</defName>
    <label>multi-analyzer</label>
    <description>Increases research speed when placed near hi-tech research bench and unlocks new research projects. Each research bench can only use one multi-analyzer.</description>
    <graphicData>
      <texPath>Things/Building/Misc/MultiAnalyzer</texPath>
      <graphicClass>Graphic_Single</graphicClass>
      <drawSize>2.46875</drawSize>
    </graphicData>
    <uiIconScale>0.85</uiIconScale>
    <researchPrerequisites><li>MultiAnalyzer</li></researchPrerequisites>
    <size>(2,2)</size>
    <rotatable>false</rotatable>
    <altitudeLayer>Building</altitudeLayer>
    <passability>PassThroughOnly</passability>
    <castEdgeShadows>true</castEdgeShadows>
    <fillPercent>0.5</fillPercent>
    <designationHotKey>Misc4</designationHotKey>
    <designationCategory>Misc</designationCategory>
    <minifiedDef>MinifiedThing</minifiedDef>
    <canOverlapZones>false</canOverlapZones>
    <terrainAffordanceNeeded>Medium</terrainAffordanceNeeded>
    <thingCategories>
      <li>BuildingsMisc</li>
    </thingCategories>
    <statBases>
      <MaxHitPoints>200</MaxHitPoints>
      <WorkToBuild>10000</WorkToBuild>
      <Mass>60</Mass>
      <Flammability>1.0</Flammability>
    </statBases>
    <costList>
      <Steel>40</Steel>
      <Plasteel>50</Plasteel>
      <Gold>20</Gold>
      <ComponentIndustrial>8</ComponentIndustrial>
    </costList>
    <building>
      <destroySound>BuildingDestroyed_Metal_Medium</destroySound>
    </building>
    <comps>
      <li Class="CompProperties_Power">
        <compClass>CompPowerTrader</compClass>
        <shortCircuitInRain>true</shortCircuitInRain>
        <basePowerConsumption>200</basePowerConsumption>
      </li>
      <li Class="CompProperties_Flickable"/>
      <li Class="CompProperties_Facility">
        <statOffsets>
          <ResearchSpeedFactor>0.1</ResearchSpeedFactor>
        </statOffsets>
        <maxSimultaneous>1</maxSimultaneous>
      </li>
    </comps>
    <placeWorkers>
      <li>PlaceWorker_ShowFacilitiesConnections</li>
    </placeWorkers>
    <constructionSkillPrerequisite>8</constructionSkillPrerequisite>
  </ThingDef>

  <ThingDef ParentName="BuildingBase">
    <defName>VitalsMonitor</defName>
    <label>vitals monitor</label>
    <description>Increases medical tend quality, surgery success chance, and immunity gain speed when placed directly adjacent to a hospital bed. Only works for hospital beds - normal beds will not benefit. Attaching more than one vitals monitor to the same bed will have no effect.</description>
    <graphicData>
      <texPath>Things/Building/Misc/VitalsMonitor</texPath>
      <graphicClass>Graphic_Multi</graphicClass>
      <shadowData>
        <volume>(0.55, 0.30, 0.40)</volume>
      </shadowData>
      <damageData>
        <rectN>(0.078125,0.46875,0.859375,0.53125)</rectN>
        <rectS>(0.078125,0.46875,0.859375,0.53125)</rectS>
        <rectE>(0.125,0.46875,0.625,0.296875)</rectE>
        <rectW>(0.25,0.46875,0.625,0.296875)</rectW>
        <cornerTR>Damage/Corner</cornerTR>
      </damageData>
    </graphicData>
    <defaultPlacingRot>South</defaultPlacingRot>
    <researchPrerequisites><li>VitalsMonitor</li></researchPrerequisites>
    <altitudeLayer>Building</altitudeLayer>
    <passability>PassThroughOnly</passability>
    <fillPercent>0.2</fillPercent>
    <statBases>
      <MaxHitPoints>100</MaxHitPoints>
      <WorkToBuild>6000</WorkToBuild>
      <Mass>20</Mass>
      <Flammability>0.7</Flammability>
    </statBases>
    <size>(1,1)</size>
    <costList>
      <Steel>50</Steel>
      <ComponentIndustrial>3</ComponentIndustrial>
    </costList>
    <building>
      <destroySound>BuildingDestroyed_Metal_Small</destroySound>
    </building>
    <designationCategory>Misc</designationCategory>
    <minifiedDef>MinifiedThing</minifiedDef>
    <thingCategories>
      <li>BuildingsMisc</li>
    </thingCategories>
    <comps>
      <li Class="CompProperties_Power">
        <compClass>CompPowerTrader</compClass>
        <shortCircuitInRain>true</shortCircuitInRain>
        <basePowerConsumption>80</basePowerConsumption>
      </li>
      <li Class="CompProperties_Flickable"/>
      <li Class="CompProperties_Facility">
        <statOffsets>
          <MedicalTendQualityOffset>0.07</MedicalTendQualityOffset>
          <ImmunityGainSpeedFactor>0.02</ImmunityGainSpeedFactor>
          <SurgerySuccessChanceFactor>0.05</SurgerySuccessChanceFactor>
        </statOffsets>
        <maxSimultaneous>1</maxSimultaneous>
        <mustBePlacedAdjacent>true</mustBePlacedAdjacent>
      </li>
    </comps>
    <designationHotKey>Misc5</designationHotKey>
    <placeWorkers>
      <li>PlaceWorker_ShowFacilitiesConnections</li>
    </placeWorkers>
    <constructionSkillPrerequisite>8</constructionSkillPrerequisite>
    <uiIconScale>0.85</uiIconScale>
  </ThingDef>

  <ThingDef ParentName="BuildingBase">
    <defName>ToolCabinet</defName>
    <label>tool cabinet</label>
    <description>Increases work speed when placed near a workbench. One workbench can use up to two tool cabinets.</description>
    <graphicData>
      <texPath>Things/Building/Misc/ToolCabinet</texPath>
      <graphicClass>Graphic_Multi</graphicClass>
      <drawSize>(2,1)</drawSize>
      <color>(96,114,95)</color>
      <damageData>
        <cornerTL>Damage/Corner</cornerTL>
        <cornerTR>Damage/Corner</cornerTR>
        <cornerBL>Damage/Corner</cornerBL>
        <cornerBR>Damage/Corner</cornerBR>
      </damageData>
    </graphicData>
    <altitudeLayer>Building</altitudeLayer>
    <passability>PassThroughOnly</passability>
    <castEdgeShadows>true</castEdgeShadows>
    <staticSunShadowHeight>0.35</staticSunShadowHeight>
    <fillPercent>0.5</fillPercent>
    <canOverlapZones>false</canOverlapZones>
    <pathCost>42</pathCost>
    <statBases>
      <MaxHitPoints>100</MaxHitPoints>
      <WorkToBuild>1800</WorkToBuild>
      <Mass>20</Mass>
      <Flammability>0.5</Flammability>
    </statBases>
    <size>(2,1)</size>
    <costList>
      <Steel>200</Steel>
    </costList>
    <building>
      <destroySound>BuildingDestroyed_Metal_Small</destroySound>
    </building>
    <researchPrerequisites>
      <li>ComplexFurniture</li>
    </researchPrerequisites>
    <designationCategory>Misc</designationCategory>
    <minifiedDef>MinifiedThing</minifiedDef>
    <constructionSkillPrerequisite>4</constructionSkillPrerequisite>
    <thingCategories>
      <li>BuildingsMisc</li>
    </thingCategories>
    <comps>
      <li Class="CompProperties_Facility">
        <statOffsets>
          <WorkTableWorkSpeedFactor>0.06</WorkTableWorkSpeedFactor>
        </statOffsets>
        <maxSimultaneous>2</maxSimultaneous>
      </li>
    </comps>
    <designationHotKey>Misc6</designationHotKey>
    <placeWorkers>
      <li>PlaceWorker_ShowFacilitiesConnections</li>
    </placeWorkers>
  </ThingDef>
   
  <!--=========================== Graves ============================-->

  <ThingDef ParentName="BuildingBase">
    <defName>Grave</defName>
    <label>grave</label>
    <description>A decent final resting place. Colonists will visit full graves to gain meditative joy.</description>
    <thingClass>Building_Grave</thingClass>
    <containedPawnsSelectable>true</containedPawnsSelectable>
    <graphicData>
      <texPath>Things/Building/Misc/GraveEmpty</texPath>
      <graphicClass>Graphic_Multi</graphicClass>
      <drawSize>(3,4)</drawSize>
    </graphicData>
    <constructEffect>ConstructDirt</constructEffect>
    <altitudeLayer>FloorEmplacement</altitudeLayer>
    <useHitPoints>false</useHitPoints>
    <size>(1,2)</size>
    <tickerType>Rare</tickerType>
    <canOverlapZones>false</canOverlapZones>
    <statBases>
      <WorkToBuild>800</WorkToBuild>
      <MeditationFocusStrength>0.06</MeditationFocusStrength>
    </statBases>
    <passability>Standable</passability>
    <defaultPlacingRot>South</defaultPlacingRot>
    <building>
      <ai_chillDestination>false</ai_chillDestination>
      <expandHomeArea>false</expandHomeArea>
      <isInert>true</isInert>
      <preventDeteriorationInside>true</preventDeteriorationInside>
      <haulToContainerDuration>500</haulToContainerDuration>
      <artificialForMeditationPurposes>false</artificialForMeditationPurposes>
      <isEscapableContainer>true</isEscapableContainer>
      <fullGraveGraphicData>
        <texPath>Things/Building/Misc/GraveFull</texPath>
        <graphicClass>Graphic_Multi</graphicClass>
        <drawSize>(3,4)</drawSize>
      </fullGraveGraphicData>
      <fixedStorageSettings>
        <filter>
          <categories>
            <li>Corpses</li>
          </categories>
        </filter>
      </fixedStorageSettings>
      <defaultStorageSettings>
        <priority>Important</priority>
        <filter>
          <categories>
            <li>CorpsesHumanlike</li>
          </categories>
        </filter>
      </defaultStorageSettings>
      <buildingTags>
        <li>RitualFocus</li>
      </buildingTags>
    </building>
    <inspectorTabs>
      <li>ITab_Storage</li>
    </inspectorTabs>
    <terrainAffordanceNeeded>Diggable</terrainAffordanceNeeded>
    <designationCategory>Misc</designationCategory>
    <uiOrder>2050</uiOrder>
    <designationHotKey>Misc8</designationHotKey>
    <comps>
      <li Class="CompProperties_AssignableToPawn">
        <drawAssignmentOverlay>false</drawAssignmentOverlay>
        <compClass>CompAssignableToPawn_Grave</compClass>
      </li>
      <li Class="CompProperties_MeditationFocus">
        <statDef>MeditationFocusStrength</statDef>
        <focusTypes>
          <li>Morbid</li>
        </focusTypes>
        <offsets>
          <li Class="FocusStrengthOffset_GraveFull">
            <offset>0.10</offset>
          </li>
          <li Class="FocusStrengthOffset_GraveCorpseRelationship">
            <offset>0.10</offset>
          </li>
          <li Class="FocusStrengthOffset_NearbyGraves">
            <defs>
              <li>Grave</li>
              <li>Sarcophagus</li>
            </defs>
            <offsetPerBuilding>0.01</offsetPerBuilding>
            <radius>9.9</radius>
            <maxBuildings>4</maxBuildings>
            <focusPerFullGrave>0.01</focusPerFullGrave>
            <explanationKey>MeditationFocusPerGrave</explanationKey>
            <explanationKeyAbstract>MeditationFocusPerGraveAbstract</explanationKeyAbstract>
          </li>
        </offsets>
      </li>
    </comps>
    <placeWorkers>
      <li>PlaceWorker_MeditationOffsetBuildingsNear</li>
    </placeWorkers>
    <ritualFocus>
      <spectateDistance>1</spectateDistance>
      <allowedSpectateSides>Vertical</allowedSpectateSides>
    </ritualFocus>
  </ThingDef>
  
  <ThingDef ParentName="BuildingBase">
    <defName>Sarcophagus</defName>
    <label>sarcophagus</label>
    <description>An ornamented burial receptacle for the honored dead.</description>
    <thingClass>Building_Sarcophagus</thingClass>
    <containedPawnsSelectable>true</containedPawnsSelectable>
    <graphicData>
      <texPath>Things/Building/Misc/Sarcophagus</texPath>
      <graphicClass>Graphic_Multi</graphicClass>
      <drawSize>(3,4)</drawSize>
      <damageData>
        <cornerTL>Damage/Corner</cornerTL>
        <cornerTR>Damage/Corner</cornerTR>
        <cornerBL>Damage/Corner</cornerBL>
        <cornerBR>Damage/Corner</cornerBR>
      </damageData>
    </graphicData>
    <size>(1,2)</size>
    <pathCost>42</pathCost>
    <castEdgeShadows>true</castEdgeShadows>
    <fillPercent>0.5</fillPercent>
    <tickerType>Rare</tickerType>
    <canOverlapZones>false</canOverlapZones>
    <constructionSkillPrerequisite>5</constructionSkillPrerequisite>
    <building>
      <ai_chillDestination>false</ai_chillDestination>
      <preventDeteriorationInside>true</preventDeteriorationInside>
      <haulToContainerDuration>500</haulToContainerDuration>
      <isEscapableContainer>true</isEscapableContainer>
      <fullGraveGraphicData>
        <texPath>Things/Building/Misc/SarcophagusFull</texPath>
        <graphicClass>Graphic_Multi</graphicClass>
        <drawSize>(3,4)</drawSize>
      </fullGraveGraphicData>
      <fixedStorageSettings>
        <filter>
          <categories>
            <li>Corpses</li>
          </categories>
        </filter>
      </fixedStorageSettings>
      <defaultStorageSettings>
        <priority>Important</priority>
        <filter>
          <categories>
            <li>CorpsesHumanlike</li>
          </categories>
          <specialFiltersToDisallow>
            <li>AllowCorpsesStranger</li>
          </specialFiltersToDisallow>
        </filter>
      </defaultStorageSettings>
      <buildingTags>
        <li>RitualFocus</li>
      </buildingTags>
      <paintable>true</paintable>
    </building>
    <statBases>
      <WorkToBuild>2400</WorkToBuild>
      <MaxHitPoints>250</MaxHitPoints>
      <Flammability>1.0</Flammability>
      <MeditationFocusStrength>0.10</MeditationFocusStrength>
      <Beauty>0</Beauty>
    </statBases>
    <stuffCategories>
      <li>Woody</li>
      <li>Metallic</li>
      <li>Stony</li>
    </stuffCategories>
    <inspectorTabs>
      <li>ITab_Storage</li>
      <li>ITab_Art</li>
      <li>ITab_ContentsCasket</li>
    </inspectorTabs>
    <comps>
      <li>
        <compClass>CompQuality</compClass>
      </li>
      <li Class="CompProperties_Art">
        <nameMaker>NamerArtSarcophagusPlate</nameMaker>
        <descriptionMaker>ArtDescription_SarcophagusPlate</descriptionMaker>
        <mustBeFullGrave>true</mustBeFullGrave>
      </li>
      <li Class="CompProperties_AssignableToPawn">
        <drawAssignmentOverlay>false</drawAssignmentOverlay>
        <compClass>CompAssignableToPawn_Grave</compClass>
      </li>
      <li Class="CompProperties_MeditationFocus">
        <statDef>MeditationFocusStrength</statDef>
        <focusTypes>
          <li>Morbid</li>
        </focusTypes>
        <offsets>
          <li Class="FocusStrengthOffset_GraveFull">
            <offset>0.10</offset>
          </li>
          <li Class="FocusStrengthOffset_GraveCorpseRelationship">
            <offset>0.10</offset>
          </li>
          <li Class="FocusStrengthOffset_NearbyGraves">
            <defs>
              <li>Grave</li>
              <li>Sarcophagus</li>
            </defs>
            <offsetPerBuilding>0.01</offsetPerBuilding>
            <radius>9.9</radius>
            <maxBuildings>4</maxBuildings>
            <focusPerFullGrave>0.01</focusPerFullGrave>
            <explanationKey>MeditationFocusPerGrave</explanationKey>
            <explanationKeyAbstract>MeditationFocusPerGraveAbstract</explanationKeyAbstract>
          </li>
        </offsets>
      </li>
    </comps>
    <costStuffCount>60</costStuffCount>
    <altitudeLayer>Building</altitudeLayer>
    <passability>PassThroughOnly</passability>
    <blockWind>true</blockWind>
    <terrainAffordanceNeeded>Light</terrainAffordanceNeeded>
    <staticSunShadowHeight>0.3</staticSunShadowHeight>
    <designationCategory>Misc</designationCategory>
    <uiOrder>2050</uiOrder>
    <designationHotKey>Misc9</designationHotKey>
    <researchPrerequisites>
      <li>ComplexFurniture</li>
    </researchPrerequisites>
    <placeWorkers>
      <li>PlaceWorker_MeditationOffsetBuildingsNear</li>
    </placeWorkers>
    <ritualFocus>
      <spectateDistance>1</spectateDistance>
      <allowedSpectateSides>Vertical</allowedSpectateSides>
    </ritualFocus>
  </ThingDef>

  <!--======================= Cryptosleep caskets ===========================-->

  <ThingDef ParentName="BuildingBase">
    <defName>CryptosleepCasket</defName>
    <label>cryptosleep casket</label>
    <description>A self-powered sarcophagus designed to keep a person in a state of suspended animation for many years.</description>
    <thingClass>Building_CryptosleepCasket</thingClass>
    <containedPawnsSelectable>true</containedPawnsSelectable>
    <drawerType>MapMeshAndRealTime</drawerType>
    <graphicData>
      <texPath>Things/Building/Ship/ShipCryptosleepCasket</texPath>
      <graphicClass>Graphic_Multi</graphicClass>
      <drawSize>(1, 2)</drawSize>
      <shadowData>
        <volume>(0.83, 0.3, 1.7)</volume>
      </shadowData>
    </graphicData>
    <researchPrerequisites><li>Cryptosleep</li></researchPrerequisites>
    <altitudeLayer>Building</altitudeLayer>
    <passability>PassThroughOnly</passability>
    <pathCost>42</pathCost>
    <blockWind>true</blockWind>
    <fillPercent>0.5</fillPercent>
    <canOverlapZones>false</canOverlapZones>
    <statBases>
      <WorkToBuild>3200</WorkToBuild>
      <MaxHitPoints>250</MaxHitPoints>
      <Flammability>0.5</Flammability>
    </statBases>
    <tickerType>Normal</tickerType>
    <size>(1,2)</size>
    <designationCategory>Misc</designationCategory>
    <uiOrder>2050</uiOrder>
    <hasInteractionCell>true</hasInteractionCell>
    <interactionCellOffset>(1,0,0)</interactionCellOffset>
    <defaultPlacingRot>South</defaultPlacingRot>
    <building>
      <ai_chillDestination>false</ai_chillDestination>
      <destroySound>BuildingDestroyed_Metal_Small</destroySound>
    </building>
    <costList>
      <Steel>180</Steel>
      <Uranium>5</Uranium>
      <ComponentIndustrial>4</ComponentIndustrial>
      <ComponentSpacer>1</ComponentSpacer>
    </costList>
    <comps>
      <li Class="CompProperties_Explosive">
        <explosiveRadius>2.66</explosiveRadius>
        <explosiveDamageType>Flame</explosiveDamageType>
      </li>
      <li Class="CompProperties_EmptyStateGraphic">
        <graphicData>
          <texPath>Things/Building/Ship/ShipCryptosleepCasketOpenDoor</texPath>
          <graphicClass>Graphic_Multi</graphicClass>
          <drawSize>(1, 2)</drawSize>
        </graphicData>
      </li>
    </comps>
    <placeWorkers>
      <li>PlaceWorker_PreventInteractionSpotOverlap</li>
    </placeWorkers>
    <inspectorTabs>
      <li>ITab_ContentsCasket</li>
    </inspectorTabs>
    <terrainAffordanceNeeded>Medium</terrainAffordanceNeeded>
    <constructionSkillPrerequisite>8</constructionSkillPrerequisite>
  </ThingDef>

  <ThingDef ParentName="BuildingBase" Name="AncientCryptosleepCasket" >
    <defName>AncientCryptosleepCasket</defName>
    <label>ancient cryptosleep casket</label>
    <description>This cryptosleep casket looks like it has been here for a very long time. Who knows what it might contain?</description>
    <thingClass>Building_AncientCryptosleepCasket</thingClass>
    <containedPawnsSelectable>true</containedPawnsSelectable>
    <drawerType>MapMeshAndRealTime</drawerType>
    <graphicData>
      <texPath>Things/Building/Ship/ShipCryptosleepCasket</texPath>
      <graphicClass>Graphic_Multi</graphicClass>
      <drawSize>(1,2)</drawSize>
      <shadowData>
        <volume>(0.83, 0.3, 1.7)</volume>
      </shadowData>
    </graphicData>
    <altitudeLayer>Building</altitudeLayer>
    <passability>PassThroughOnly</passability>
    <pathCost>42</pathCost>
    <blockWind>true</blockWind>
    <fillPercent>0.5</fillPercent>
    <canOverlapZones>false</canOverlapZones>
    <statBases>
      <MaxHitPoints>250</MaxHitPoints>
      <Flammability>1.0</Flammability>
    </statBases>
    <tickerType>Normal</tickerType>
    <size>(1,2)</size>
    <hasInteractionCell>true</hasInteractionCell>
    <interactionCellOffset>(1,0,0)</interactionCellOffset>
    <costList>
      <Steel>180</Steel>
      <Uranium>5</Uranium>
    </costList>
    <killedLeavings>
      <ChunkSlagSteel>1</ChunkSlagSteel>
      <Steel>25</Steel>
      <Uranium>3</Uranium>
    </killedLeavings>
    <building>
      <ai_chillDestination>false</ai_chillDestination>
      <destroySound>BuildingDestroyed_Metal_Small</destroySound>
    </building>
    <comps>
      <li Class="CompProperties_Explosive">
        <explosiveRadius>2.66</explosiveRadius>
        <explosiveDamageType>Flame</explosiveDamageType>
      </li>
      <li Class="CompProperties_EmptyStateGraphic">
        <graphicData>
          <texPath>Things/Building/Ship/ShipCryptosleepCasketOpenDoor</texPath>
          <graphicClass>Graphic_Multi</graphicClass>
          <drawSize>(1, 2)</drawSize>
        </graphicData>
      </li>
    </comps>
    <placeWorkers>
      <li>PlaceWorker_PreventInteractionSpotOverlap</li>
    </placeWorkers>
    <leaveResourcesWhenKilled>false</leaveResourcesWhenKilled>
    <terrainAffordanceNeeded>Medium</terrainAffordanceNeeded>
  </ThingDef>

  <!--============================ Spots =============================-->

  <ThingDef ParentName="BuildingBase">
    <defName>MarriageSpot</defName>
    <label>marriage spot</label>
    <description>Designates a spot where marriage ceremonies will take place. Spectators can watch from either side.</description>
    <thingClass>Building_MarriageSpot</thingClass>
    <graphicData>
      <texPath>Things/Building/Misc/MarriageSpot</texPath>
      <graphicClass>Graphic_Single</graphicClass>
      <drawSize>(2,1)</drawSize>
    </graphicData>
    <altitudeLayer>FloorEmplacement</altitudeLayer>
    <statBases>
      <WorkToBuild>0</WorkToBuild>
    </statBases>
    <useHitPoints>False</useHitPoints>
    <scatterableOnMapGen>false</scatterableOnMapGen>
    <size>(2,1)</size>
    <designationCategory>Misc</designationCategory>
    <uiOrder>2000</uiOrder>
    <passability>Standable</passability>
    <building>
      <sowTag>SupportPlantsOnly</sowTag>
      <canPlaceOverImpassablePlant>false</canPlaceOverImpassablePlant>
      <ai_chillDestination>false</ai_chillDestination>
      <wakeDormantPawnsOnConstruction>false</wakeDormantPawnsOnConstruction>
      <artificialForMeditationPurposes>false</artificialForMeditationPurposes>
    </building>
    <designationHotKey>Misc10</designationHotKey>
    <ritualFocus>
      <spectateDistance>2</spectateDistance>
      <allowedSpectateSides>Down</allowedSpectateSides>
    </ritualFocus>
    <placeWorkers>
      <li>PlaceWorker_SpectatorPreview</li>
    </placeWorkers>
    <drawPlaceWorkersWhileSelected>True</drawPlaceWorkersWhileSelected>
  </ThingDef>
  
  <ThingDef ParentName="BuildingBase">
    <defName>PartySpot</defName>
    <label>party spot</label>
    <description>Designates a spot for throwing parties.</description>
    <graphicData>
      <texPath>Things/Building/Misc/PartySpot</texPath>
      <graphicClass>Graphic_Single</graphicClass>
    </graphicData>
    <altitudeLayer>FloorEmplacement</altitudeLayer>
    <statBases>
      <WorkToBuild>0</WorkToBuild>
    </statBases>
    <rotatable>false</rotatable>
    <scatterableOnMapGen>false</scatterableOnMapGen>
    <useHitPoints>False</useHitPoints>
    <designationCategory>Misc</designationCategory>
    <uiOrder>2000</uiOrder>
    <passability>Standable</passability>
    <building>
      <sowTag>SupportPlantsOnly</sowTag>
      <canPlaceOverImpassablePlant>false</canPlaceOverImpassablePlant>
      <ai_chillDestination>false</ai_chillDestination>
      <wakeDormantPawnsOnConstruction>false</wakeDormantPawnsOnConstruction>
      <artificialForMeditationPurposes>false</artificialForMeditationPurposes>
      <buildingTags>
        <li>RitualFocus</li>
      </buildingTags>
    </building>
    <designationHotKey>Misc11</designationHotKey>
  </ThingDef>

  <ThingDef ParentName="BuildingBase">
    <defName>CaravanPackingSpot</defName>
    <label>caravan hitching spot</label>
    <description>Designates a spot for hitching animals and forming caravans. Colonists will hitch animals here while loading a caravan. You can also use these during encounters away from home to keep animals from wandering.</description>
    <drawerType>MapMeshAndRealTime</drawerType>
    <graphicData>
      <texPath>Things/Building/Misc/CaravanHitchingSpot</texPath>
      <graphicClass>Graphic_Single</graphicClass>
      <drawSize>(1,1)</drawSize>
    </graphicData>
    <altitudeLayer>FloorEmplacement</altitudeLayer>
    <statBases>
      <WorkToBuild>0</WorkToBuild>
    </statBases>
    <useHitPoints>false</useHitPoints>
    <scatterableOnMapGen>false</scatterableOnMapGen>
    <designationCategory>Misc</designationCategory>
    <uiOrder>2010</uiOrder>
    <passability>Standable</passability>
    <building>
      <sowTag>SupportPlantsOnly</sowTag>
      <canPlaceOverImpassablePlant>false</canPlaceOverImpassablePlant>
      <ai_chillDestination>false</ai_chillDestination>
      <wakeDormantPawnsOnConstruction>false</wakeDormantPawnsOnConstruction>
      <artificialForMeditationPurposes>false</artificialForMeditationPurposes>
    </building>
    <designationHotKey>Misc12</designationHotKey>
    <comps>
      <li Class="CompProperties_HitchingSpot"/>
    </comps>
  </ThingDef>
  
  <!--============================== Steles ==============================-->

  <ThingDef Name="SteleBase" ParentName="BuildingBase" Abstract="True">
    <designationCategory>Misc</designationCategory>
    <altitudeLayer>Building</altitudeLayer>
    <passability>PassThroughOnly</passability>
    <fillPercent>0.50</fillPercent>
    <stuffCategories>
      <li>Stony</li>
    </stuffCategories>
    <canOverlapZones>false</canOverlapZones>
    <pathCost>50</pathCost>
    <rotatable>false</rotatable>
    <castEdgeShadows>True</castEdgeShadows>
    <researchPrerequisites>
      <li>ComplexFurniture</li>
    </researchPrerequisites>
    <building>
      <paintable>true</paintable>
    </building>
    <comps>
      <li Class="CompProperties_Art">
        <nameMaker>NamerArtFurniture</nameMaker>
        <descriptionMaker>ArtDescription_Furniture</descriptionMaker>
        <minQualityForArtistic>Awful</minQualityForArtistic>
      </li>
    </comps>
    <inspectorTabs>
      <li>ITab_Art</li>
    </inspectorTabs>
  </ThingDef>

  <ThingDef ParentName="SteleBase">
    <defName>SteleLarge</defName>
    <label>large stele</label>
    <description>A tall, thick slab with engravings on the sides. Steles have been used since ancient times to memorialize individuals, battles, and other important events.</description>
    <size>(2,2)</size>
    <statBases>
      <MaxHitPoints>200</MaxHitPoints>
      <WorkToBuild>8000</WorkToBuild>
      <Beauty>15</Beauty>
      <MeditationFocusStrength>0.15</MeditationFocusStrength>
    </statBases>
    <costStuffCount>125</costStuffCount>
    <uiIconScale>0.8</uiIconScale>
    <uiIconOffset>(0, 0.04)</uiIconOffset>
    <terrainAffordanceNeeded>Medium</terrainAffordanceNeeded>
    <graphicData>
      <graphicClass>Graphic_Random</graphicClass>
      <texPath>Things/Building/Furniture/SteleLarge</texPath>
      <drawSize>(4,4)</drawSize>
      <drawOffset>(0,0,0.05)</drawOffset>
      <shadowData>
        <volume>(1.5, 0.6, 1.5)</volume>
        <offset>(0, 0, -0.15)</offset>
      </shadowData>
      <damageData>
        <rect>(0.1,0.1,1.9,1.9)</rect>
      </damageData>
    </graphicData>
    <comps>
      <li Class="CompProperties_MeditationFocus">
        <statDef>MeditationFocusStrength</statDef>
        <focusTypes>
          <li>Artistic</li>
        </focusTypes>
      </li>
    </comps>
  </ThingDef>

  <ThingDef ParentName="SteleBase">
    <defName>SteleGrand</defName>
    <label>grand stele</label>
    <description>A towering slab with extensive engravings on the sides. Steles have been used since ancient times to memorialize individuals, battles, and other important events.</description>
    <size>(3,3)</size>
    <statBases>
      <MaxHitPoints>400</MaxHitPoints>
      <WorkToBuild>16000</WorkToBuild>
      <Beauty>30</Beauty>
      <MeditationFocusStrength>0.18</MeditationFocusStrength>
    </statBases>
    <costStuffCount>250</costStuffCount>
    <uiIconScale>0.7</uiIconScale>
    <uiIconOffset>(0, 0.02)</uiIconOffset>
    <terrainAffordanceNeeded>Heavy</terrainAffordanceNeeded>
    <graphicData>
      <graphicClass>Graphic_Single</graphicClass>
      <texPath>Things/Building/Furniture/GrandStele</texPath>
      <drawSize>(5,5)</drawSize>
      <drawOffset>(0,0,0.25)</drawOffset>
      <shadowData>
        <volume>(2.2, 1, 2.2)</volume>
        <offset>(0, 0, -0.1)</offset>
      </shadowData>
      <damageData>
        <rect>(0.1,0.1,2.9,2.9)</rect>
      </damageData>
    </graphicData>
    <comps>
      <li Class="CompProperties_MeditationFocus">
        <statDef>MeditationFocusStrength</statDef>
        <focusTypes>
          <li>Artistic</li>
        </focusTypes>
      </li>
    </comps>
  </ThingDef>

  <ThingDef ParentName="BuildingBase">
    <defName>PenMarker</defName>
    <label>pen marker</label>
    <description>A post with a sign designating an animal pen. It must be placed in an area enclosed by fences, barricades, walls, and doors. You can assign each pen marker a set of animals to accept, and handlers will bring animals to an appropriate pen.</description>
    <thingClass>Building</thingClass>
    <tickerType>Long</tickerType>
    <designationCategory>Misc</designationCategory>
    <uiOrder>2065</uiOrder>
    <minifiedDef>MinifiedThing</minifiedDef>
    <thingCategories>
      <li>BuildingsMisc</li>
    </thingCategories>
    <altitudeLayer>Building</altitudeLayer>
    <passability>PassThroughOnly</passability>
    <fillPercent>0.15</fillPercent>
    <pathCost>0</pathCost>
    <statBases>
      <MaxHitPoints>100</MaxHitPoints>
      <Mass>8</Mass>
      <WorkToBuild>600</WorkToBuild>
      <Flammability>1.0</Flammability>
      <Beauty>0</Beauty>
    </statBases>
    <stuffCategories>
      <li>Metallic</li>
      <li>Woody</li>
      <li>Stony</li>
    </stuffCategories>
    <costStuffCount>30</costStuffCount>
    <rotatable>false</rotatable>
    <fertility>0</fertility>
    <building>
      <isInert>true</isInert>
      <ai_chillDestination>false</ai_chillDestination>
      <ai_neverTrashThis>true</ai_neverTrashThis>
      <relatedBuildCommands>
        <li>Fence</li>
        <li>FenceGate</li>
      </relatedBuildCommands>
      <paintable>true</paintable>
    </building>
    <graphicData>
      <texPath>Things/Building/Furniture/PenMarker</texPath>
      <graphicClass>Graphic_Single</graphicClass>
      <shadowData>
        <volume>(0.2, 0.5, 0.2)</volume>
        <offset>(0,0,-0.23)</offset>
      </shadowData>
      <damageData>
        <rect>(0.25,0.6,0.5,0.2)</rect>
      </damageData>
    </graphicData>
    <comps>
      <li Class="CompProperties_AnimalPenMarker"/>
      <li Class="CompProperties_Forbiddable" />
    </comps>
    <inspectorTabs>
      <li>ITab_PenAutoCut</li>
      <li>ITab_PenFood</li>
      <li>ITab_PenAnimals</li>
    </inspectorTabs>
    <drawPlaceWorkersWhileSelected>true</drawPlaceWorkersWhileSelected>
    <placeWorkers>
      <li>PlaceWorker_AnimalPenMarker</li>
    </placeWorkers>
  </ThingDef>

  <ThingDef>
    <defName>DelayedEffecterSpawner</defName>
    <label>delayed effecter spawner</label> <!-- hidden -->
    <thingClass>DelayedEffecterSpawner</thingClass>
    <tickerType>Normal</tickerType>
    <useHitPoints>false</useHitPoints>
    <hideInspect>true</hideInspect>
    <drawerType>None</drawerType>
  </ThingDef>

</Defs>