﻿<?xml version="1.0" encoding="utf-8" ?>
<Defs>

  <!--==================== Low cover ======================== -->

  <ThingDef ParentName="BuildingBase">
    <defName>Sandbags</defName>
    <label>sandbags</label>
    <description>Bags of locally-sourced dirt or sand, stacked for use as cover. Sandbags are ugly, but provide better cover than other low objects.</description>
    <thingClass>Building</thingClass>
    <category>Building</category>
    <graphicData>
      <texPath>Things/Building/Linked/Sandbags_Atlas</texPath>
      <graphicClass>Graphic_Single</graphicClass>
      <linkType>Basic</linkType>
      <linkFlags>
        <li>Sandbags</li>
      </linkFlags>
    </graphicData>
    <uiIconPath>Things/Building/Linked/Sandbags_MenuIcon</uiIconPath>
    <altitudeLayer>Building</altitudeLayer>
    <pathCost>42</pathCost>
    <pathCostIgnoreRepeat>true</pathCostIgnoreRepeat>
    <passability>PassThroughOnly</passability>
    <castEdgeShadows>true</castEdgeShadows>
    <fillPercent>0.55</fillPercent>
    <canOverlapZones>false</canOverlapZones>
    <statBases>
      <MaxHitPoints>300</MaxHitPoints>
      <Beauty>-10</Beauty>
      <WorkToBuild>180</WorkToBuild>
      <Flammability>0</Flammability>
    </statBases>
    <building>
      <ai_chillDestination>false</ai_chillDestination>
      <isInert>true</isInert>
      <blueprintGraphicData>
        <texPath>Things/Building/Linked/Sandbags_Blueprint_Atlas</texPath>
      </blueprintGraphicData>
    </building>
    <placingDraggableDimensions>1</placingDraggableDimensions>
    <stuffCategories>
      <li>Fabric</li>
      <li>Leathery</li>
    </stuffCategories>
    <colorPerStuff>
      <li>
        <stuff>Cloth</stuff>
        <color>(139,122,87)</color>
      </li>
    </colorPerStuff>
    <costStuffCount>5</costStuffCount>
    <filthLeaving>SandbagRubble</filthLeaving>
    <rotatable>false</rotatable>
    <selectable>true</selectable>
    <neverMultiSelect>true</neverMultiSelect>
    <terrainAffordanceNeeded>Light</terrainAffordanceNeeded>
    <designationCategory>Security</designationCategory>
    <staticSunShadowHeight>0.20</staticSunShadowHeight>
    <repairEffect>ConstructDirt</repairEffect>
    <designationHotKey>Misc1</designationHotKey>
  </ThingDef>

  <ThingDef ParentName="BuildingBase">
    <defName>Barricade</defName>
    <label>barricade</label>
    <description>A waist-high barrier for use as cover from incoming shots. Barricades are ugly, but provide better cover than other low objects. Barricades will block certain kinds of animals the same way that fences do.</description>
    <thingClass>Building</thingClass>
    <category>Building</category>
    <graphicData>
      <texPath>Things/Building/Linked/Barricade_Atlas</texPath>
      <graphicClass>Graphic_Single</graphicClass>
      <linkType>Basic</linkType>
      <linkFlags>
        <li>Barricades</li>
      </linkFlags>
      <color>(139,122,87)</color>
    </graphicData>
    <uiIconPath>Things/Building/Linked/Barricade_MenuIcon</uiIconPath>
    <uiIconScale>1.2</uiIconScale>
    <altitudeLayer>Building</altitudeLayer>
    <pathCost>42</pathCost>
    <pathCostIgnoreRepeat>true</pathCostIgnoreRepeat>
    <passability>PassThroughOnly</passability>
    <castEdgeShadows>true</castEdgeShadows>
    <fillPercent>0.55</fillPercent>
    <canOverlapZones>false</canOverlapZones>
    <statBases>
      <MaxHitPoints>300</MaxHitPoints>
      <Beauty>-3</Beauty>
      <WorkToBuild>320</WorkToBuild>
      <Flammability>1</Flammability>
    </statBases>
    <building>
      <ai_chillDestination>false</ai_chillDestination>
      <isInert>true</isInert>
      <isFence>true</isFence>
      <isPlaceOverableWall>true</isPlaceOverableWall>
      <blueprintGraphicData>
        <texPath>Things/Building/Linked/Barricade_Blueprint_Atlas</texPath>
      </blueprintGraphicData>
    </building>
    <placingDraggableDimensions>1</placingDraggableDimensions>
    <stuffCategories>
      <li>Metallic</li>
      <li>Woody</li>
      <li>Stony</li>
    </stuffCategories>
    <costStuffCount>5</costStuffCount>
    <filthLeaving>Filth_RubbleBuilding</filthLeaving>
    <rotatable>false</rotatable>
    <selectable>true</selectable>
    <neverMultiSelect>true</neverMultiSelect>
    <useStuffTerrainAffordance>true</useStuffTerrainAffordance>
    <terrainAffordanceNeeded>Heavy</terrainAffordanceNeeded> <!-- Best affordance needed for stone -->
    <designationCategory>Security</designationCategory>
    <staticSunShadowHeight>0.20</staticSunShadowHeight>
    <designationHotKey>Misc1</designationHotKey>
  </ThingDef>

  <!--==================== Traps ======================== -->

  <ThingDef ParentName="BuildingBase">
    <defName>TrapSpike</defName>
    <label>spike trap</label>
    <description>Five spikes under tension, connected to a touch-activated trigger. When the victim disturbs the trigger, the spikes spring forth and strike the victim. Since it is hidden in the surrounding terrain, it cannot be placed adjacent to other traps. Animals can sense these when calm.</description>
    <thingClass>Building_TrapDamager</thingClass>
    <graphicData>
      <texPath>Things/Building/Security/TrapSpikeArmed</texPath>
      <graphicClass>Graphic_Single</graphicClass>
      <damageData>
        <rect>(0,0,1,0.15)</rect>
      </damageData>
    </graphicData>
    <altitudeLayer>Building</altitudeLayer>
    <rotatable>false</rotatable>
    <tickerType>Normal</tickerType>
    <stealable>false</stealable>
    <minifiedDef>MinifiedThing</minifiedDef>
    <thingCategories>
      <li>BuildingsSecurity</li>
    </thingCategories>
    <statBases>
      <Mass>2.5</Mass>
      <MaxHitPoints>40</MaxHitPoints>
      <WorkToBuild>3200</WorkToBuild>
      <Flammability>1</Flammability>
      <Beauty>-18</Beauty>
      <Cleanliness>-5</Cleanliness>
      <TrapMeleeDamage>100</TrapMeleeDamage>
      <TrapSpringChance>1.0</TrapSpringChance>
    </statBases>
    <stuffCategories>
      <li>Metallic</li>
      <li>Woody</li>
      <li>Stony</li>
    </stuffCategories>
    <costStuffCount>45</costStuffCount>
    <designationCategory>Security</designationCategory>
    <designationHotKey>Misc6</designationHotKey>
    <building>
      <isTrap>true</isTrap>
      <trapDestroyOnSpring>true</trapDestroyOnSpring>
      <trapDamageCategory>Sharp</trapDamageCategory>
      <expandHomeArea>false</expandHomeArea>
      <ai_chillDestination>false</ai_chillDestination>
    </building>
    <constructionSkillPrerequisite>3</constructionSkillPrerequisite>
    <placeWorkers>
      <li>PlaceWorker_NeverAdjacentTrap</li>
    </placeWorkers>
  </ThingDef>

  <ThingDef Name="TrapIEDBase" ParentName="BuildingBase" Abstract="True">
    <thingClass>Building_TrapExplosive</thingClass>
    <graphicData>
      <graphicClass>Graphic_Single</graphicClass>
      <damageData>
        <rect>(0.1,0,0.8,0.3)</rect>
      </damageData>
    </graphicData>
    <uiIconOffset>(0,-0.14)</uiIconOffset>
    <altitudeLayer>Building</altitudeLayer>
    <rotatable>false</rotatable>
    <tickerType>Normal</tickerType>
    <stealable>false</stealable>
    <minifiedDef>MinifiedThing</minifiedDef>
    <leaveResourcesWhenKilled>false</leaveResourcesWhenKilled>
    <thingCategories>
      <li>BuildingsSecurity</li>
    </thingCategories>
    <statBases>
      <Mass>2</Mass>
      <MaxHitPoints>40</MaxHitPoints>
      <WorkToBuild>1400</WorkToBuild>
      <Flammability>1</Flammability>
      <Beauty>-4</Beauty>
      <TrapSpringChance>1.0</TrapSpringChance>
    </statBases>
    <designationCategory>Security</designationCategory>
    <building>
      <isTrap>true</isTrap>
      <trapPeacefulWildAnimalsSpringChanceFactor>0.25</trapPeacefulWildAnimalsSpringChanceFactor>
      <expandHomeArea>false</expandHomeArea>
      <ai_chillDestination>false</ai_chillDestination>
    </building>
    <constructionSkillPrerequisite>3</constructionSkillPrerequisite>
    <researchPrerequisites>
      <li>IEDs</li>
    </researchPrerequisites>
    <placeWorkers>
      <li>PlaceWorker_NeverAdjacentTrap</li>
    </placeWorkers>
  </ThingDef>

  <ThingDef ParentName="TrapIEDBase">
    <defName>TrapIED_HighExplosive</defName>
    <label>IED trap</label>
    <description>A pair of high-explosive shells connected to a trigger which detonates on touch or bullet impact. Since it is hidden in the surrounding terrain, it cannot be placed adjacent to other traps. Animals can sense these when calm.</description>
    <graphicData>
      <texPath>Things/Building/Security/IEDHighExplosive</texPath>
    </graphicData>
    <costList>
      <Shell_HighExplosive>2</Shell_HighExplosive>
    </costList>
    <designationHotKey>Misc7</designationHotKey>
    <comps>
      <li Class="CompProperties_Explosive">
        <explosiveRadius>3.9</explosiveRadius>
        <explosiveDamageType>Bomb</explosiveDamageType>
        <startWickHitPointsPercent>0.2</startWickHitPointsPercent>
        <wickTicks>15</wickTicks>
        <startWickOnDamageTaken>
          <li>Bullet</li>
          <li>Arrow</li>
          <li>ArrowHighVelocity</li>
        </startWickOnDamageTaken>
      </li>
    </comps>
    <specialDisplayRadius>3.9</specialDisplayRadius>
  </ThingDef>

  <ThingDef ParentName="TrapIEDBase">
    <defName>TrapIED_Incendiary</defName>
    <label>IED incendiary trap</label>
    <description>A pair of incendiary shells connected to a trigger which detonates on touch or bullet impact. Since it is hidden in the surrounding terrain, it cannot be placed adjacent to other traps. Animals can sense these when calm.</description>
    <graphicData>
      <texPath>Things/Building/Security/IEDIncendiary</texPath>
    </graphicData>
    <costList>
      <Shell_Incendiary>2</Shell_Incendiary>
    </costList>
    <designationHotKey>Misc8</designationHotKey>
    <comps>
      <li Class="CompProperties_Explosive">
        <explosiveRadius>3.9</explosiveRadius>
        <explosiveDamageType>Flame</explosiveDamageType>
        <startWickHitPointsPercent>0.2</startWickHitPointsPercent>
        <wickTicks>15</wickTicks>
        <startWickOnDamageTaken>
          <li>Bullet</li>
          <li>Arrow</li>
          <li>ArrowHighVelocity</li>
        </startWickOnDamageTaken>
      </li>
    </comps>
    <specialDisplayRadius>3.9</specialDisplayRadius>
  </ThingDef>

  <ThingDef ParentName="TrapIEDBase">
    <defName>TrapIED_EMP</defName>
    <label>IED EMP trap</label>
    <description>A pair of EMP shells connected to a trigger which detonates on touch or bullet impact. The explosion can paralyze mechanoids for a few seconds. Since it is hidden in the surrounding terrain, it cannot be placed adjacent to other traps. Animals can sense these when calm.</description>
    <graphicData>
      <texPath>Things/Building/Security/IEDEMP</texPath>
    </graphicData>
    <costList>
      <Shell_EMP>2</Shell_EMP>
    </costList>
    <designationHotKey>Misc9</designationHotKey>
    <comps>
      <li Class="CompProperties_Explosive">
        <explosiveRadius>10.9</explosiveRadius>
        <explosiveDamageType>EMP</explosiveDamageType>
        <startWickHitPointsPercent>0.2</startWickHitPointsPercent>
        <wickTicks>15</wickTicks>
        <startWickOnDamageTaken>
          <li>Bullet</li>
          <li>Arrow</li>
          <li>ArrowHighVelocity</li>
        </startWickOnDamageTaken>
      </li>
    </comps>
    <specialDisplayRadius>10.9</specialDisplayRadius>
  </ThingDef>

  <ThingDef ParentName="TrapIEDBase">
    <defName>TrapIED_Smoke</defName>
    <label>IED Smoke trap</label>
    <description>A pair of smoke shells connected to a trigger which detonates on touch or bullet impact. Since it is hidden in the surrounding terrain, it cannot be placed adjacent to other traps. Animals can sense these when calm.</description>
    <graphicData>
      <texPath>Things/Building/Security/IEDSmoke</texPath>
    </graphicData>
    <costList>
      <Shell_Smoke>2</Shell_Smoke>
    </costList>
    <designationHotKey>Misc10</designationHotKey>
    <comps>
      <li Class="CompProperties_Explosive">
        <explosiveRadius>8.6</explosiveRadius>
        <explosiveDamageType>Smoke</explosiveDamageType>
        <startWickHitPointsPercent>0.2</startWickHitPointsPercent>
        <postExplosionSpawnThingDef>Gas_Smoke</postExplosionSpawnThingDef>
        <postExplosionSpawnChance>1</postExplosionSpawnChance>
        <postExplosionSpawnThingCount>1</postExplosionSpawnThingCount>
        <wickTicks>15</wickTicks>
        <startWickOnDamageTaken>
          <li>Bullet</li>
          <li>Arrow</li>
          <li>ArrowHighVelocity</li>
        </startWickOnDamageTaken>
      </li>
    </comps>
    <specialDisplayRadius>8.6</specialDisplayRadius>
  </ThingDef>

  <ThingDef ParentName="TrapIEDBase">
    <defName>TrapIED_Firefoam</defName>
    <label>IED firefoam trap</label>
    <description>A pair of firefoam shells connected to a trigger which detonates on touch or bullet impact. Since it is hidden in the surrounding terrain, it cannot be placed adjacent to other traps. Animals can sense these when calm.</description>
    <graphicData>
      <texPath>Things/Building/Security/IEDFirefoam</texPath>
    </graphicData>
    <costList>
      <Shell_Firefoam>2</Shell_Firefoam>
    </costList>
    <designationHotKey>Misc10</designationHotKey>
    <comps>
      <li Class="CompProperties_Explosive">
        <explosiveRadius>9.9</explosiveRadius>
        <explosiveDamageType>Extinguish</explosiveDamageType>
        <startWickHitPointsPercent>0.2</startWickHitPointsPercent>
        <postExplosionSpawnThingDef>Filth_FireFoam</postExplosionSpawnThingDef>
        <postExplosionSpawnChance>1</postExplosionSpawnChance>
        <postExplosionSpawnThingCount>3</postExplosionSpawnThingCount>
        <applyDamageToExplosionCellsNeighbors>true</applyDamageToExplosionCellsNeighbors>
        <explosionEffect>ExtinguisherExplosion</explosionEffect>
        <wickTicks>15</wickTicks>
        <startWickOnDamageTaken>
          <li>Bullet</li>
          <li>Arrow</li>
          <li>ArrowHighVelocity</li>
        </startWickOnDamageTaken>
      </li>
    </comps>
    <specialDisplayRadius>9.9</specialDisplayRadius>
  </ThingDef>

  <ThingDef ParentName="TrapIEDBase">
    <defName>TrapIED_AntigrainWarhead</defName>
    <label>IED antigrain warhead trap</label>
    <description>An antimatter-powered antigrain warhead connected to a trigger which detonates on touch or bullet impact. Since it is hidden in the surrounding terrain, it cannot be placed adjacent to other traps. Animals can sense these when calm.</description>
    <graphicData>
      <texPath>Things/Building/Security/IEDAntigrainWarhead</texPath>
    </graphicData>
    <costList>
      <Shell_AntigrainWarhead>1</Shell_AntigrainWarhead>
    </costList>
    <designationHotKey>Misc11</designationHotKey>
    <comps>
      <li Class="CompProperties_Explosive">
        <explosiveRadius>14.9</explosiveRadius>
        <explosiveDamageType>BombSuper</explosiveDamageType>
        <startWickHitPointsPercent>0.2</startWickHitPointsPercent>
        <chanceToStartFire>0.22</chanceToStartFire>
        <damageFalloff>true</damageFalloff>
        <explosionEffect>GiantExplosion</explosionEffect>
        <explosionSound>Explosion_GiantBomb</explosionSound>
        <wickTicks>15</wickTicks>
        <startWickOnDamageTaken>
          <li>Bullet</li>
          <li>Arrow</li>
          <li>ArrowHighVelocity</li>
        </startWickOnDamageTaken>
      </li>
    </comps>
    <specialDisplayRadius>14.9</specialDisplayRadius>
  </ThingDef>

</Defs>
