﻿<?xml version="1.0" encoding="utf-8"?>
<Defs>
  <SitePartDef Abstract="True" Name="AncientStructureSiteBase">
    <gravShipsCanLandOn>true</gravShipsCanLandOn>
    <tags>
      <li>AncientStructure</li>
    </tags>
    <approachOrderString>Investigate {0}</approachOrderString>
    <approachingReportString>Investigating {0}.</approachingReportString>
    <siteTexture>World/WorldObjects/Sites/Outpost</siteTexture>
    <expandingIconTexture>World/WorldObjects/Expanding/AncientStructure</expandingIconTexture>
    <considerEnteringAsAttack>false</considerEnteringAsAttack>
  </SitePartDef>
  
  <SitePartDef ParentName="AncientStructureSiteBase">
    <defName>OpportunitySite_AncientLaunchSite</defName>
    <label>ancient launch site</label>
    <description>An abandoned collection of launch pads used to deliver supplies to orbital platforms. It contains working transport pods.</description>
  </SitePartDef>

  <SitePartDef ParentName="AncientStructureSiteBase">
    <defName>OpportunitySite_AncientGarrison</defName>
    <label>ancient garrison</label>
    <description>A long-abandoned military structure. It may still contain valuable items, as well as active security systems. Use caution while exploring these ruins.</description>
  </SitePartDef>

  <SitePartDef ParentName="AncientStructureSiteBase">
    <defName>OpportunitySite_AncientChemfuelRefinery</defName>
    <label>ancient chemfuel refinery</label>
    <description>An abandoned industrial installation containing large quantities of chemfuel. It may also contain active security systems.</description>
  </SitePartDef>

  <SitePartDef ParentName="AncientStructureSiteBase">
    <defName>OpportunitySite_AncientWarehouse</defName>
    <label>ancient warehouse</label>
    <description>An abandoned warehouse. It still contains valuables. It may also contain active security systems.</description>
  </SitePartDef>
  
  <SitePartDef ParentName="AncientStructureSiteBase">
    <defName>OpportunitySite_AncientInfestedSettlement</defName>
    <label>infested settlement</label>
    <description>A once-prosperous settlement that's succumb to an insect infestation. It may still contain valuable resources.</description>
  </SitePartDef>
</Defs>