﻿<?xml version="1.0" encoding="utf-8"?>
<Defs>
  <WeatherDef>
    <defName>Windy</defName>
    <label>windy</label>
    <description>Strong winds reduce movement speed.</description>
    <repeatable>true</repeatable>
    <favorability>Neutral</favorability>
    <perceivePriority>0</perceivePriority>
    <moveSpeedMultiplier>0.9</moveSpeedMultiplier>
    <windSpeedFactor>1.5</windSpeedFactor>
    <windSpeedOffset>1.5</windSpeedOffset>
    <ambientSounds>
      <li>Ambient_Wind_Storm</li>
    </ambientSounds>
    <!-- Same visuals as clear -->
    <skyColorsDay>
      <sky>(1,1,1)</sky>
      <shadow>(0.718,0.745,0.757)</shadow>
      <overlay>(1,1,1)</overlay>
      <saturation>1.25</saturation>
    </skyColorsDay>
    <skyColorsDusk>
      <sky>(0.858,0.650,0.423)</sky>
      <shadow>(0.955,0.886,0.914)</shadow>
      <overlay>(0.8,0.8,0.8)</overlay>
      <saturation>1.25</saturation>
    </skyColorsDusk>
    <skyColorsNightEdge>
      <sky>(0.482,0.603,0.682)</sky>
      <shadow>(0.92,0.92,0.92)</shadow>
      <overlay>(0.6,0.6,0.6)</overlay>
      <saturation>1.25</saturation>
    </skyColorsNightEdge>
    <skyColorsNightMid>
      <sky>(0.482,0.603,0.682)</sky>
      <shadow>(0.85, 0.85, 0.85)</shadow>
      <overlay>(0.6,0.6,0.6)</overlay>
      <saturation>1.25</saturation>
    </skyColorsNightMid>
  </WeatherDef>

  <WeatherDef>
    <defName>ToxRain</defName>
    <label>tox rain</label>
    <description>Tox rain makes creatures sick with toxic buildup. It also reduces the accuracy of ranged weapons, extinguishes fire, and slows people down.</description>
    <temperatureRange>0~100</temperatureRange>
    <windSpeedFactor>1.5</windSpeedFactor>
    <accuracyMultiplier>0.8</accuracyMultiplier>
    <favorability>VeryBad</favorability>
    <perceivePriority>1</perceivePriority>
    <weatherThought>ToxWater</weatherThought>
    <rainRate>1</rainRate>
    <moveSpeedMultiplier>0.9</moveSpeedMultiplier>
    <doToxicBuildup>true</doToxicBuildup>
    <letterDef>ThreatSmall</letterDef>
    <letterText>Toxic rain has begun to fall from the sky. It will slowly sicken anyone it touches. Keep your colonists under a roof.</letterText>
    <letterLabel>Tox rain</letterLabel>
    <ambientSounds>
      <li>Ambient_Rain</li>
    </ambientSounds>
    <overlayClasses>
      <li>WeatherOverlay_ToxRain</li>
    </overlayClasses>
    <commonalityRainfallFactor>
      <points>
        <li>(0, 0)</li>
        <li>(1300, 1)</li>
        <li>(4000, 3.0)</li>
      </points>
    </commonalityRainfallFactor>
    <!-- Colors are Overcast -->
    <skyColorsDay>
      <sky>(0.8,0.8,0.8)</sky>
      <shadow>(0.92,0.92,0.92)</shadow>
      <overlay>(0.7,0.7,0.7)</overlay>
      <saturation>0.9</saturation>
    </skyColorsDay>
    <skyColorsDusk>
      <sky>(1,1,1)</sky>
      <shadow>(0.92,0.92,0.92)</shadow>
      <overlay>(0.6,0.6,0.6)</overlay>
      <saturation>0.9</saturation>
    </skyColorsDusk>
    <skyColorsNightEdge>
      <sky>(0.35,0.40,0.45)</sky>
      <shadow>(0.92,0.92,0.92)</shadow>
      <overlay>(0.5,0.5,0.5)</overlay>
      <saturation>0.9</saturation>
    </skyColorsNightEdge>
    <skyColorsNightMid>
      <sky>(0.35,0.40,0.45)</sky>
      <shadow>(0.92,0.92,0.92)</shadow>
      <overlay>(0.5,0.5,0.5)</overlay>
      <saturation>0.9</saturation>
    </skyColorsNightMid>
  </WeatherDef>

  <WeatherDef>
    <defName>Sandstorm</defName>
    <label>sandstorm</label>
    <description>Sandstorms reduce the accuracy of ranged weapons, slow people down, and get sand everywhere.</description>
    <temperatureRange>10~999</temperatureRange>
    <sandRate>1.6</sandRate>
    <windSpeedFactor>1.5</windSpeedFactor>
    <windSpeedOffset>1.25</windSpeedOffset>
    <weatherThought>BlowingSand</weatherThought>
    <accuracyMultiplier>0.8</accuracyMultiplier>
    <favorability>Neutral</favorability>
    <perceivePriority>1</perceivePriority>
    <moveSpeedMultiplier>0.8</moveSpeedMultiplier>
    <preventSkygaze>true</preventSkygaze>
    <preventsShuttleLaunch>true</preventsShuttleLaunch>
    <ambientSounds>
      <li>Ambient_Wind_Storm</li>
    </ambientSounds>
    <overlayClasses>
      <li>WeatherOverlay_SandHard</li>
    </overlayClasses>
    <!-- Colors are Overcast -->
    <skyColorsDay>
      <sky>(0.8,0.8,0.8)</sky>
      <shadow>(0.92,0.92,0.92)</shadow>
      <overlay>(0.7,0.7,0.7)</overlay>
      <saturation>0.9</saturation>
    </skyColorsDay>
    <skyColorsDusk>
      <sky>(1,1,1)</sky>
      <shadow>(0.92,0.92,0.92)</shadow>
      <overlay>(0.6,0.6,0.6)</overlay>
      <saturation>0.9</saturation>
    </skyColorsDusk>
    <skyColorsNightEdge>
      <sky>(0.35,0.40,0.45)</sky>
      <shadow>(0.92,0.92,0.92)</shadow>
      <overlay>(0.5,0.5,0.5)</overlay>
      <saturation>0.9</saturation>
    </skyColorsNightEdge>
    <skyColorsNightMid>
      <sky>(0.35,0.40,0.45)</sky>
      <shadow>(0.92,0.92,0.92)</shadow>
      <overlay>(0.5,0.5,0.5)</overlay>
      <saturation>0.9</saturation>
    </skyColorsNightMid>
  </WeatherDef>

  <WeatherDef>
    <defName>BlindFog</defName>
    <label>blind fog</label>
    <isBad>true</isBad>
    <description>A heavy fog that reduces the accuracy of ranged weapons, as well as their maximum range.</description>
    <windSpeedFactor>0.5</windSpeedFactor>
    <accuracyMultiplier>0.5</accuracyMultiplier>
    <favorability>Neutral</favorability>
    <perceivePriority>1</perceivePriority>
    <maxRangeCap>22.9</maxRangeCap>
    <preventsShuttleLaunch>true</preventsShuttleLaunch>
    <letterDef>ThreatSmall</letterDef>
    <letterText>A thick fog is setting in, dramatically reducing vision. Ranged weapons will be less accurate and their maximum range will be reduced.</letterText>
    <letterLabel>Blind fog</letterLabel>
    <ambientSounds>
      <li>Ambient_Wind_Fog</li>
    </ambientSounds>
    <overlayClasses>
      <li>WeatherOverlay_FogBlind</li>
    </overlayClasses>
    <commonalityRainfallFactor>
      <points>
        <li>(0, 0)</li>
        <li>(1300, 1)</li>
      </points>
    </commonalityRainfallFactor>
    <!-- Colors are Overcast -->
    <skyColorsDay>
      <sky>(0.8,0.8,0.8)</sky>
      <shadow>(0.92,0.92,0.92)</shadow>
      <overlay>(0.7,0.7,0.7)</overlay>
      <saturation>0.9</saturation>
    </skyColorsDay>
    <skyColorsDusk>
      <sky>(1,1,1)</sky>
      <shadow>(0.92,0.92,0.92)</shadow>
      <overlay>(0.6,0.6,0.6)</overlay>
      <saturation>0.9</saturation>
    </skyColorsDusk>
    <skyColorsNightEdge>
      <sky>(0.35,0.40,0.45)</sky>
      <shadow>(0.92,0.92,0.92)</shadow>
      <overlay>(0.5,0.5,0.5)</overlay>
      <saturation>0.9</saturation>
    </skyColorsNightEdge>
    <skyColorsNightMid>
      <sky>(0.35,0.40,0.45)</sky>
      <shadow>(0.92,0.92,0.92)</shadow>
      <overlay>(0.5,0.5,0.5)</overlay>
      <saturation>0.9</saturation>
    </skyColorsNightMid>
  </WeatherDef>

  <WeatherDef>
    <defName>Overcast</defName>
    <label>overcast</label>
    <isBad>false</isBad>
    <description>Thick clouds obscure the sky, reducing light levels.</description>
    <perceivePriority>1</perceivePriority>
    <maxGlow>0.95</maxGlow>
    <!-- Colors are Overcast -->
    <skyColorsDay>
      <sky>(0.8,0.8,0.8)</sky>
      <shadow>(0.92,0.92,0.92)</shadow>
      <overlay>(0.7,0.7,0.7)</overlay>
      <saturation>0.9</saturation>
    </skyColorsDay>
    <skyColorsDusk>
      <sky>(1,1,1)</sky>
      <shadow>(0.92,0.92,0.92)</shadow>
      <overlay>(0.6,0.6,0.6)</overlay>
      <saturation>0.9</saturation>
    </skyColorsDusk>
    <skyColorsNightEdge>
      <sky>(0.35,0.40,0.45)</sky>
      <shadow>(0.92,0.92,0.92)</shadow>
      <overlay>(0.5,0.5,0.5)</overlay>
      <saturation>0.9</saturation>
    </skyColorsNightEdge>
    <skyColorsNightMid>
      <sky>(0.35,0.40,0.45)</sky>
      <shadow>(0.92,0.92,0.92)</shadow>
      <overlay>(0.5,0.5,0.5)</overlay>
      <saturation>0.9</saturation>
    </skyColorsNightMid>
  </WeatherDef>

  <WeatherDef>
    <defName>Blizzard</defName>
    <label>blizzard</label>
    <description>Snow reduces the accuracy of ranged weapons, extinguishes fire, and slows people down.</description>
    <temperatureRange>-999~-0.5</temperatureRange>
    <snowRate>1.5</snowRate>
    <windSpeedFactor>1.5</windSpeedFactor>
    <windSpeedOffset>1.25</windSpeedOffset>
    <accuracyMultiplier>0.7</accuracyMultiplier>
    <favorability>Neutral</favorability>
    <perceivePriority>1</perceivePriority>
    <rainRate>1</rainRate>
    <moveSpeedMultiplier>0.7</moveSpeedMultiplier>
    <preventsShuttleLaunch>true</preventsShuttleLaunch>
    <commonalityRainfallFactor>
      <points>
        <li>(0, 0)</li>
        <li>(300,0.5)</li>
        <li>(1300, 1)</li>
      </points>
    </commonalityRainfallFactor>
    <ambientSounds>
      <li>Ambient_Wind_Storm</li>
    </ambientSounds>
    <overlayClasses>
      <li>WeatherOverlay_SnowBlizzard</li>
    </overlayClasses>
    <!-- Colors are Overcast -->
    <skyColorsDay>
      <sky>(0.8,0.8,0.8)</sky>
      <shadow>(0.92,0.92,0.92)</shadow>
      <overlay>(0.7,0.7,0.7)</overlay>
      <saturation>0.9</saturation>
    </skyColorsDay>
    <skyColorsDusk>
      <sky>(1,1,1)</sky>
      <shadow>(0.92,0.92,0.92)</shadow>
      <overlay>(0.6,0.6,0.6)</overlay>
      <saturation>0.9</saturation>
    </skyColorsDusk>
    <skyColorsNightEdge>
      <sky>(0.35,0.40,0.45)</sky>
      <shadow>(0.92,0.92,0.92)</shadow>
      <overlay>(0.5,0.5,0.5)</overlay>
      <saturation>0.9</saturation>
    </skyColorsNightEdge>
    <skyColorsNightMid>
      <sky>(0.35,0.40,0.45)</sky>
      <shadow>(0.92,0.92,0.92)</shadow>
      <overlay>(0.5,0.5,0.5)</overlay>
      <saturation>0.9</saturation>
    </skyColorsNightMid>
  </WeatherDef>

  <WeatherDef>
    <defName>TorrentialRain</defName>
    <label>torrential rain</label>
    <description>Torrential rain causes flooding. It also reduces the accuracy of ranged weapons, extinguishes fire, and slows people down.</description>
    <workerClass>WeatherWorker_TorrentialRain</workerClass>
    <temperatureRange>0~100</temperatureRange>
    <windSpeedFactor>1.5</windSpeedFactor>
    <accuracyMultiplier>0.75</accuracyMultiplier>
    <moveSpeedMultiplier>0.8</moveSpeedMultiplier>
    <favorability>Neutral</favorability>
    <perceivePriority>1</perceivePriority>
    <weatherThought>SoakingWet</weatherThought>
    <rainRate>1</rainRate>
    <letterDef>ThreatSmall</letterDef>
    <letterLabel>Torrential rain</letterLabel>
    <letterText>Heavy rain is beginning to pour from the sky. It will cause temporary flooding around bodies of water. Build barriers to prevent floodwater from spreading.</letterText>
    <ambientSounds>
      <li>Ambient_TorrentialRain</li>
    </ambientSounds>
    <durationRange>30000~90000</durationRange>
    <overlayClasses>
      <li>WeatherOverlay_TorrentialRain</li>
    </overlayClasses>
    <commonalityRainfallFactor>
      <points>
        <li>(0, 0)</li>
        <li>(1300, 1)</li>
        <li>(4000, 3.0)</li>
      </points>
    </commonalityRainfallFactor>
    <!-- Colors are Overcast -->
    <skyColorsDay>
      <sky>(0.8,0.8,0.8)</sky>
      <shadow>(0.92,0.92,0.92)</shadow>
      <overlay>(0.7,0.7,0.7)</overlay>
      <saturation>0.9</saturation>
    </skyColorsDay>
    <skyColorsDusk>
      <sky>(1,1,1)</sky>
      <shadow>(0.92,0.92,0.92)</shadow>
      <overlay>(0.6,0.6,0.6)</overlay>
      <saturation>0.9</saturation>
    </skyColorsDusk>
    <skyColorsNightEdge>
      <sky>(0.35,0.40,0.45)</sky>
      <shadow>(0.92,0.92,0.92)</shadow>
      <overlay>(0.5,0.5,0.5)</overlay>
      <saturation>0.9</saturation>
    </skyColorsNightEdge>
    <skyColorsNightMid>
      <sky>(0.35,0.40,0.45)</sky>
      <shadow>(0.92,0.92,0.92)</shadow>
      <overlay>(0.5,0.5,0.5)</overlay>
      <saturation>0.9</saturation>
    </skyColorsNightMid>
  </WeatherDef>

  <WeatherDef Name="Weather_Orbit">
    <defName>Orbit</defName>
    <label>orbit</label>
    <description>There is no weather in orbit.</description>
    <repeatable>true</repeatable>
    <favorability>Good</favorability>
    <perceivePriority>0</perceivePriority>
    <skyColorsDay>
      <sky>(1,1,1)</sky>
      <shadow>(0.718,0.745,0.757)</shadow>
      <overlay>(1,1,1)</overlay>
      <saturation>1.25</saturation>
    </skyColorsDay>
    <skyColorsDusk>
      <sky>(0.74,0.80,0.84)</sky>
      <shadow>(0.955,0.886,0.914)</shadow>
      <overlay>(0.8,0.8,0.8)</overlay>
      <saturation>1.25</saturation>
    </skyColorsDusk>
    <skyColorsNightEdge>
      <sky>(0.482,0.603,0.682)</sky>
      <shadow>(1,1,1)</shadow>
      <overlay>(0.6,0.6,0.6)</overlay>
      <saturation>1.25</saturation>
    </skyColorsNightEdge>
    <skyColorsNightMid>
      <sky>(0.482,0.603,0.682)</sky>
      <shadow>(1,1,1)</shadow>
      <overlay>(0.6,0.6,0.6)</overlay>
      <saturation>1.25</saturation>
    </skyColorsNightMid>
  </WeatherDef>
  
</Defs>