﻿<?xml version="1.0" encoding="utf-8"?>
<Defs>

  <RulePackDef>
    <defName>NamerUniqueWeapon</defName>
    <include>
      <li>ArtNameUtility</li>
    </include>
    <rulePack>
      <rulesStrings>
        <li>r_weapon_name(p=2)->[weapon_adjective] [weapon_noun]</li>
        <li>r_weapon_name(p=0.5)->The [weapon_type] of [badass_concept]</li>
        <li>r_weapon_name(p=0.5)->The [weapon_adjective] [weapon_type]</li>
        <li>r_weapon_name(p=0.5)->[badass_concept]'s [weapon_type]</li>

        <li>r_weapon_name(p=0.3)->[ANYPAWN_nameIndef]'s [weapon_noun]</li>
        <li>r_weapon_name(p=0.3)->[ANYPAWN_nameIndef]'s [weapon_adjective] [weapon_noun]</li>
        <li>r_weapon_name(p=0.3)->The [badass_concept] of [ANYPAWN_nameIndef]</li>

        <li>weapon_noun(p=2)->[weapon_type]</li>
        <li>weapon_noun->[badass_noun]</li>
        <li>weapon_noun->[badass_concept]</li>

        <li>weapon_adjective(p=2)->[trait_adjective]</li>
        <li>weapon_adjective->[badass_adjective]</li>

        <!-- We don't use the standard lists (like AdjectiveBadass) as they contain contradictory terms (like poison for non-poison weapons) -->
        <li>badass_adjective->grim</li>
        <li>badass_adjective->eternal</li>
        <li>badass_adjective->night</li>
        <li>badass_adjective->grave</li>
        <li>badass_adjective->exceptional</li>
        <li>badass_adjective->deadly</li>
        <li>badass_adjective->infamous</li>
        <li>badass_adjective->custom</li>
        <li>badass_adjective->deadly</li>
        <li>badass_adjective->thunderous</li>
        <li>badass_adjective->cursed</li>
        <li>badass_adjective->great</li>
        
        <li>badass_noun->reaper</li>
        <li>badass_noun->end</li>
        <li>badass_noun->howl</li>
        <li>badass_noun->tempest</li>
        <li>badass_noun->phantom</li>
        <li>badass_noun->widow</li>
        <li>badass_noun->titan</li>
        <li>badass_noun->juggernaut</li>
        <li>badass_noun->serpent</li>
        <li>badass_noun->anvil</li>
        <li>badass_noun->killer</li>
        <li>badass_noun->lover</li>
        <li>badass_noun->beast</li>
        <li>badass_noun->fang</li>
        <li>badass_noun->arm</li>
        <li>badass_noun->horn</li>
        
        <li>badass_concept->justice</li>
        <li>badass_concept->revenge</li>
        <li>badass_concept->vengeance</li>
        <li>badass_concept->pain</li>
        <li>badass_concept->agony</li>
        <li>badass_concept->torment</li>
        <li>badass_concept->legend</li>
        <li>badass_concept->delight</li>
        <li>badass_concept->regret</li>
        <li>badass_concept->pride</li>
        <li>badass_concept->conceit</li>
        <li>badass_concept->honor</li>
        <li>badass_concept->fury</li>
        <li>badass_concept->reckoning</li>
        <li>badass_concept->serenity</li>
        <li>badass_concept->love</li>
        <li>badass_concept->laughter</li>
        
      </rulesStrings>
    </rulePack>
  </RulePackDef>

</Defs>