﻿<?xml version="1.0" encoding="utf-8" ?>
<Defs>

  <RulePackDef>
    <defName>Namer_Map</defName>
    <include>
      <li>MapUtility</li>
    </include>
    <rulePack>
      <rulesStrings>
        <!-- Roots -->
        <li>title(p=2)->[mapType] [mapNoun] of [subject]</li>
        <li>title(p=2)->[maybeThe] [mapType] [map]</li>
        <li>title(p=2)->[maybeAdjective] [ANYPAWN_nameIndef]'s [maybeAdjective] [map]</li>
        <li>title->[mapType] [mapNoun]: [subject]</li>
        <li>title->[mapNoun] of [mapSubjectAdj] [mapSubject]</li>
        <li>title->[maybeThe] [AdjectiveAny] [map]</li>
        <li>title(p=0.5)->maps for [mapSubjectAdj] [mapSubject]</li>
        <li>title(p=0.5)->[place] [mapNoun]</li>

        <!-- Content -->
        <li>maybeAdjective-></li>
        <li>maybeAdjective->[adjective]</li>
        <li>adjective->[AdjectiveAny]</li>
        <li>adjective->[Color]</li>
        <li>adjective->[AdjectiveLarge]</li>

        <li>maybeThe-></li>
        <li>maybeThe->the</li>

        <li>map->[mapNoun]</li>
        <li>map(p=2)->[mapNoun] of [place]</li>
        <li>map->[mapNoun] of [mapSubject]</li>
        <li>map->[mapNoun] of [mapSubjectAdj] [mapSubject]</li>

        <li>mapNoun(p=5)->map</li>
        <li>mapNoun(p=2)->atlas</li>
        <li>mapNoun->almanac</li>
        <li>mapNoun->chart</li>
        <li>mapNoun->survey</li>
        <li>mapNoun->study</li>
        <li>mapNoun->pamphlet</li>

        <li>mapType(p=2)->[Animal]</li>
        <li>mapType(p=2)->[TreeType]</li>
        <li>mapType->contour</li>
        <li>mapType->topographic</li>
        <li>mapType->relief</li>
        <li>mapType->population</li>
        <li>mapType->treasure</li>
        <li>mapType->annotated</li>
        <li>mapType->illustrated</li>
        <li>mapType->confederation</li>
        <li>mapType->coalition</li>
        <li>mapType->federation</li>
        <li>mapType->historical</li>
        <li>mapType->paper</li>
        <li>mapType->leather</li>
        <li>mapType->pigskin</li>
        <li>mapType->laminated</li>
        <li>mapType->holographic</li>
        
      </rulesStrings>
    </rulePack>
  </RulePackDef>

  <RulePackDef>
    <defName>Description_Map</defName>
    <include>
      <li>ArtDescriptionUtility_Global</li>
      <li>MapUtility</li>
    </include>
    <rulePack>
      <rulesStrings>

        <!-- Roots -->
        <li>desc->a map [physicalDescription] showing a location of interest. [maybe_specialFact] [maybe_authorInfo] [maybe_condition]\n\n[maybe_questInfo]</li>
        <li>desc->[physicalDescription], this [mapType] [has] [mapContents]. [maybe_specialFact] [maybe_authorInfo] [maybe_condition]\n\n[maybe_questInfo]</li>
        <li>desc->this [mapType] is [physicalDescription] and [has] [mapContents]. [maybe_specialFact] [maybe_authorInfo] [maybe_condition]\n\n[maybe_questInfo]</li>
        <li>desc->a [mapType] containing [mapContents]. [maybe_specialFact] [maybe_authorInfo] [maybe_condition]\n\n[maybe_questInfo]</li>
        <li>desc->a collection of maps with [mapContents]. [maybe_specialFact] [maybe_authorInfo] [maybe_condition]\n\n[maybe_questInfo]</li>
        <li>desc->a map from [place] with [mapContents]. [maybe_specialFact] [maybe_authorInfo] [maybe_condition]\n\n[maybe_questInfo]</li>
        
        <!-- Physical description -->

        <li>physicalDescription->printed on a thin and heat-resistant polymer</li>
        <li>physicalDescription->laser-printed on hyperweave</li>
        <li>physicalDescription->drawn in what appears to be dried blood</li>
        <li>physicalDescription->held together with string</li>
        <li>physicalDescription->bound in worn leather</li>
        <li>physicalDescription->drawn on thin leather</li>
        <li>physicalDescription->bound in vinyl</li>
        <li>physicalDescription->etched into thin sheets of parchment</li>
        <li>physicalDescription->etched in charcoal</li>
        <li>physicalDescription->etched on a waterlogged canvas</li>
        <li>physicalDescription->etched on fetid animal hide</li>
        <li>physicalDescription->scrawled in black ink</li>
        <li>physicalDescription->stitched into elk hide</li>
        <li>physicalDescription->written on dried [Animal] skin</li>
        <li>physicalDescription->crafted from blackened parchment</li>
        <li>physicalDescription->delicately folded in sixteen sections</li>
        <li>physicalDescription->printed by an industrial press</li>
        <li>physicalDescription->printed on hyperweave</li>
        <li>physicalDescription->delicately crafted on fine hyperweave</li>
        <li>physicalDescription->adorned with holographic decals</li>
        <li>physicalDescription->written in spidery handwriting</li>
        <li>physicalDescription->inked upon yellowing paper</li>
        <li>physicalDescription->inked with vivid colors</li>
        <li>physicalDescription->clearly damaged from a fire</li>
        <li>physicalDescription->drawn on a sturdy canvas</li>
        <li>physicalDescription->folded many times over and smeared with dirt and charcoal</li>
        <li>physicalDescription->drawn on crumbling parchment with faint spidery writing</li>
        <li>physicalDescription->etched on yellowed parchment with tattered and crumbling edges</li>
        
        <!-- Map contents -->
        
        <li>mapContents->hundreds of small drawings of [mapSubjectAdj] [mapSubject]</li>
        <li>mapContents->quick sketches of [mapSubjectAdj] [mapSubject]</li>
        <li>mapContents->lists of notable [mapSubject]. The longest list is titled '[AdjectiveBadass]!' It is circled in red ink</li>
        <li>mapContents->burnt edges and smudged lines. The central map shows [mapSubjectAdj] [mapSubject] but the lines are obscured by [stain] stains</li>
        <li>mapContents->new diagrams on every page. Some diagrams go into great detail about [mapSubject], the largest of which is undeniably [mapSubjectAdj]</li>
        <li>mapContents->a mix of fantastical [mapSubject] and historical [mapSubject]</li>
        <li>mapContents->dozens of ancient diagrams of [mapSubjectAdj] [mapSubject]</li>
        <li>mapContents->themed drawings. A large central [depiction] resembles a [Animal], drawn in a [artstyle_adj] style</li>
        <li>mapContents->thousands of strange symbols, many of which resemble [mapSubject]. The most common symbol looks like a [emotionalState] [Animal] drawn in a [artstyle_adj] style</li>
        <li>mapContents->clear signs of age. One diagram, drawn with a different hand, shows the ancient [mapSubject] of [place]</li>
        <li>mapContents->detailed diagrams of [place] [mapSubject] and their relation to [mapSubjectAdj] [mapSubject]</li>
        <li>mapContents->four large sketches of [place] [mapSubject]</li>
        <li>mapContents->many small diagrams. One diagram is labeled '[place] [RomanNumeral]' and contains a detailed survey of [place] [mapSubject]</li>
        <li>mapContents->many small drawings of [mapSubjectAdj] [mapSubject] and [mapSubjectAdj] [mapSubject]</li>
        <li>mapContents->detailed drawings of the planet. Several nearby locations are labeled '[Enemy]s' in red ink</li>
        <li>mapContents->the coordinates for a number of [mapSubjectAdj] [mapSubject]</li>
        <li>mapContents->coordinates highlighted in yellow marker</li>
        <li>mapContents->drawings of nearby territories. Crude symbols mark safe havens and hidden caches</li>
        <li>mapContents->the locations of [Quantity_adjphrase] [Animal] sanctuaries. Red 'X's also denote several graves</li>
        <li>mapContents->nothing of importance. Or so it seems</li>
        <li>mapContents->faded gridlines. Each quadrant contains [mapSubjectAdj] [mapSubject]</li>
        <li>mapContents->[Quantity_adjphrase] [mapSubject] rendered in a [artstyle_adj] style. Underneath each is a [AdjectiveAny] [Animal]</li>

        <!-- Special fact -->
        
        <li>maybe_specialFact-></li>
        <li>maybe_specialFact->[specialFact]</li>
        
        <li>specialFact->The markings are invisible in normal light. Yet, in complete darkness, ghostly symbols and spectral lines emerge, glowing a pale silver.</li>
        <li>specialFact->Markings appear and vanish depending on the angle of the light.</li>
        <li>specialFact->The pages glow faintly with crimson sigils that shift and twist when held to a flame.</li>
        <li>specialFact->The annotations are in a regional dialect, suggesting the author is from [place].</li>
        <li>specialFact->Each fold contains a letter and several numbers but their meaning is unclear.</li>
        <li>specialFact->Something about the markings is unnerving.</li>
        <li>specialFact->It contains annotations from a long forgotten language.</li>
        <li>specialFact->The crude and uneven markings slowly change over time, revealing hidden meaning.</li>
        <li>specialFact->It claims to reveal the very lifeblood of the land itself, guiding the reader to a place of great natural power.</li>
        <li>specialFact->Hidden among the many folds is a slip of paper with a drawing of a [emotionalState] [Animal].</li>
        <li>specialFact->Touching the map for too long leaves faint red stains on the reader's fingertips.</li>
        <li>specialFact->Grains of sand can be found amongst the map's folds.</li>
        <li>specialFact->Annotations on the map suggest that it holds the key to some greater secret.</li>
        <li>specialFact->A crude rendition of several [mapSubject] from [place] is sketched in the margins.</li>
        <li>specialFact->The ink is faded, and faint stains obscure some of the details, making deciphering the details a challenge.</li>
        <li>specialFact->Subtle stitching suggests it was repurposed from several larger maps.</li>
        <li>specialFact->This map may be as much a warning as a guide.</li>
        <li>specialFact->The markings are careless in places, suggesting the map was created in a hurry.</li>
        <li>specialFact->Its detail suggests it was commissioned by someone with means, and its secrecy implies it contains something worth hiding.</li>
        <li>specialFact->[Quantity_adjphrase] [Character]s are drawn [noteLocation]. They look [emotionalState].</li>
        <li>specialFact->Elegant calligraphy labels a few [mapSubject], but one isolated drawing bears only a cryptic mark - a symbol of a [mapSymbol].</li>
        <li>specialFact->The map contains a short biography of its author - a notable [PersonJob] from [place].</li>
        <li>specialFact->The map was authored by an infamous [PersonBadass].</li>
        <li>specialFact->The map was authored by a [emotionalState] [PersonBadass].</li>
        <li>specialFact->The map's simplicity suggests it was hastily made by a [PersonBadass] needing to stay one step ahead of the authorities.</li>
        <li>specialFact->Key areas are circled, with annotations like 'avoid [Enemy]s' and 'strong like a [Animal].'</li>
        <li>specialFact->On the map, a [mapSymbol] is circled and labeled with '[smell] and [stain]'.</li>
        <li>specialFact->Written in the margins is a thousand-year-old poem titled 'Diabolus'.</li>
        <li>specialFact->The map's legend identifies [Color] [mapSymbol]s as [Enemy] lairs and [Color] [mapSymbol]s as [Animal] hunting grounds.</li>
        <li>specialFact->The scale of the map is clearly wrong.</li>
        <li>specialFact->The map has a faded wax seal [noteLocation]. It resembles a [emotionalState] [Animal].</li>

        <!-- Quest info -->

        <li>maybe_questInfo-></li>
        <li>maybe_questInfo(p=3)->[questInfo]</li>

        <li>questInfo->An area of the map is circled and labeled: '[mapText]!'</li>
        <li>questInfo->An attached note is labeled '[mapText]?'</li>
        <li>questInfo->'[mapText]' is scrawled in faded ink [noteLocation].</li>
        <li>questInfo->A note [noteLocation] reads: '[mapText].'</li>
        <li>questInfo->A hastily written note [noteLocation] reads: '[mapText]!'</li>
        <li>questInfo->A cryptic riddle has been scrawled [noteLocation]. It ends with '...[mapText].'</li>
        <li>questInfo->Next to a [Color] [mapSymbol] are the words '[mapText].'</li>
        <li>questInfo->Burned into the map are the words '[mapText].'</li>
        <li>questInfo->A large [mapSymbol] is drawn near a [mapFeature]. It is labeled '[mapText].'</li>
        <li>questInfo->A [Color] compass rose is etched into the map. Strangely, north and south are mislabeled. In the center of the compass are the words: '[mapText].'</li>
        <li>questInfo->The map's previous owner has clearly been looking for something. An area is circled next to the words: '[mapText].'</li>
        <li>questInfo->Holding the map up to the light, you can see the words '[mapText].'</li>
        <li>questInfo->[noteLocation], a [Color] [mapSymbol] is labeled '[mapText]!'</li>
        <li>questInfo->[noteLocation], a [mapSymbol] is labeled '[mapText]?'</li>
        <li>questInfo->[noteLocation], some notes have been smudged. The only thing legible is: 'confirmed - [mapText].'</li>
        <li>questInfo->[noteLocation] is a crude drawing of a [emotionalState] [PersonBadass]. Underneath are the words: '[mapText].'</li>
        <li>questInfo->A [Animal] is drawn in pencil [noteLocation]. Beneath it are the words: '[mapText].'</li>
        <li>questInfo->The map's legend labels [Color] [mapSymbol]s as '[mapText].'</li>
        <li>questInfo->A thick red X is scratched over a location. Next to it, '[mapText]' is written in tiny script.</li>
        <li>questInfo->Upon closer inspection, it appears someone has tried to erase the words '[mapText]' from the map.</li>
        <li>questInfo->Near a [Color] skull icon, someone has written in bold letters: '[mapText].'</li>
        <li>questInfo->An unusual symbol is drawn [noteLocation]. Below it are the words '[mapText].'</li>
        <li>questInfo->A [Color] dagger is etched into the map, pointing towards the words '[mapText].'</li>
        <li>questInfo->[noteLocation] is a checklist. Each item on the list has been crossed out. Only one remains: '[mapText].'</li>

        <!-- Condition -->

        <li>maybe_condition-></li>
        <li>maybe_condition->[conditionSmell]</li>
        <li>maybe_condition->[conditionStains]</li>
        <li>maybe_condition->[conditionTouch]</li>
        
        <li>conditionSmell->It stinks of [smell].</li>
        <li>conditionSmell->It smells faintly of [smell].</li>
        <li>conditionSmell->The map smells faintly of [smell], a hint of its previous owner's trade.</li>

        <li>smell->brine and seaweed</li>
        <li>smell->roses</li>
        <li>smell->sulphur</li>
        <li>smell->chemfuel</li>
        <li>smell->hay and manure</li>
        <li>smell->burnt flesh</li>
        <li>smell->insect jelly</li>
        <li>smell->perfume</li>
        <li>smell->oil and gunpowder</li>
        <li>smell->rotten toxipotatoes</li>
        <li>smell->almonds</li>
        <li>smell->bleach</li>
        <li>smell->[Animal] feces</li>

        <li>conditionStains->Scratches and [stain] stains obscure some details, making it hard to read.</li>
        <li>conditionStains->[stain] stains and burn marks hint at regular use in tough conditions.</li>
        <li>conditionStains->The diagrams are obscured by what appears to be [stain].</li>
        <li>conditionStains->The map is incomplete and stained with [stain].</li>
        <li>conditionTouch->[stain] stains and frayed edges give it a well-worn, utilitarian feel.</li>

        <li>stain->blood</li>
        <li>stain->oil</li>
        <li>stain->grease</li>
        <li>stain->red ink</li>
        <li>stain->salt water</li>
        <li>stain->wax</li>
        <li>stain->coffee</li>
        <li>stain->rust</li>
        <li>stain->chemfuel</li>

        <li>conditionTouch->The pages are rough to the touch.</li>
        <li>conditionTouch->The map is brittle to the touch.</li>
        <li>conditionTouch->Burn marks on the edges suggest it's been salvaged from a failed mission.</li>
        <li>conditionTouch->The map feels fragile but carries years of hard-earned knowledge.</li>
        <li>conditionTouch->The edges are scratched and faded. One corner has been patched with adhesive.</li>

        <!-- Author -->

        <li>maybe_authorInfo-></li>
        <li>maybe_authorInfo->\n\n[authorInfo]</li>

        <li>authorInfo->It is unclear who created the map.</li>
        <li>authorInfo->The map was created by [ANYPAWN_nameFull], a notable [ANYPAWN_kind] from [ANYPAWN_factionName].</li>
        <li>authorInfo->[noteLocation], the map is signed by [ANYPAWN_nameIndef] the [PersonJob].</li>
        <li>authorInfo->Included with the map is a small biography of its author, [ANYPAWN_nameIndef] the [ANYPAWN_kind].</li>
        <li>authorInfo->The map's previous owner appears to have been someone named [ANYPAWN_nameIndef].</li>
        <li>authorInfo->The map was once owned by an anonymous [ANYPAWN_kind]. The markings suggest [ANYPAWN_pronoun] was a member of [ANYPAWN_factionName].</li>
        
        <!-- Misc rules -->
        
        <li>has->has</li>
        <li>has->contains</li>
        <li>has->features</li>

        <li>emotionalState->happy</li>
        <li>emotionalState->depressed</li>
        <li>emotionalState->angry</li>
        <li>emotionalState->sensual</li>
        
        <li>mapType(p=4)->map</li>
        <li>mapType->chart</li>
        <li>mapType->atlas</li>
        <li>mapType->survey</li>

        <li>mapSymbol->key</li>
        <li>mapSymbol->'X'</li>
        <li>mapSymbol->star</li>
        <li>mapSymbol->moon</li>
        <li>mapSymbol->tower</li>
        <li>mapSymbol->skull</li>
        <li>mapSymbol->[Animal]</li>

        <li>mapText(p=10)->[questMapText]</li>
        <li>mapText(p=2)->[subject]</li>
        <li>mapText->extreme danger</li>
        <li>mapText->beware of [Enemy]</li>
        <li>mapText->hunger lies ahead</li>
        <li>mapText->leave no trace</li>
        <li>mapText->mad [Animal]</li>
        <li>mapText->raider attack</li>
        <li>mapText->our last caravan</li>
        <li>mapText->no survivors</li>
        <li>mapText->it's here</li>
        <li>mapText->here lies [ANYPAWN_nameIndef]</li>
        <li>mapText->[ANYPAWN_nameIndef]'s grave</li>
        <li>mapText->property of [ANYPAWN_factionName]</li>

        <li>mapFeature(p=8)->[questMapFeature]</li>
        <li>mapFeature->river</li>
        <li>mapFeature->confluence of two rivers</li>
        <li>mapFeature->crossroads</li>
        <li>mapFeature->mountain range</li>
        <li>mapFeature->coastline</li>
        <li>mapFeature->lake</li>
        <li>mapFeature->coastal inlet</li>
        <li>mapFeature->coastal island</li>

        <li>noteLocation->in the corner</li>
        <li>noteLocation->in the corner of the map</li>
        <li>noteLocation->in one corner</li>
        <li>noteLocation->on the left-hand side</li>
        <li>noteLocation->on the back</li>
        <li>noteLocation->at the bottom</li>
        <li>noteLocation->near a [mapFeature]</li>
        <li>noteLocation->next to a [mapFeature]</li>
        <li>noteLocation->below a large [mapFeature]</li>
        <li>noteLocation->along the edge of the map</li>
        
      </rulesStrings>
    </rulePack>
  </RulePackDef>

  <RulePackDef>
    <defName>MapUtility</defName>
    <rulePack>
      <rulesStrings>
        <li>place->[PlaceOutlander]</li>
        <li>place->[direction] [PlaceOutlander]</li>

        <li>PlaceOutlander->[CapSylE][place_end]</li>
        <li>PlaceOutlander->[CapSylE][place_end]</li>
        <li>PlaceOutlander->[CapSylE][place_end]</li>
        <li>PlaceOutlander->[CapSylE][SylE][place_end]</li>
        <li>PlaceOutlander->[CapSylE][SylE][place_end]</li>
        <li>PlaceOutlander->[CapSylE][SylE][SylE][place_end]</li>
        
        <li>mapSubjectAdj(p=6)->[direction]</li>
        <li>mapSubjectAdj->ancient</li>
        <li>mapSubjectAdj->historical</li>
        <li>mapSubjectAdj->old</li>
        <li>mapSubjectAdj->forgotten</li>
        <li>mapSubjectAdj->secret</li>
        <li>mapSubjectAdj->private</li>
        <li>mapSubjectAdj->hidden</li>
        <li>mapSubjectAdj->occult</li>
        <li>mapSubjectAdj->unknown</li>
        <li>mapSubjectAdj->peculiar</li>
        <li>mapSubjectAdj->odd</li>
        <li>mapSubjectAdj->strange</li>
        <li>mapSubjectAdj->wonderful</li>
        <li>mapSubjectAdj->worthwhile</li>
        <li>mapSubjectAdj->precious</li>
        <li>mapSubjectAdj->enchanting</li>
        <li>mapSubjectAdj->glamorous</li>
        <li>mapSubjectAdj->outrageous</li>
        <li>mapSubjectAdj->wild</li>
        <li>mapSubjectAdj->great</li>
        <li>mapSubjectAdj->grand</li>
        <li>mapSubjectAdj->lesser</li>
        <li>mapSubjectAdj->small</li>
        <li>mapSubjectAdj->bad</li>
        <li>mapSubjectAdj->horrible</li>
        <li>mapSubjectAdj->mystical</li>
        <li>mapSubjectAdj->holy</li>
        <li>mapSubjectAdj->local</li>
        <li>mapSubjectAdj->regional</li>
        <li>mapSubjectAdj->native</li>
        <li>mapSubjectAdj->nearby</li>
        <li>mapSubjectAdj->planetary</li>
        <li>mapSubjectAdj->dangerous</li>
        <li>mapSubjectAdj->deadly</li>
        <li>mapSubjectAdj->toxic</li>
        <li>mapSubjectAdj->select</li>
        <li>mapSubjectAdj->unique</li>
        <li>mapSubjectAdj->important</li>

        <li>direction->northern</li>
        <li>direction->eastern</li>
        <li>direction->southern</li>
        <li>direction->western</li>
        <li>direction(p=0.2)->subterranean</li>
        <li>direction(p=0.2)->underground</li>

        <li>mapSubject->roads</li>
        <li>mapSubject->trails</li>
        <li>mapSubject->paths</li>
        <li>mapSubject->caves</li>
        <li>mapSubject->hills</li>
        <li>mapSubject->mountains</li>
        <li>mapSubject->rivers</li>
        <li>mapSubject->forests</li>
        <li>mapSubject->swamps</li>
        <li>mapSubject->badlands</li>
        <li>mapSubject->landmarks</li>
        <li>mapSubject->watersheds</li>
        <li>mapSubject->lakes</li>
        <li>mapSubject->valleys</li>
        <li>mapSubject->places</li>
        <li>mapSubject->sites</li>
        <li>mapSubject->legends</li>
        <li>mapSubject->secrets</li>
        <li>mapSubject->borders</li>
        <li>mapSubject->frontiers</li>
        <li>mapSubject->locations</li>
        <li>mapSubject->resources</li>
        <li>mapSubject->artifacts</li>
        <li>mapSubject->relics</li>
        <li>mapSubject->towns</li>
        <li>mapSubject->settlements</li>
        <li>mapSubject->strongholds</li>
        <li>mapSubject->ruins</li>
        <li>mapSubject->clans</li>
        <li>mapSubject->peoples</li>
        <li>mapSubject->histories</li>
        <li>mapSubject->territories</li>
        <li>mapSubject->landmasses</li>

        <li>CapSylE->Al</li>
        <li>CapSylE->All</li>
        <li>CapSylE->An</li>
        <li>CapSylE->And</li>
        <li>CapSylE->Ar</li>
        <li>CapSylE->Are</li>
        <li>CapSylE->As</li>
        <li>CapSylE->At</li>
        <li>CapSylE->Ban</li>
        <li>CapSylE->Bin</li>
        <li>CapSylE->Bon</li>
        <li>CapSylE->But</li>
        <li>CapSylE->Ca</li>
        <li>CapSylE->Co</li>
        <li>CapSylE->Da</li>
        <li>CapSylE->Del</li>
        <li>CapSylE->Din</li>
        <li>CapSylE->Do</li>
        <li>CapSylE->Ea</li>
        <li>CapSylE->Ed</li>
        <li>CapSylE->En</li>
        <li>CapSylE->Ent</li>
        <li>CapSylE->Er</li>
        <li>CapSylE->Era</li>
        <li>CapSylE->Ere</li>
        <li>CapSylE->Es</li>
        <li>CapSylE->Eve</li>
        <li>CapSylE->Far</li>
        <li>CapSylE->Fen</li>
        <li>CapSylE->Fin</li>
        <li>CapSylE->For</li>
        <li>CapSylE->Fun</li>
        <li>CapSylE->Ga</li>
        <li>CapSylE->Go</li>
        <li>CapSylE->Ha</li>
        <li>CapSylE->Had</li>
        <li>CapSylE->Hat</li>
        <li>CapSylE->He</li>
        <li>CapSylE->Hen</li>
        <li>CapSylE->Her</li>
        <li>CapSylE->Hi</li>
        <li>CapSylE->Hi</li>
        <li>CapSylE->Hin</li>
        <li>CapSylE->His</li>
        <li>CapSylE->In</li>
        <li>CapSylE->Is</li>
        <li>CapSylE->It</li>
        <li>CapSylE->Ith</li>
        <li>CapSylE->Ja</li>
        <li>CapSylE->Ka</li>
        <li>CapSylE->Ko</li>
        <li>CapSylE->La</li>
        <li>CapSylE->Lan</li>
        <li>CapSylE->Le</li>
        <li>CapSylE->Len</li>
        <li>CapSylE->Lon</li>
        <li>CapSylE->Ma</li>
        <li>CapSylE->Me</li>
        <li>CapSylE->Men</li>
        <li>CapSylE->Min</li>
        <li>CapSylE->Mon</li>
        <li>CapSylE->Na</li>
        <li>CapSylE->Ne</li>
        <li>CapSylE->Not</li>
        <li>CapSylE->Ome</li>
        <li>CapSylE->On</li>
        <li>CapSylE->Or</li>
        <li>CapSylE->Ou</li>
        <li>CapSylE->Oul</li>
        <li>CapSylE->Our</li>
        <li>CapSylE->Pa</li>
        <li>CapSylE->Qua</li>
        <li>CapSylE->Ra</li>
        <li>CapSylE->Re</li>
        <li>CapSylE->Ro</li>
        <li>CapSylE->Se</li>
        <li>CapSylE->Sho</li>
        <li>CapSylE->St</li>
        <li>CapSylE->Te</li>
        <li>CapSylE->Ted</li>
        <li>CapSylE->Ter</li>
        <li>CapSylE->Tha</li>
        <li>CapSylE->The</li>
        <li>CapSylE->Thi</li>
        <li>CapSylE->Thi</li>
        <li>CapSylE->Ti</li>
        <li>CapSylE->To</li>
        <li>CapSylE->Un</li>
        <li>CapSylE->Ve</li>
        <li>CapSylE->Ver</li>
        <li>CapSylE->Wa</li>
        <li>CapSylE->Was</li>
        <li>CapSylE->Wit</li>
        <li>CapSylE->You</li>
      </rulesStrings>
      <rulesFiles>
        <li>place_end->WordParts/PlaceEndings</li>
      </rulesFiles>
    </rulePack>
  </RulePackDef>

</Defs>