﻿<?xml version="1.0" encoding="utf-8" ?>

<Defs>
  <FleshTypeDef>
    <defName>Normal</defName>
    <corpseCategory>CorpsesAnimal</corpseCategory>
    <damageEffecter>Damage_HitFlesh</damageEffecter>
    <genericWounds>
      <li>
        <texture>Things/Pawn/Wounds/WoundFleshA</texture>
      </li>
      <li>
        <texture>Things/Pawn/Wounds/WoundFleshB</texture>
      </li>
      <li>
        <texture>Things/Pawn/Wounds/WoundFleshC</texture>
      </li>
    </genericWounds>
    <bandagedWounds>
      <li>
        <texture>Things/Pawn/Wounds/BandagedA</texture>
      </li>
      <li>
        <texture>Things/Pawn/Wounds/BandagedB</texture>
      </li>
      <li>
        <texture>Things/Pawn/Wounds/BandagedC</texture>
      </li>
    </bandagedWounds>
    <hediffWounds>
      <li  MayRequire="Ludeon.RimWorld.Ideology">
        <hediff>Scarification</hediff>
        <wounds>
          <li>
            <texture>Things/Pawn/Wounds/ScarificationA</texture>
            <tintWithSkinColor>true</tintWithSkinColor>
            <displayOverApparel>false</displayOverApparel>
            <displayPermanent>false</displayPermanent>
            <drawOffsetSouth>(0, 0.001, -0.24)</drawOffsetSouth>
            <drawOffsetEastWest>(-0.03, 0.001, -0.24)</drawOffsetEastWest>
          </li>
          <li>
            <texture>Things/Pawn/Wounds/ScarificationB</texture>
            <tintWithSkinColor>true</tintWithSkinColor>
            <displayOverApparel>false</displayOverApparel>
            <displayPermanent>false</displayPermanent>
            <drawOffsetSouth>(0, 0.001, -0.24)</drawOffsetSouth>
            <drawOffsetEastWest>(-0.03, 0.001, -0.24)</drawOffsetEastWest>
          </li>
          <li>
            <texture>Things/Pawn/Wounds/ScarificationC</texture>
            <tintWithSkinColor>true</tintWithSkinColor>
            <displayOverApparel>false</displayOverApparel>
            <displayPermanent>false</displayPermanent>
            <drawOffsetSouth>(0, 0.001, -0.24)</drawOffsetSouth>
            <drawOffsetEastWest>(-0.03, 0.001, -0.24)</drawOffsetEastWest>
          </li>
        </wounds>
      </li>
      <li>
        <hediff>MissingBodyPart</hediff>
        <wounds>
          <li>
            <textureSouth>Things/Pawn/Wounds/MissingEye_Scar_south</textureSouth>
            <textureNorth>Things/Pawn/Wounds/MissingEye_Scar_south</textureNorth>
            <textureEast>Things/Pawn/Wounds/MissingEye_Scar_east</textureEast>
            <textureWest>Things/Pawn/Wounds/MissingEye_Scar_east</textureWest>
            <flipWest>true</flipWest>
            <onlyOnPart>Eye</onlyOnPart>
            <flipOnWoundAnchorTag>LeftEye</flipOnWoundAnchorTag>
            <flipOnRotation>South</flipOnRotation>
            <tintWithSkinColor>true</tintWithSkinColor>
            <missingBodyPartFresh>false</missingBodyPartFresh>
            <scale>0.7</scale>
            <drawOffsetSouth>(0, 0, -0.24)</drawOffsetSouth>
            <drawOffsetEastWest>(-0.03, 0, -0.24)</drawOffsetEastWest>
          </li>
          <li>
            <textureSouth>Things/Pawn/Wounds/MissingEye_Fresh</textureSouth>
            <textureNorth>Things/Pawn/Wounds/MissingEye_Fresh</textureNorth>
            <textureEast>Things/Pawn/Wounds/MissingEye_Fresh</textureEast>
            <textureWest>Things/Pawn/Wounds/MissingEye_Fresh</textureWest>
            <flipWest>true</flipWest>
            <onlyOnPart>Eye</onlyOnPart>
            <flipOnWoundAnchorTag>LeftEye</flipOnWoundAnchorTag>
            <flipOnRotation>South</flipOnRotation>
            <missingBodyPartFresh>true</missingBodyPartFresh>
            <scale>0.7</scale>
            <drawOffsetSouth>(0, 0, -0.24)</drawOffsetSouth>
            <drawOffsetEastWest>(-0.03, 0, -0.24)</drawOffsetEastWest>
          </li>
        </wounds>
      </li>
    </hediffWounds>
  </FleshTypeDef>

  <FleshTypeDef>
    <defName>Mechanoid</defName>
    <corpseCategory>CorpsesMechanoid</corpseCategory>
    <damageEffecter>Damage_HitMechanoid</damageEffecter>
    <genericWounds>
      <li>
        <texture>Things/Pawn/Wounds/WoundMechA</texture>
      </li>
      <li>
        <texture>Things/Pawn/Wounds/WoundMechB</texture>
      </li>
      <li>
        <texture>Things/Pawn/Wounds/WoundMechC</texture>
      </li>
    </genericWounds>
  </FleshTypeDef>

  <FleshTypeDef>
    <defName>Insectoid</defName>
    <corpseCategory>CorpsesInsect</corpseCategory>
    <damageEffecter>Damage_HitInsect</damageEffecter>
    <genericWounds>
      <li>
        <texture>Things/Pawn/Wounds/WoundA</texture>
        <color>0.23,0.20,0.17</color>
      </li>
      <li>
        <texture>Things/Pawn/Wounds/WoundB</texture>
        <color>0.23,0.20,0.17</color>
      </li>
      <li>
        <texture>Things/Pawn/Wounds/WoundC</texture>
        <color>0.23,0.20,0.17</color>
      </li>
    </genericWounds>
  </FleshTypeDef>
</Defs>
