﻿<?xml version="1.0" encoding="utf-8" ?>
<Defs>

  <!--=============================== Tier 1: pre-electricity ===================================-->

  <!--===== Column 1 ====-->
  
  <ResearchProjectDef>
    <defName>PsychoidBrewing</defName>
    <label>psychoid brewing</label>
    <description>Prepare psychoid leaves into a mildly euphoria-inducing and addictive tea at the campfire or cooking stove.</description>
    <baseCost>500</baseCost>
    <techLevel>Neolithic</techLevel>
    <tags>
      <li>TribalStart</li>
    </tags>
    <researchViewX>0.00</researchViewX>
    <researchViewY>1.40</researchViewY>
    <generalRules>
      <rulesStrings>
        <li>subject->psychoid</li>

        <li>subject_story->joined a short-lived psychoid commune on a cult world</li>
        <li>subject_story->experimented with psychoid to help traumatized soldiers</li>
        <li>subject_story->legalized psychoid for mass production across several coreworlds, when [ANYPAWN_pronoun] had the power to do so</li>

        <li>subject_gerund->brewing psychoid</li>
      </rulesStrings>
    </generalRules>
  </ResearchProjectDef>

  <ResearchProjectDef>
    <defName>TreeSowing</defName>
    <label>tree sowing</label>
    <description>Sow the local biome's natural trees in your fields.</description>
    <baseCost>1000</baseCost>
    <techLevel>Neolithic</techLevel>
    <researchViewX>0.00</researchViewX>
    <researchViewY>0.00</researchViewY>
    <tags>
      <li>TribalStart</li>
    </tags>
    <generalRules>
      <rulesStrings>
        <li>subject->tree sowing</li>

        <li>subject_story->propagated trees across a long-dead planetoid, trying to bring life back</li>
        <li>subject_story->published a paper about maintaining natural ecosystems</li>
        <li>subject_story->worked in a tree nursery on an animal world</li>

        <li>subject_gerund->sowing trees</li>
      </rulesStrings>
    </generalRules>
  </ResearchProjectDef>

  <ResearchProjectDef>
    <defName>Brewing</defName>
    <label>beer brewing</label>
    <description>Build a brewery and fermenting vats to transform hops into tasty, tasty beer.</description>
    <baseCost>400</baseCost>
    <techLevel>Neolithic</techLevel>
    <researchViewX>0.00</researchViewX>
    <researchViewY>3.50</researchViewY>
    <generalRules>
      <rulesStrings>
        <li>subject->brewing</li>

        <li>subject_story->brewed a unique stout that became famous across the system</li>
        <li>subject_story->retired to run a public house on an animal world</li>
        <li>subject_story->specialized in climate-controlled fermentation techniques</li>

        <li>subject_gerund->constructing breweries</li>
        <li>subject_gerund->brewing beer</li>
        
      </rulesStrings>
    </generalRules>
  </ResearchProjectDef>

  <ResearchProjectDef>
    <defName>ComplexFurniture</defName>
    <label>complex furniture</label>
    <description>Build complex furniture like beds, end tables, dining chairs, armchairs, dressers, tool cabinets, billiards tables, and poker tables, vents, sarcophagi, and more.</description>
    <baseCost>300</baseCost>
    <techLevel>Medieval</techLevel>
    <researchViewX>1.00</researchViewX>
    <researchViewY>4.25</researchViewY>
    <tags>
      <li>ClassicStart</li>
    </tags>
    <generalRules>
      <rulesStrings>
        <li>subject->carpentry</li>

        <li>subject_story->studied woodcarving under a master carpenter</li>
        <li>subject_story->built a town of log-cabins singlehandedly</li>
        <li>subject_story->established a factory, selling high-quality furniture to passing traders</li>

        <li>subject_gerund->building complex furniture</li>
      </rulesStrings>
    </generalRules>
  </ResearchProjectDef>

  <ResearchProjectDef>
    <defName>PassiveCooler</defName>
    <label>passive cooler</label>
    <description>Make passive coolers, to cool indoor spaces without using electricity.</description>
    <baseCost>400</baseCost>
    <techLevel>Neolithic</techLevel>
    <tags>
      <li>ClassicStart</li>
      <li>TribalStart</li>
    </tags>
    <researchViewX>0.00</researchViewX>
    <researchViewY>2.10</researchViewY>
    <generalRules>
      <rulesStrings>
        <li>subject->evaporation</li>
        <li>subject->passive coolers</li>

        <li>subject_story->moved to a sweltering tropical world and developed unique techniques for staying cool</li>
        <li>subject_story->researched primitive techniques for cooling areas in the comfort of a coreworld's libraries</li>
        <li>subject_story->noticed, on the shores of an oceanic planet, that it was cooler where the sea spray settled</li>

        <li>subject_gerund->building passive coolers</li>
      </rulesStrings>
    </generalRules>
  </ResearchProjectDef>

  <ResearchProjectDef>
    <defName>Stonecutting</defName>
    <label>stonecutting</label>
    <description>Cut rock chunks into stone blocks for use in construction. Build beautiful stone tile floors or ugly concrete walkways.</description>
    <baseCost>300</baseCost>
    <techLevel>Medieval</techLevel>
    <tags>
      <li>ClassicStart</li>
    </tags>
    <researchViewX>0.00</researchViewX>
    <researchViewY>4.25</researchViewY>
    <generalRules>
      <rulesStrings>
        <li>subject->masonry</li>

        <li>subject_story->was the first in a line of temple designers, all sharing the same name</li>
        <li>subject_story->developed unique techniques for cutting the hardest rock with basic tools</li>
        <li>subject_story->tiled the entirety of the viceroy's palace on a medieval world</li>

        <li>subject_gerund->stonecutting</li>
        <li>subject_gerund->cutting stones</li>
      </rulesStrings>
    </generalRules>
  </ResearchProjectDef>

  <ResearchProjectDef>
    <defName>ComplexClothing</defName>
    <label>complex clothing</label>
    <description>Tailor complicated garments like pants, dusters, and cowboy hats.</description>
    <baseCost>600</baseCost>
    <techLevel>Medieval</techLevel>
    <researchViewX>1.00</researchViewX>
    <researchViewY>2.80</researchViewY>
    <tags>
      <li>ClassicStart</li>
    </tags>
    <generalRules>
      <rulesStrings>
        <li>subject->complex tailoring</li>

        <li>subject_story->tailored hard-wearing clothes for urbworld cityfolk</li>
        <li>subject_story->would relax by sewing and telling stories to the village children</li>
        <li>subject_story->learned to craft clothing to be worn at [ANYPAWN_possessive] troupe's grand performances</li>

        <li>subject_gerund->tailoring complex clothes</li>
      </rulesStrings>
    </generalRules>
  </ResearchProjectDef>

  <!--====== Column 2 ======-->

  <ResearchProjectDef>
    <defName>DrugProduction</defName>
    <label>drug production</label>
    <description>Build a drug lab for basic drug synthesis. Further research is required to make specific drugs.</description>
    <baseCost>500</baseCost>
    <techLevel>Industrial</techLevel>
    <researchViewX>3.00</researchViewX>
    <researchViewY>0.00</researchViewY>
    <generalRules>
      <rulesStrings>
        <li>subject->drug production</li>
        <li>subject->drug synthesis</li>

        <li>subject_story->worked in an asteroid lab on the edge of populated space</li>
        <li>subject_story->learned how to craft drugs from recycled chemicals, leading to many years spent in prison</li>
        <li>subject_story->worked as a chemist, but slipped into peddling illegal drugs on the side</li>

        <li>subject_gerund->building drug labs</li>
        <li>subject_gerund->producing drugs</li>

      </rulesStrings>
    </generalRules>
  </ResearchProjectDef>

  <ResearchProjectDef>
    <defName>Cocoa</defName>
    <label>cocoa</label>
    <description>Sow cocoa trees to create your own delicious chocolate. Eating chocolate fulfills the need for recreation and it's a valuable trade good too.</description>
    <baseCost>1000</baseCost>
    <techLevel>Neolithic</techLevel>
    <researchViewX>1.00</researchViewX>
    <researchViewY>0.00</researchViewY>
    <prerequisites>
      <li>TreeSowing</li>
    </prerequisites>
    <generalRules>
      <rulesStrings>
        <li>subject->cocoa</li>
        <li>subject->chocolate</li>

        <li>subject_story->became obsessed with chocolate and had to be restrained</li>
        <li>subject_story->studied the fermentation process of cocoa for a thesis</li>
        <li>subject_story->set up the best chocolate shop in the sector</li>

        <li>subject_gerund->producing chocolate</li>

        <li>subject_gerund->cultivating cocoa</li>
      </rulesStrings>
    </generalRules>
  </ResearchProjectDef>
  
  <ResearchProjectDef>
    <defName>Devilstrand</defName>
    <label>devilstrand</label>
    <description>Plant devilstrand, a slow-growing mushroom that yields an exceptionally tough, heat-resistant plant fiber.</description>
    <baseCost>800</baseCost>
    <techLevel>Neolithic</techLevel>
    <researchViewX>0.00</researchViewX>
    <researchViewY>2.80</researchViewY>
    <generalRules>
      <rulesStrings>
        <li>subject->devilstrand cultivation</li>

        <li>subject_story->used devilstrand as a natural firebreak</li>
        <li>subject_story->established the techniques for cultivating devilstrand easily</li>
        <li>subject_story->became obsessed with mushrooms and became the self-declared Princess of [ANYPAWN_possessive] kingdom</li>

        <li>subject_gerund->cultivating devilstrand</li>
      </rulesStrings>
    </generalRules>
  </ResearchProjectDef>

  <ResearchProjectDef>
    <defName>CarpetMaking</defName>
    <label>carpet-making</label>
    <description>Weave beautiful carpets from cloth.</description>
    <baseCost>800</baseCost>
    <techLevel>Medieval</techLevel>
    <researchViewX>1.00</researchViewX>
    <researchViewY>2.10</researchViewY>
    <generalRules>
      <rulesStrings>
        <li>subject->carpet-making</li>

        <li>subject_story->learned to weave carpets from hair, for a distant Emperor</li>
        <li>subject_story->left behind an unparalleled collection of carpets and tapestries</li>
        <li>subject_story->settled on a medieval moon, where the carpetweaving craft was truly appreciated</li>

        <li>subject_gerund->weaving carpets</li>
      </rulesStrings>
    </generalRules>
  </ResearchProjectDef>

    <ResearchProjectDef>
      <defName>Pemmican</defName>
      <label>pemmican</label>
      <description>Make pemmican, a preserved mixture of meat and plant matter that doesn't go bad for a long time. Great for traveling.</description>
      <baseCost>500</baseCost>
      <techLevel>Neolithic</techLevel>
      <tags>
        <li>TribalStart</li>
      </tags>
      <researchViewX>1.00</researchViewX>
      <researchViewY>1.40</researchViewY>
      <generalRules>
        <rulesStrings>
          <li>subject->pemmican production</li>

        <li>subject_story->mastered pemmican production during a long pilgrimage to the planet's Spire</li>
        <li>subject_story->survived solely on pemmican when a passenger liner crashed on a glassworld</li>
        <li>subject_story->taught pemmican production to feral tribes</li>

        <li>subject_gerund->making pemmican</li>
        </rulesStrings>
      </generalRules>
  </ResearchProjectDef>

  <!--====== Column 3+ ======-->
  
  <ResearchProjectDef>
    <defName>Smithing</defName>
    <label>smithing</label>
    <description>Build smithies for crafting metal weapons like knives, gladii, and maces. Work metal into clean, beautiful floor tiles.</description>
    <baseCost>700</baseCost>
    <techLevel>Medieval</techLevel>
    <researchViewX>1.00</researchViewX>
    <researchViewY>3.50</researchViewY>
    <generalRules>
      <rulesStrings>
        <li>subject->blacksmithing</li>

        <li>subject_story->settled in a medieval hamlet and mastered simple metal crafting</li>
        <li>subject_story->built glitterworld smithies for the Renaissance reenactment guilds</li>

        <li>subject_gerund->smithing</li>
      </rulesStrings>
    </generalRules>
  </ResearchProjectDef>

  <ResearchProjectDef>
    <defName>RecurveBow</defName>
    <label>recurve bow</label>
    <description>Build the recurve bow, an effective and inexpensive ranged weapon.</description>
    <baseCost>400</baseCost>
    <techLevel>Neolithic</techLevel>
    <tags>
      <li>TribalStart</li>
    </tags>
    <researchViewX>0.00</researchViewX>
    <researchViewY>0.70</researchViewY>
    <generalRules>
      <rulesStrings>
        <li>subject->bowyery</li>
        <li>subject->bow-making</li>

        <li>subject_story->tracked a rabid boomalope for four days before killing it with a single arrow</li>
        <li>subject_story->settled near a yew forest to secure the perfect materials for bows</li>
        <li>subject_story->raised the colony children as hunter-gatherers, with every one a master archer</li>

        <li>subject_gerund->crafting bows</li>
      </rulesStrings>
    </generalRules>
  </ResearchProjectDef>

  <!--====== Drugs ======-->

  <ResearchProjectDef>
    <defName>PsychiteRefining</defName>
    <label>psychite refining</label>
    <description>Refine psychoid leaves into flake and yayo, different forms of the euphoric psychite drug.</description>
    <baseCost>400</baseCost>
    <techLevel>Industrial</techLevel>
    <prerequisites>
      <li>DrugProduction</li>
    </prerequisites>
    <researchViewX>4.00</researchViewX>
    <researchViewY>0.40</researchViewY>
    <generalRules>
      <rulesStrings>
        <li>subject->psychite production</li>

        <li>subject_story->used [ANYPAWN_possessive] university job as cover for [ANYPAWN_possessive] drug-dealing</li>
        <li>subject_story->started a commune where low-dose flake was mixed into the food</li>
        <li>subject_story->campaigned for the legalisation of yayo on a nearby urbworld</li>

        <li>subject_gerund->refining psychite</li>
      </rulesStrings>
    </generalRules>
  </ResearchProjectDef>

  <ResearchProjectDef>
    <defName>WakeUpProduction</defName>
    <label>wake-up production</label>
    <description>Synthesize wake-up, a work performance-enhancing drug which replaces the need for sleep.</description>
    <baseCost>600</baseCost>
    <techLevel>Industrial</techLevel>
    <prerequisites>
      <li>DrugProduction</li>
    </prerequisites>
    <researchViewX>4.00</researchViewX>
    <researchViewY>1.10</researchViewY>
    <generalRules>
      <rulesStrings>
        <li>subject->wake-up production</li>

        <li>subject_story->tried to overcome caffeine addiction by taking wake-up</li>
        <li>subject_story->treated narcoleptics and sleepwalkers with carefully timed wake-up doses</li>
        <li>subject_story->moved everyone to the dark side of an asteroid and used wake-up to maintain their biorhythms</li>

        <li>subject_gerund->synthesizing wake-up</li>
      </rulesStrings>
    </generalRules>
  </ResearchProjectDef>

  <ResearchProjectDef>
    <defName>GoJuiceProduction</defName>
    <label>go-juice production</label>
    <description>Produce go-juice, a synthetic combat-performance-enhancing drug which improves shooting, melee, and movement ability, and dulls pain.</description>
    <baseCost>1000</baseCost>
    <techLevel>Industrial</techLevel>
    <prerequisites>
      <li>DrugProduction</li>
    </prerequisites>
    <researchViewX>4.00</researchViewX>
    <researchViewY>1.80</researchViewY>
    <generalRules>
      <rulesStrings>
        <li>subject->go-juice production</li>

        <li>subject_story->was expelled for taking go-juice during team sports matches</li>
        <li>subject_story->found go-juice massively increased productivity in mines and lumberyards</li>
        <li>subject_story->never went on a mission without go-juice or juggernaut in a pocket</li>

        <li>subject_gerund->synthesizing go-juice</li>
      </rulesStrings>
    </generalRules>
  </ResearchProjectDef>

  <ResearchProjectDef>
    <defName>PenoxycylineProduction</defName>
    <label>penoxycyline production</label>
    <description>Produce penoxycyline, a disease prevention drug which blocks plague, malaria, and more before they start.</description>
    <baseCost>500</baseCost>
    <techLevel>Industrial</techLevel>
    <prerequisites>
      <li>DrugProduction</li>
    </prerequisites>
    <researchViewX>4.00</researchViewX>
    <researchViewY>2.50</researchViewY>
    <generalRules>
      <rulesStrings>
        <li>subject->penoxycyline production</li>

        <li>subject_story->lectured to the United Planets about preventative medicine</li>
        <li>subject_story->was driven out of Dawn Falls as a quack, for selling a medicine that "doesn't do anything"</li>
        <li>subject_story->prevented an outbreak of malaria from spreading through careful penoxycyline dosage</li>

        <li>subject_gerund->synthesizing penoxycyline</li>
      </rulesStrings>
    </generalRules>
  </ResearchProjectDef>

  <!--====== Medieval weapons ======-->

  <ResearchProjectDef>
    <defName>LongBlades</defName>
    <label>long blades</label>
    <description>Craft longswords and spears.</description>
    <baseCost>400</baseCost>
    <techLevel>Medieval</techLevel>
    <prerequisites>
      <li>Smithing</li>
    </prerequisites>
    <researchViewX>2.00</researchViewX>
    <researchViewY>3.15</researchViewY>
    <generalRules>
      <rulesStrings>
        <li>subject->medieval weaponry</li>

        <li>subject_story->rode with the Betaduke's Fifth Light Cavalry as they conquered the sector</li>
        <li>subject_story->was enslaved as a weaponsmith beneath the arena on an iron age planet</li>
        <li>subject_story->trained the hoplites on a warworld to use their weapons' reach</li>

        <li>subject_gerund->smithing medieval weapons</li>
      </rulesStrings>
    </generalRules>
  </ResearchProjectDef>

  <ResearchProjectDef>
    <defName>PlateArmor</defName>
    <label>plate armor</label>
    <description>Smith suits of plate armor from metal or wood. This heavy armor noticeably slows movement, but protects very effectively.</description>
    <baseCost>600</baseCost>
    <techLevel>Medieval</techLevel>
    <prerequisites>
      <li>Smithing</li>
      <li>ComplexClothing</li>
    </prerequisites>
    <researchViewX>2.00</researchViewX>
    <researchViewY>2.50</researchViewY>
    <generalRules>
      <rulesStrings>
        <li>subject->plate armor</li>

        <li>subject_story->crafted armor from scrap, when the authorities surrounded [ANYPAWN_possessive] family's shack</li>
        <li>subject_story->became known as the Green Smith, when moss grew on the wooden armor</li>
        <li>subject_story->started the first armorworker's collective on an urbworld</li>

        <li>subject_gerund->smithing plate armor</li>
      </rulesStrings>
    </generalRules>
  </ResearchProjectDef>

  <ResearchProjectDef>
    <defName>Greatbow</defName>
    <label>greatbow</label>
    <description>Craft greatbows for killing enemies at great range.</description>
    <baseCost>600</baseCost>
    <techLevel>Medieval</techLevel>
    <prerequisites>
      <li>RecurveBow</li>
    </prerequisites>
    <researchViewX>1.00</researchViewX>
    <researchViewY>0.70</researchViewY>
    <generalRules>
      <rulesStrings>
        <li>subject->greatbows</li>

        <li>subject_story->fired an arrow right through the iron helmet of a feudal king</li>
        <li>subject_story->hunted muffalos for their fur on a feral world</li>
        <li>subject_story->lived alone in the greenwood, a hail of arrows greeting anyone who approached within a mile of its edge</li>

        <li>subject_gerund->crafting greatbows</li>
      </rulesStrings>
    </generalRules>
  </ResearchProjectDef>

</Defs>
