﻿<?xml version="1.0" encoding="utf-8" ?>
<Defs>

  <ResearchProjectDef>
    <defName>Electricity</defName>
    <label>electricity</label>
    <description>Harness the power of electricity for a hundred different tasks.</description>
    <baseCost>1600</baseCost>
    <techLevel>Industrial</techLevel>
    <tags>
      <li>ClassicStart</li>
    </tags>
    <researchViewX>5.00</researchViewX>
    <researchViewY>2.90</researchViewY>
    <discoveredLetterTitle>About: Electricity</discoveredLetterTitle>
    <discoveredLetterText>Your colony has harnessed the power which outsiders call "electricity". It has the potential to transform every aspect of your people's way of life.\n\nYou have now unlocked the Power tab in the Architect menu from which you may build electric generators, power conduits, and other mechanisms to control this new force. The Power tab also displays the electric grid which connects electric generators and appliances.</discoveredLetterText>
  </ResearchProjectDef>

  <ResearchProjectDef>
    <defName>Batteries</defName>
    <label>battery</label>
    <description>Build batteries for storing electricity.</description>
    <baseCost>400</baseCost>
    <techLevel>Industrial</techLevel>
    <prerequisites>
      <li>Electricity</li>
    </prerequisites>
    <researchViewX>6.00</researchViewX>
    <researchViewY>0.30</researchViewY>
  </ResearchProjectDef>

  <ResearchProjectDef>
    <defName>BiofuelRefining</defName>
    <label>biofuel refining</label>
    <description>Build biofuel refineries to make chemfuel from biological matter like wood or foodstuffs.</description>
    <baseCost>700</baseCost>
    <techLevel>Industrial</techLevel>
    <prerequisites>
      <li>Electricity</li>
    </prerequisites>
    <researchViewX>7.00</researchViewX>
    <researchViewY>2.70</researchViewY>
  </ResearchProjectDef>

  <ResearchProjectDef>
    <defName>WatermillGenerator</defName>
    <label>watermill generator</label>
    <description>Build watermill generators on rivers to generate a steady supply of power.</description>
    <baseCost>700</baseCost>
    <techLevel>Industrial</techLevel>
    <prerequisites>
      <li>Electricity</li>
    </prerequisites>
    <researchViewX>8.00</researchViewX>
    <researchViewY>2.10</researchViewY>
  </ResearchProjectDef>

  <ResearchProjectDef>
    <defName>NutrientPaste</defName>
    <label>nutrient paste</label>
    <description>Build nutrient paste dispensers which efficiently produce edible meals from raw nutritive feedstocks, while requiring no labor at all.</description>
    <baseCost>400</baseCost>
    <techLevel>Industrial</techLevel>
    <prerequisites>
      <li>Electricity</li>
    </prerequisites>
    <researchViewX>8.00</researchViewX>
    <researchViewY>1.50</researchViewY>
    <tags>
      <li>ClassicStart</li>
    </tags>
  </ResearchProjectDef>

  <ResearchProjectDef>
    <defName>SolarPanels</defName>
    <label>solar panel</label>
    <description>Build solar panels for electricity generation.</description>
    <baseCost>600</baseCost>
    <techLevel>Industrial</techLevel>
    <prerequisites>
      <li>Electricity</li>
    </prerequisites>
    <researchViewX>7.00</researchViewX>
    <researchViewY>2.10</researchViewY>
  </ResearchProjectDef>

  <ResearchProjectDef>
    <defName>AirConditioning</defName>
    <label>air conditioning</label>
    <description>Build coolers to make people comfortable in hot weather, or to construct freezers for storing perishable goods.</description>
    <baseCost>500</baseCost>
    <techLevel>Industrial</techLevel>
    <prerequisites>
      <li>Electricity</li>
    </prerequisites>
    <tags>
      <li>ClassicStart</li>
    </tags>
    <researchViewX>6.00</researchViewX>
    <researchViewY>2.10</researchViewY>
  </ResearchProjectDef>

  <ResearchProjectDef>
    <defName>Autodoors</defName>
    <label>autodoor</label>
    <description>Build autodoors which automatically open when someone approaches, without slowing anyone down.</description>
    <baseCost>600</baseCost>
    <techLevel>Industrial</techLevel>
    <prerequisites>
      <li>Electricity</li>
    </prerequisites>
    <researchViewX>6.00</researchViewX>
    <researchViewY>0.90</researchViewY>
  </ResearchProjectDef>

  <ResearchProjectDef>
    <defName>Hydroponics</defName>
    <label>hydroponics</label>
    <description>Build hydroponics basins to rapidly grow crops indoors regardless of the terrain or weather outside.</description>
    <baseCost>700</baseCost>
    <techLevel>Industrial</techLevel>
    <prerequisites>
      <li>Electricity</li>
    </prerequisites>
    <researchViewX>6.00</researchViewX>
    <researchViewY>1.50</researchViewY>
  </ResearchProjectDef>

  <ResearchProjectDef>
    <defName>TubeTelevision</defName>
    <label>tube television</label>
    <description>Produce tube televisions for recreational watching.</description>
    <baseCost>1000</baseCost>
    <techLevel>Industrial</techLevel>
    <prerequisites>
      <li>Electricity</li>
    </prerequisites>
    <hiddenPrerequisites>
      <li>ComplexFurniture</li>
    </hiddenPrerequisites>
    <researchViewX>9.00</researchViewX>
    <researchViewY>0.90</researchViewY>
  </ResearchProjectDef>

  <ResearchProjectDef>
    <defName>PackagedSurvivalMeal</defName>
    <label>packaged survival meal</label>
    <description>Produce packaged survival meals which never go bad. Great for traveling.</description>
    <baseCost>500</baseCost>
    <techLevel>Industrial</techLevel>
    <prerequisites>
      <li>NutrientPaste</li>
    </prerequisites>
    <researchViewX>9.00</researchViewX>
    <researchViewY>1.50</researchViewY>
  </ResearchProjectDef>

  <ResearchProjectDef>
    <defName>Firefoam</defName>
    <label>firefoam</label>
    <description>Construct firefoam poppers, automatic fire-safety devices which spread fire-retardant foam in response to encroaching flames.</description>
    <baseCost>600</baseCost>
    <techLevel>Industrial</techLevel>
    <prerequisites>
      <li>Electricity</li>
    </prerequisites>
    <researchViewX>7.00</researchViewX>
    <researchViewY>1.50</researchViewY>
  </ResearchProjectDef>

  <ResearchProjectDef>
    <defName>IEDs</defName>
    <label>IEDs</label>
    <description>Build improvised traps from any kind of mortar shell.</description>
    <baseCost>500</baseCost>
    <techLevel>Industrial</techLevel>
    <prerequisites>
      <li>Electricity</li>
    </prerequisites>
    <hideWhen>
      <trapsDisabled>true</trapsDisabled>
    </hideWhen>
    <researchViewX>7.00</researchViewX>
    <researchViewY>0.90</researchViewY>
  </ResearchProjectDef>

  <ResearchProjectDef>
    <defName>GeothermalPower</defName>
    <label>geothermal power</label>
    <description>Build geothermal power plants on top of steam geysers, for uninterrupted power.</description>
    <baseCost>3200</baseCost>
    <techLevel>Industrial</techLevel>
    <prerequisites>
      <li>Electricity</li>
    </prerequisites>
    <researchViewX>9.00</researchViewX>
    <researchViewY>2.10</researchViewY>
  </ResearchProjectDef>

  <ResearchProjectDef>
    <defName>SterileMaterials</defName>
    <label>sterile materials</label>
    <description>Construct sterile tiles to make cleanrooms for safer and more effective medical treatment, research, and cooking.</description>
    <baseCost>600</baseCost>
    <techLevel>Industrial</techLevel>
    <prerequisites>
      <li>Electricity</li>
    </prerequisites>
    <researchViewX>8.00</researchViewX>
    <researchViewY>0.90</researchViewY>
  </ResearchProjectDef>

  <ResearchProjectDef>
    <defName>ColoredLights</defName>
    <label>advanced lights</label>
    <description>Change the color of standard electric lamps, and reduce their power consumption by half. This does not affect sun lamps.</description>
    <baseCost>300</baseCost>
    <techLevel>Industrial</techLevel>
    <prerequisites>
      <li>Electricity</li>
    </prerequisites>
    <recalculatePower>true</recalculatePower>
    <researchViewX>6.00</researchViewX>
    <researchViewY>2.70</researchViewY>
  </ResearchProjectDef>

  <!--===================== Machining and its children sub-tier ======================-->

  <ResearchProjectDef>
    <defName>Machining</defName>
    <label>machining</label>
    <description>Build machining tables to craft guns, grenades, flak armor, and to shred dead mechanoids for resources.</description>
    <baseCost>1000</baseCost>
    <techLevel>Industrial</techLevel>
    <prerequisites>
      <li>Electricity</li>
      <li>Smithing</li>
    </prerequisites>
    <researchViewX>6.00</researchViewX>
    <researchViewY>3.50</researchViewY>
  </ResearchProjectDef>

  <ResearchProjectDef>
    <defName>SmokepopBelt</defName>
    <label>smokepop packs</label>
    <description>Build smokepop packs which allow the wearer to deploy a defensive smokescreen.</description>
    <baseCost>300</baseCost>
    <techLevel>Industrial</techLevel>
    <prerequisites>
      <li>Machining</li>
    </prerequisites>
    <hiddenPrerequisites>
      <li>ComplexClothing</li>
    </hiddenPrerequisites>
    <researchViewX>7.00</researchViewX>
    <researchViewY>4.80</researchViewY>
  </ResearchProjectDef>

  <ResearchProjectDef>
    <defName>Prosthetics</defName>
    <label>prosthetics</label>
    <description>Build inexpensive prosthetic body parts to replace lost limbs. Requires a skilled doctor to attach.</description>
    <baseCost>600</baseCost>
    <techLevel>Industrial</techLevel>
    <prerequisites>
      <li>Machining</li>
    </prerequisites>
    <researchViewX>8.00</researchViewX>
    <researchViewY>4.80</researchViewY>
  </ResearchProjectDef>

  <ResearchProjectDef>
    <defName>Gunsmithing</defName>
    <label>gunsmithing</label>
    <description>Craft simple manually-operated guns like revolvers, pump shotguns, bolt-action rifles, and incendiary launchers.</description>
    <baseCost>500</baseCost>
    <techLevel>Industrial</techLevel>
    <prerequisites>
      <li>Machining</li>
    </prerequisites>
    <researchViewX>7.00</researchViewX>
    <researchViewY>3.40</researchViewY>
  </ResearchProjectDef>

  <ResearchProjectDef>
    <defName>FlakArmor</defName>
    <label>flak armor</label>
    <description>Craft clothing with metal armor sewn in to resist bullets and explosions. This weighty armor slows movement slightly.</description>
    <baseCost>1200</baseCost>
    <techLevel>Industrial</techLevel>
    <prerequisites>
      <li>Machining</li>
    </prerequisites>
    <hiddenPrerequisites>
      <li>PlateArmor</li>
    </hiddenPrerequisites>
    <researchViewX>7.00</researchViewX>
    <researchViewY>4.10</researchViewY>
  </ResearchProjectDef>

  <ResearchProjectDef>
    <defName>Mortars</defName>
    <label>mortars</label>
    <description>Build mortars which can lob shells long distances - even over walls.</description>
    <baseCost>2000</baseCost>
    <techLevel>Industrial</techLevel>
    <prerequisites>
      <li>Gunsmithing</li>
    </prerequisites>
    <hideWhen>
      <mortarsDisabled>true</mortarsDisabled>
    </hideWhen>
    <researchViewX>8.00</researchViewX>
    <researchViewY>4.10</researchViewY>
  </ResearchProjectDef>

  <ResearchProjectDef>
    <defName>BlowbackOperation</defName>
    <label>blowback operation</label>
    <description>Craft low-power blowback-operated guns like autopistols and machine pistols.</description>
    <baseCost>500</baseCost>
    <techLevel>Industrial</techLevel>
    <prerequisites>
      <li>Gunsmithing</li>
    </prerequisites>
    <researchViewX>8.00</researchViewX>
    <researchViewY>3.40</researchViewY>
  </ResearchProjectDef>

  <ResearchProjectDef>
    <defName>GasOperation</defName>
    <label>gas operation</label>
    <description>Craft high-power guns like chain shotguns, LMGs, and heavy SMGs.</description>
    <baseCost>1000</baseCost>
    <techLevel>Industrial</techLevel>
    <prerequisites>
      <li>BlowbackOperation</li>
    </prerequisites>
    <researchViewX>9.00</researchViewX>
    <researchViewY>3.40</researchViewY>
  </ResearchProjectDef>

  <ResearchProjectDef>
    <defName>GunTurrets</defName>
    <label>gun turrets</label>
    <description>Produce simple automated gun turrets.</description>
    <baseCost>500</baseCost>
    <techLevel>Industrial</techLevel>
    <prerequisites>
      <li>BlowbackOperation</li>
    </prerequisites>
    <hideWhen>
      <turretsDisabled>true</turretsDisabled>
    </hideWhen>
    <researchViewX>9.00</researchViewX>
    <researchViewY>4.10</researchViewY>
  </ResearchProjectDef>

  <ResearchProjectDef>
    <defName>FoamTurret</defName>
    <label>foam turret</label>
    <description>Produce a turret which can be activated to spray fire-extinguishing foam.</description>
    <baseCost>800</baseCost>
    <techLevel>Industrial</techLevel>
    <prerequisites>
      <li>GunTurrets</li>
    </prerequisites>
    <hiddenPrerequisites>
      <li>Firefoam</li>
    </hiddenPrerequisites>
    <hideWhen>
      <turretsDisabled>true</turretsDisabled>
    </hideWhen>
    <researchViewX>10.00</researchViewX>
    <researchViewY>4.80</researchViewY>
  </ResearchProjectDef>

</Defs>
