﻿<?xml version="1.0" encoding="utf-8" ?>
<Defs>

  <ResearchProjectDef>
    <defName>MicroelectronicsBasics</defName>
    <label>microelectronics</label>
    <description>Work with complex microelectronics. This unlocks the hi-tech research bench and comms console.</description>
    <baseCost>3000</baseCost>
    <techLevel>Industrial</techLevel>
    <prerequisites>
      <li>Electricity</li>
    </prerequisites>
    <researchViewX>10.00</researchViewX>
    <researchViewY>2.90</researchViewY>
    <generalRules>
      <rulesStrings>
        <li>subject->microelectronics</li>

        <li>subject_story->moved into the development of microelectronics</li>
        <li>subject_story->constructed the first of many research bench variants</li>
        <li>subject_story->moved from town to town, praising the virtues of pure research</li>

        <li>subject_gerund->crafting microelectronics</li>
      </rulesStrings>
    </generalRules>
  </ResearchProjectDef>

  <ResearchProjectDef>
    <defName>FlatscreenTelevision</defName>
    <label>flatscreen television</label>
    <description>Produce high-resolution flatscreen televisions for greater enjoyment.</description>
    <baseCost>2000</baseCost>
    <techLevel>Industrial</techLevel>
    <prerequisites>
      <li>TubeTelevision</li>
      <li>MicroelectronicsBasics</li>
    </prerequisites>
    <requiredResearchBuilding>HiTechResearchBench</requiredResearchBuilding>
    <researchViewX>11.00</researchViewX>
    <researchViewY>0.80</researchViewY>
    <generalRules>
      <rulesStrings>
        <li>subject->flatscreen televisions</li>

        <li>subject_story->experimented with removing tubes from televisions</li>
        <li>subject_story->agitated for galaxy-wide, high-resolution broadcasts of [tv_content]</li>
          <li>tv_content->soap operas</li>
          <li>tv_content->news programmes</li>
          <li>tv_content->revolutionary propaganda</li>
          <li>tv_content->glitterworld fashion</li>
          <li>tv_content->docartoons</li>
        <li>subject_story->became a television executive, in charge of [tv_content]</li>

        <li>subject_gerund->producing flatscreen televisions</li>
      </rulesStrings>
    </generalRules>
  </ResearchProjectDef>

  <ResearchProjectDef>
    <defName>MoisturePump</defName>
    <label>moisture pump</label>
    <description>Construct moisture pumps, which very slowly normalize the moisture in the ground around them. They can turn wet ground dry and convert soft sand into normal sand.</description>
    <baseCost>1200</baseCost>
    <techLevel>Industrial</techLevel>
    <prerequisites>
      <li>MicroelectronicsBasics</li>
    </prerequisites>
    <hiddenPrerequisites>
      <li>Machining</li>
    </hiddenPrerequisites>
    <requiredResearchBuilding>HiTechResearchBench</requiredResearchBuilding>
    <researchViewX>12.00</researchViewX>
    <researchViewY>0.80</researchViewY>
    <generalRules>
      <rulesStrings>
        <li>subject->moisture pumps</li>

        <li>subject_story->studied the ancient windmill moisture pumps of Earth</li>
        <li>subject_story->drained the great swamps that bred disease</li>
        <li>subject_story->tried to drain the seas, foolishly</li>

        <li>subject_gerund->constructing moisture pumps</li>
      </rulesStrings>
    </generalRules>
  </ResearchProjectDef>

  <ResearchProjectDef>
    <defName>HospitalBed</defName>
    <label>hospital bed</label>
    <description>Construct hospital beds which improve medical outcomes.</description>
    <baseCost>1200</baseCost>
    <techLevel>Industrial</techLevel>
    <prerequisites>
      <li>MicroelectronicsBasics</li>
    </prerequisites>
    <hiddenPrerequisites>
      <li>SterileMaterials</li>
      <li>ComplexFurniture</li>
    </hiddenPrerequisites>
    <requiredResearchBuilding>HiTechResearchBench</requiredResearchBuilding>
    <researchViewX>13.00</researchViewX>
    <researchViewY>1.50</researchViewY>
    <generalRules>
      <rulesStrings>
        <li>subject->hospitalization</li>

        <li>subject_story->oversaw a revolution in the standards of medical care</li>
        <li>subject_story->constructed the first of the system's public hospitals</li>
        <li>subject_story->focused on profit, selling [ANYPAWN_pronoun] superior medical suites to the wealthy</li>

        <li>subject_gerund->constructing hospital beds</li>
      </rulesStrings>
    </generalRules>
  </ResearchProjectDef>

  <ResearchProjectDef>
    <defName>DeepDrilling</defName>
    <label>deep drilling</label>
    <description>Build deep drills for extracting resources from underground. You'll need a ground-penetrating scanner to find the resources.</description>
    <baseCost>1000</baseCost>
    <techLevel>Industrial</techLevel>
    <prerequisites>
      <li>MicroelectronicsBasics</li>
    </prerequisites>
    <requiredResearchBuilding>HiTechResearchBench</requiredResearchBuilding>
    <researchViewX>12.00</researchViewX>
    <researchViewY>2.20</researchViewY>
    <generalRules>
      <rulesStrings>
        <li>subject->deep mining</li>

        <li>subject_story->moved in with a dirtmole-led corp, studying its deepest excavations</li>
        <li>subject_story->drilled down to the ice cap's root to discover the world's extinct prehuman biome</li>
        <li>subject_story->became wealthy from the resources dug out of the world's core</li>

        <li>subject_gerund->mining deeply</li>
      </rulesStrings>
    </generalRules>
  </ResearchProjectDef>

  <ResearchProjectDef>
    <defName>GroundPenetratingScanner</defName>
    <label>ground-penetrating scanner</label>
    <description>Build ground-penetrating scanners that can detect drillable resources under the surface. Requires an advanced component to construct.</description>
    <baseCost>1000</baseCost>
    <techLevel>Industrial</techLevel>
    <prerequisites>
      <li>DeepDrilling</li>
    </prerequisites>
    <requiredResearchBuilding>HiTechResearchBench</requiredResearchBuilding>
    <researchViewX>13.00</researchViewX>
    <researchViewY>2.20</researchViewY>
    <generalRules>
      <rulesStrings>
        <li>subject->geophysics</li>
        <li>subject->ground-penetrating scanners</li>

        <li>subject_story->discovered the bones of ancient giants, far below the planet's surface</li>
        <li>subject_story->stumbled across a rich gold seam whilst scanning for tin and became fabulously wealthy</li>
        <li>subject_story->scanned the ground for ancient minefields, to protect the people</li>

        <li>subject_gerund->constructing geophysical scanners</li>
      </rulesStrings>
    </generalRules>
  </ResearchProjectDef>
  
  <ResearchProjectDef>
    <defName>TransportPod</defName>
    <label>transport pod</label>
    <description>Construct launchable transport pods that you can use to send people and supplies long distances across the planet's surface. Can be used for raiding, travel, sending gifts, and more.</description>
    <baseCost>1000</baseCost>
    <techLevel>Industrial</techLevel>
    <prerequisites>
      <li>MicroelectronicsBasics</li>
    </prerequisites>
    <hiddenPrerequisites>
      <li>BiofuelRefining</li>
      <li>Machining</li>
    </hiddenPrerequisites>
    <requiredResearchBuilding>HiTechResearchBench</requiredResearchBuilding>
    <researchViewX>11.00</researchViewX>
    <researchViewY>2.20</researchViewY>
    <generalRules>
      <rulesStrings>
        <li>subject->transport pods</li>

        <li>subject_story->landed a pod in the middle of a feral tribe and barely escaped alive</li>
        <li>subject_story->spent a fortune sending a transport pod to the object of [ANYPAWN_possessive] affection, carrying a single wedding ring</li>
        <li>subject_story->staved off famine through judicious pod deployment</li>

        <li>subject_gerund->constructing transport pods</li>
      </rulesStrings>
    </generalRules>
  </ResearchProjectDef>

  <ResearchProjectDef>
    <defName>MedicineProduction</defName>
    <label>medicine production</label>
    <description>Produce standard industrial-tech medicine by combining herbal medicine, neutroamine, and cloth.</description>
    <baseCost>1500</baseCost>
    <techLevel>Industrial</techLevel>
    <prerequisites>
      <li>DrugProduction</li>
      <li>MicroelectronicsBasics</li>
    </prerequisites>
    <requiredResearchBuilding>HiTechResearchBench</requiredResearchBuilding>
    <researchViewX>11.00</researchViewX>
    <researchViewY>0.00</researchViewY>
    <generalRules>
      <rulesStrings>
        <li>subject->medical synthesis</li>
        <li>subject->medicine production</li>

        <li>subject_story->researched urbworld medicine, aiming to distribute the knowledge more widely</li>
        <li>subject_story->was puzzled by the origins of neutroamine and determined to find out more</li>
        <li>subject_story->seized the resources of a drug-dealer and produced useful medicines instead</li>

        <li>subject_gerund->producing industrial-tech medicine</li>
      </rulesStrings>
    </generalRules>
  </ResearchProjectDef>

  <ResearchProjectDef>
    <defName>LongRangeMineralScanner</defName>
    <label>long-range mineral scanner</label>
    <description>Construct long-range mineral scanners your researchers can use to detect precious minerals across the planet. Can be tuned to find a specific mineral. Requires advanced components to construct.</description>
    <baseCost>2000</baseCost>
    <techLevel>Industrial</techLevel>
    <prerequisites>
      <li>MicroelectronicsBasics</li>
    </prerequisites>
    <hiddenPrerequisites>
      <li>Machining</li>
    </hiddenPrerequisites>
    <requiredResearchBuilding>HiTechResearchBench</requiredResearchBuilding>
    <researchViewX>12.00</researchViewX>
    <researchViewY>0.00</researchViewY>
    <generalRules>
      <rulesStrings>
        <li>subject->long-range mineral detection</li>

        <li>subject_story->built so many scanners that the planet's entire geology was revealed</li>
        <li>subject_story->discovered with a scanner what the other settlements were mining and made huge profits through trading</li>
        <li>subject_story->mined out the entirety of the planet's jade for religious effigies</li>

        <li>subject_gerund->constructing long-range mineral scanners</li>
      </rulesStrings>
    </generalRules>
  </ResearchProjectDef>

  <ResearchProjectDef>
    <defName>ShieldBelt</defName>
    <label>shields</label>
    <description>Build wearable shield gear. Shields use momentum-repulsion technology to prevent projectiles from traversing the field boundary.</description>
    <baseCost>1000</baseCost>
    <techLevel>Spacer</techLevel>
    <prerequisites>
      <li>MicroelectronicsBasics</li>
    </prerequisites>
    <hiddenPrerequisites>
      <li>ComplexClothing</li>
    </hiddenPrerequisites>
    <requiredResearchBuilding>HiTechResearchBench</requiredResearchBuilding>
    <researchViewX>11.00</researchViewX>
    <researchViewY>1.50</researchViewY>
    <generalRules>
      <rulesStrings>
        <li>subject->personal shielding</li>

        <li>subject_story->survived an assassination attempt, thanks to a prototype shield</li>
        <li>subject_story->hustled at billiards, using a hidden momentum repeller</li>
        <li>subject_story->killed an enemy by advancing a blade slowly enough to bypass their shield</li>

        <li>subject_gerund->crafting personal shields</li>
      </rulesStrings>
    </generalRules>
  </ResearchProjectDef>

  <!--===================== Machining and its children sub-tier ======================-->

 <ResearchProjectDef>
    <defName>PrecisionRifling</defName>
    <label>precision rifling</label>
    <description>Craft precisely-machined guns like assault rifles and sniper rifles.</description>
    <baseCost>1400</baseCost>
    <techLevel>Industrial</techLevel>
    <prerequisites>
      <li>GasOperation</li>
      <li>MicroelectronicsBasics</li>
    </prerequisites>
    <requiredResearchBuilding>HiTechResearchBench</requiredResearchBuilding>
   <researchViewX>11.00</researchViewX>
   <researchViewY>3.60</researchViewY>
   <generalRules>
     <rulesStrings>
       <li>subject->rifles</li>

        <li>subject_story->improved the tolerances of a foundry's processes, enabling the production of quality rifling</li>
        <li>subject_story->was hunted by neanderthals but constructed a sniper rifle to safely kill their leader</li>
        <li>subject_story->became briefly famous for shooting an ambrosia fruit out of the overlord's hand</li>

        <li>subject_gerund->crafting rifles</li>
     </rulesStrings>
   </generalRules>
  </ResearchProjectDef>

  <ResearchProjectDef>
    <defName>HeavyTurrets</defName>
    <label>autocannon turret</label>
    <description>Produce the heavy autocannon turret.</description>
    <baseCost>1600</baseCost>
    <techLevel>Industrial</techLevel>
    <prerequisites>
      <li>GunTurrets</li>
      <li>GasOperation</li>
      <li>MicroelectronicsBasics</li>
    </prerequisites>
    <requiredResearchBuilding>HiTechResearchBench</requiredResearchBuilding>
    <hideWhen>
      <turretsDisabled>true</turretsDisabled>
    </hideWhen>
    <researchViewX>11.00</researchViewX>
    <researchViewY>3.10</researchViewY>
    <generalRules>
      <rulesStrings>
        <li>subject->autocannon turrets</li>

        <li>subject_story->held off a cultist assault alone, hiding behind a wall of turrets</li>
        <li>subject_story->was hired to establish a defensive perimeter of sandbags and turrets for the locals</li>
        <li>subject_story->built turret after turret, never asking who was buying them</li>

        <li>subject_gerund->crafting heavy autocannon turrets</li>
      </rulesStrings>
    </generalRules>
  </ResearchProjectDef>

  <ResearchProjectDef>
    <defName>MultibarrelWeapons</defName>
    <label>multibarrel weapons</label>
    <description>Assemble miniguns.</description>
    <baseCost>2600</baseCost>
    <techLevel>Industrial</techLevel>
    <prerequisites>
      <li>GasOperation</li>
      <li>MicroelectronicsBasics</li>
    </prerequisites>
    <requiredResearchBuilding>HiTechResearchBench</requiredResearchBuilding>
    <researchViewX>11.00</researchViewX>
    <researchViewY>4.10</researchViewY>
    <generalRules>
      <rulesStrings>
        <li>subject->miniguns</li>

        <li>subject_story->constructed a unique portable minigun, which was the only thing found after the squad's disappearance</li>
        <li>subject_story->designed massive hoppers to ensure the minigun ammo didn't run out</li>
        <li>subject_story->built guns explicitly to kill every last person in a room</li>

        <li>subject_gerund->crafting multibarrel weapons</li>
      </rulesStrings>
    </generalRules>
  </ResearchProjectDef>

</Defs>
