<?xml version="1.0" encoding="utf-8" ?>
<Defs> 

  <RuleDef>
    <defName>AncientComplex</defName>
    <symbol>ancientComplex</symbol>
    <resolvers>
      <li Class="SymbolResolver_AncientComplex">
        <minRectSize>(18, 18)</minRectSize>
      </li>
    </resolvers>
  </RuleDef>

  <RuleDef>
    <defName>AncientComplexDefences</defName>
    <symbol>ancientComplexDefences</symbol>
    <resolvers>
      <li Class="SymbolResolver_AncientComplex_Defences">
        <minRectSize>(10, 10)</minRectSize>
      </li>
    </resolvers>
  </RuleDef>

</Defs>
