﻿<?xml version="1.0" encoding="utf-8"?>
<Defs>

  <!-- Gun -->
 
  <WeaponTraitDef>
    <defName>QuickReload</defName>
    <label>quick reload</label>
    <description>This weapon has a quick release-and-replace mechanism that makes it faster to reload.</description>
    <commonality>1</commonality>
    <weaponCategory>Gun</weaponCategory>
    <statOffsets>
      <MarketValue>50</MarketValue>
    </statOffsets>
    <statFactors>
      <RangedWeapon_Cooldown>0.8</RangedWeapon_Cooldown>
    </statFactors>
    <traitAdjectives>
      <li>quick</li>
      <li>nimble</li>
      <li>quickload</li>
      <li>quickshot</li>
      <li>fastload</li>
    </traitAdjectives>
  </WeaponTraitDef>

  <WeaponTraitDef>
    <defName>AimAssistance</defName>
    <label>aim assistance</label>
    <description>This weapon contains a rudimentary aim assistant computer which helps track targets, increasing accuracy at all ranges. The device can account for environmental challenges, allowing the weapon to ignore the accuracy penalty from bad weather and smoke.</description>
    <commonality>1</commonality>
    <weaponCategory>Gun</weaponCategory>
    <statFactors>
      <AccuracyTouch>1.2</AccuracyTouch>
      <AccuracyShort>1.2</AccuracyShort>
      <AccuracyMedium>1.2</AccuracyMedium>
      <AccuracyLong>1.2</AccuracyLong>
    </statFactors>
    <statOffsets>
      <MarketValue>70</MarketValue>
    </statOffsets>
    <traitAdjectives>
      <li>seeking</li>
      <li>accurate</li>
      <li>precise</li>
      <li>auto-aim</li>
      <li>self-aim</li>
    </traitAdjectives>
    <ignoresAccuracyMaluses>true</ignoresAccuracyMaluses>
  </WeaponTraitDef>
  
  <WeaponTraitDef>
    <defName>CustomGrip</defName>
    <label>custom grip</label>
    <description>This weapon contains a customized grip that handles recoil better, improving accuracy at short range. It looks cool too.</description>
    <commonality>1</commonality>
    <canGenerateAlone>false</canGenerateAlone>
    <weaponCategory>Gun</weaponCategory>
    <statFactors>
      <AccuracyTouch>1.1</AccuracyTouch>
      <AccuracyShort>1.1</AccuracyShort>
    </statFactors>
    <statOffsets>
      <Beauty>2</Beauty>
      <MarketValue>15</MarketValue>
    </statOffsets>
    <traitAdjectives>
      <li>custom</li>
      <li>customized</li>
      <li>gripped</li>
      <li>hi-grip</li>
    </traitAdjectives>
  </WeaponTraitDef>
  
  <!-- Pistol -->
  
  <WeaponTraitDef>
    <defName>StabilizerBrace</defName>
    <label>pistol brace</label>
    <description>This weapon has a stabilizing brace that connects to the user's arm, increasing its accuracy.</description>
    <commonality>1</commonality>
    <weaponCategory>Pistol</weaponCategory>
    <statFactors>
      <AccuracyTouch>1.2</AccuracyTouch>
      <AccuracyShort>1.2</AccuracyShort>
      <AccuracyMedium>1.2</AccuracyMedium>
      <AccuracyLong>1.2</AccuracyLong>
    </statFactors>
    <statOffsets>
      <MarketValue>35</MarketValue>
    </statOffsets>
    <traitAdjectives>
      <li>stable</li>
      <li>accurate</li>
      <li>precise</li>
      <li>braced</li>
    </traitAdjectives>
  </WeaponTraitDef>
  
  <WeaponTraitDef>
    <defName>PulseCharger</defName>
    <label>pulse charger</label>
    <description>This weapon is retrofitted with pulse-charge technology, imbuing bullets with unstable energy. The weapon was clearly not designed for this, dramatically lowering its accuracy.</description>
    <commonality>1</commonality>
    <weaponCategory>Pistol</weaponCategory> <!-- limited to pistols for balance reasons -->
    <statFactors>
      <AccuracyTouch>0.8</AccuracyTouch>
      <AccuracyShort>0.8</AccuracyShort>
      <AccuracyMedium>0.8</AccuracyMedium>
      <AccuracyLong>0.8</AccuracyLong>
    </statFactors>
    <statOffsets>
      <RangedWeapon_DamageMultiplier>0.6</RangedWeapon_DamageMultiplier>
      <RangedWeapon_ArmorPenetrationMultiplier>0.3</RangedWeapon_ArmorPenetrationMultiplier>
      <MarketValue>80</MarketValue>
    </statOffsets>
    <traitAdjectives>
      <li>charged-shot</li>
      <li>charged</li>
      <li>pulse-charged</li>
    </traitAdjectives>
  </WeaponTraitDef>
  
  <!-- Bullet Firing -->

  <WeaponTraitDef>
    <defName>ToxRounds</defName>
    <label>tox rounds</label>
    <description>This weapon fires rounds coated with toxic chemicals, which sicken wounded targets.</description>
    <commonality>1</commonality>
    <weaponCategory>BulletFiring</weaponCategory>
    <exclusionTags>
      <li>AmmoType</li>
      <li>Color</li>
    </exclusionTags>
    <forcedColor>UniqueWeapon_Tox</forcedColor>
    <damageDefOverride>Bullet_TraitTox</damageDefOverride>
    <statOffsets>
      <MarketValue>50</MarketValue>
    </statOffsets>
    <traitAdjectives>
      <li>green</li>
      <li>poison</li>
      <li>venom</li>
      <li>venomous</li>
      <li>snakebite</li>
    </traitAdjectives>
  </WeaponTraitDef>

  <WeaponTraitDef>
    <defName>PiercingRounds</defName>
    <label>piercing rounds</label>
    <description>This weapon fires rounds designed to penetrate thick armor.</description>
    <commonality>1</commonality>
    <weaponCategory>BulletFiring</weaponCategory>
    <exclusionTags>
      <li>AmmoType</li>
    </exclusionTags>
    <statOffsets>
      <RangedWeapon_ArmorPenetrationMultiplier>0.2</RangedWeapon_ArmorPenetrationMultiplier>
      <MarketValue>40</MarketValue>
    </statOffsets>
    <traitAdjectives>
      <li>piercing</li>
      <li>sharp</li>
      <li>sabot</li>
      <li>penetrating</li>
    </traitAdjectives>
  </WeaponTraitDef>

  <WeaponTraitDef>
    <defName>IncendiaryRounds</defName>
    <label>incendiary rounds</label>
    <description>This weapon fires ammunition that contains a flammable chemical. It has a chance to ignite targets.</description>
    <commonality>1</commonality>
    <weaponCategory>BulletFiring</weaponCategory>
    <exclusionTags>
      <li>AmmoType</li>
      <li>Color</li>
    </exclusionTags>
    <forcedColor>UniqueWeapon_Fire</forcedColor>
    <damageDefOverride>Bullet_TraitIncendiary</damageDefOverride>
    <statOffsets>
      <MarketValue>90</MarketValue>
    </statOffsets>
    <traitAdjectives>
      <li>red</li>
      <li>fiery</li>
      <li>flaming</li>
      <li>burning</li>
      <li>hot</li>
      <li>igniting</li>
      <li>napalm</li>
    </traitAdjectives>
  </WeaponTraitDef>

  <WeaponTraitDef>
    <defName>EMPRounds</defName>
    <label>EMP rounds</label>
    <description>This weapon fires rounds with embedded EMP capacitors, which will temporarily disable electronics and mechanoids.</description>
    <commonality>1</commonality>
    <weaponCategory>BulletFiring</weaponCategory>
    <exclusionTags>
      <li>AmmoType</li>
      <li>Color</li>
    </exclusionTags>
    <forcedColor>UniqueWeapon_EMP</forcedColor>
    <extraDamages>
      <li>
        <def>EMP</def>
        <amount>4</amount>
      </li>
    </extraDamages>
    <statOffsets>
      <MarketValue>75</MarketValue>
    </statOffsets>
    <traitAdjectives>
      <li>EMP</li>
      <li>electric</li>
      <li>shocking</li>
      <li>sparky</li>
      <li>zapping</li>
    </traitAdjectives>
  </WeaponTraitDef>

  <WeaponTraitDef>
    <defName>HollowPointRounds</defName>
    <label>hollow-point rounds</label>
    <description>This weapon fires bullets that expand on impact, dealing more damage than normal.</description>
    <commonality>1</commonality>
    <weaponCategory>BulletFiring</weaponCategory>
    <exclusionTags>
      <li>AmmoType</li>
    </exclusionTags>
    <statOffsets>
      <RangedWeapon_DamageMultiplier>0.2</RangedWeapon_DamageMultiplier>
      <MarketValue>85</MarketValue>
    </statOffsets>
    <traitAdjectives>
      <li>shredding</li>
      <li>hollowpoint</li>
      <li>hardpunch</li>
      <li>meatrip</li>
      <li>grinder</li>
    </traitAdjectives>
  </WeaponTraitDef>
  
  <WeaponTraitDef>
    <defName>HighPowerRounds</defName>
    <label>high-power rounds</label>
    <description>Special ammunition makes this weapon more powerful than normal. The heavy recoil makes it less accurate.</description>
    <commonality>1</commonality>
    <weaponCategory>BulletFiring</weaponCategory>
    <exclusionTags>
      <li>AmmoType</li>
    </exclusionTags>
    <statOffsets>
      <RangedWeapon_DamageMultiplier>0.3</RangedWeapon_DamageMultiplier>
      <RangedWeapon_ArmorPenetrationMultiplier>0.15</RangedWeapon_ArmorPenetrationMultiplier>
      <MarketValue>60</MarketValue>
    </statOffsets>
    <statFactors>
      <AccuracyTouch>0.9</AccuracyTouch>
      <AccuracyShort>0.9</AccuracyShort>
      <AccuracyMedium>0.9</AccuracyMedium>
      <AccuracyLong>0.9</AccuracyLong>
    </statFactors>
    <traitAdjectives>
      <li>atlas</li>
      <li>hi-power</li>
      <li>heavy-shot</li>
      <li>hardpunch</li>
      <li>heavy-hit</li>
    </traitAdjectives>
  </WeaponTraitDef>

  <!-- Pellet Firing -->

  <WeaponTraitDef>
    <defName>ToxPellets</defName>
    <label>toxic pellets</label>
    <description>This weapon fires chemical pellets which cause toxic buildup.</description>
    <commonality>1</commonality>
    <weaponCategory>PelletFiring</weaponCategory>
    <exclusionTags>
      <li>AmmoType</li>
      <li>Color</li>
    </exclusionTags>
    <forcedColor>UniqueWeapon_Tox</forcedColor>
    <damageDefOverride>Bullet_TraitTox</damageDefOverride>
    <statOffsets>
      <MarketValue>50</MarketValue>
    </statOffsets>
    <traitAdjectives>
      <li>green</li>
      <li>toxic</li>
      <li>poisonous</li>
      <li>poison</li>
    </traitAdjectives>
  </WeaponTraitDef>
  
  <WeaponTraitDef>
    <defName>IncendiaryPellets</defName>
    <label>incendiary pellets</label>
    <description>This weapon fires phosphorus pellets that have a chance to ignite targets.</description>
    <commonality>1</commonality>
    <weaponCategory>PelletFiring</weaponCategory>
    <exclusionTags>
      <li>AmmoType</li>
      <li>Color</li>
    </exclusionTags>
    <forcedColor>UniqueWeapon_Fire</forcedColor>
    <damageDefOverride>Bullet_TraitIncendiary</damageDefOverride>
    <statOffsets>
      <MarketValue>100</MarketValue>
    </statOffsets>
    <traitAdjectives>
      <li>red</li>
      <li>fiery</li>
      <li>flaming</li>
      <li>burning</li>
      <li>hot</li>
      <li>volcanic</li>
      <li>promethean</li>
    </traitAdjectives>
  </WeaponTraitDef>
  
  <WeaponTraitDef>
    <defName>BirdshotPellets</defName>
    <label>birdshot pellets</label>
    <description>This weapon fires shells containing smaller pellets than normal. It's much more accurate at close range, but less effective at long range.</description>
    <commonality>1</commonality>
    <weaponCategory>PelletFiring</weaponCategory>
    <canGenerateAlone>false</canGenerateAlone>
    <exclusionTags>
      <li>AmmoType</li>
    </exclusionTags>
    <statOffsets>
      <MarketValue>10</MarketValue>
      <RangedWeapon_ArmorPenetrationMultiplier>-0.25</RangedWeapon_ArmorPenetrationMultiplier>
    </statOffsets>
    <statFactors>
      <AccuracyTouch>1.3</AccuracyTouch>
      <AccuracyShort>1.2</AccuracyShort>
      <AccuracyMedium>0.95</AccuracyMedium>
      <AccuracyLong>0.9</AccuracyLong>
    </statFactors>
    <traitAdjectives>
      <li>birdshot</li>
      <li>nearshot</li>
    </traitAdjectives>
  </WeaponTraitDef>

  <!-- Bow -->

  <WeaponTraitDef>
    <defName>PiercingArrows</defName>
    <label>piercing arrows</label>
    <description>This bow shoots bodkin-tipped arrows, making it more effective against armored targets.</description>
    <commonality>1</commonality>
    <weaponCategory>Bow</weaponCategory>
    <exclusionTags>
      <li>AmmoType</li>
    </exclusionTags>
    <statOffsets>
      <RangedWeapon_ArmorPenetrationMultiplier>0.3</RangedWeapon_ArmorPenetrationMultiplier>
      <MarketValue>40</MarketValue>
    </statOffsets>
    <traitAdjectives>
      <li>piercing</li>
      <li>sharp</li>
      <li>penetrating</li>
      <li>bodkin</li>
      <li>anti-armor</li>
    </traitAdjectives>
  </WeaponTraitDef>

  <WeaponTraitDef>
    <defName>ParalyticArrows</defName>
    <label>paralytic arrows</label>
    <description>This bow shoots arrows embedded with a paralytic biotoxin, which briefly stuns targets.</description>
    <commonality>1</commonality>
    <weaponCategory>Bow</weaponCategory>
    <exclusionTags>
      <li>AmmoType</li>
    </exclusionTags>
    <damageDefOverride>Nerve</damageDefOverride>
    <statOffsets>
      <MarketValue>80</MarketValue>
    </statOffsets>
    <traitAdjectives>
      <li>paralyzing</li>
      <li>paralytic</li>
      <li>stunning</li>
    </traitAdjectives>
  </WeaponTraitDef>

  <WeaponTraitDef>
    <defName>BroadheadArrows</defName>
    <label>broadhead arrows</label>
    <description>This bow shoots arrows tipped with sharp blades, increasing its damage.</description>
    <commonality>1</commonality>
    <weaponCategory>Bow</weaponCategory>
    <exclusionTags>
      <li>AmmoType</li>
    </exclusionTags>
    <statOffsets>
      <RangedWeapon_DamageMultiplier>0.3</RangedWeapon_DamageMultiplier>
      <MarketValue>60</MarketValue>
    </statOffsets>
    <traitAdjectives>
      <li>strong</li>
      <li>broadhead</li>
    </traitAdjectives>
  </WeaponTraitDef>

  <WeaponTraitDef>
    <defName>LightweightArrows</defName>
    <label>lightweight arrows</label>
    <description>This bow is adept at firing lightweight arrows. They fly farther but deal less damage.</description>
    <commonality>1</commonality>
    <weaponCategory>Bow</weaponCategory>
    <exclusionTags>
      <li>AmmoType</li>
    </exclusionTags>
    <statOffsets>
      <RangedWeapon_RangeMultiplier>0.3</RangedWeapon_RangeMultiplier>
      <RangedWeapon_DamageMultiplier>-0.1</RangedWeapon_DamageMultiplier>
      <MarketValue>30</MarketValue>
    </statOffsets>
    <traitAdjectives>
      <li>light</li>
      <li>longreach</li>
    </traitAdjectives>
  </WeaponTraitDef>

  <WeaponTraitDef>
    <defName>ReinforcedLimbs</defName>
    <label>reinforced bow limbs</label>
    <description>The limbs of this bow have been strengthened, allowing it to shoot further.</description>
    <commonality>1</commonality>
    <weaponCategory>Bow</weaponCategory>
    <statOffsets>
      <RangedWeapon_RangeMultiplier>0.15</RangedWeapon_RangeMultiplier>
      <MarketValue>30</MarketValue>
    </statOffsets>
    <traitAdjectives>
      <li>reinforced</li>
    </traitAdjectives>
  </WeaponTraitDef>

  <!-- Rifles -->

  <WeaponTraitDef>
    <defName>ExtendedBarrel</defName>
    <label>extended barrel</label>
    <description>This weapon has a longer range than normal.</description>
    <commonality>1</commonality>
    <weaponCategory>Rifle</weaponCategory>
    <exclusionTags>
      <li>Barrel</li>
    </exclusionTags>
    <statOffsets>
      <RangedWeapon_RangeMultiplier>0.2</RangedWeapon_RangeMultiplier>
      <MarketValue>60</MarketValue>
    </statOffsets>
    <traitAdjectives>
      <li>long</li>
      <li>extended</li>
    </traitAdjectives>
  </WeaponTraitDef>

  <!-- Sighted -->

  <WeaponTraitDef>
    <defName>ImprovedSights</defName>
    <label>tactical sight</label>
    <description>This weapon has a custom sight, increasing its accuracy at long range.</description>
    <commonality>1</commonality>
    <weaponCategory>Sighted</weaponCategory>
    <exclusionTags>
      <li>Sights</li>
    </exclusionTags>
    <statFactors>
      <AccuracyMedium>1.2</AccuracyMedium>
      <AccuracyLong>1.2</AccuracyLong>
    </statFactors>
    <statOffsets>
      <MarketValue>35</MarketValue>
    </statOffsets>
    <traitAdjectives>
      <li>accurate</li>
      <li>precise</li>
      <li>sniper</li>
    </traitAdjectives>
  </WeaponTraitDef>

  <WeaponTraitDef>
    <defName>ShoddySights</defName>
    <label>shoddy sights</label>
    <description>Defects in this weapon's sights decrease its accuracy at long ranges.</description>
    <commonality>1</commonality>
    <canGenerateAlone>false</canGenerateAlone>
    <weaponCategory>Sighted</weaponCategory>
    <exclusionTags>
      <li>Sights</li>
    </exclusionTags>
    <statFactors>
      <MarketValue>0.85</MarketValue>
      <AccuracyMedium>0.8</AccuracyMedium>
      <AccuracyLong>0.8</AccuracyLong>
    </statFactors>
    <traitAdjectives>
      <li>inaccurate</li>
      <li>imprecise</li>
    </traitAdjectives>
  </WeaponTraitDef>

  <!-- Scoped -->

  <WeaponTraitDef>
    <defName>PrecisionScope</defName>
    <label>tracking scope</label>
    <description>This weapon's scope uses target recognition software to automate target tracking, making it faster to fire.</description>
    <commonality>1</commonality>
    <weaponCategory>Scoped</weaponCategory>
    <exclusionTags>
      <li>Scope</li>
    </exclusionTags>
    <statOffsets>
      <RangedWeapon_WarmupMultiplier>-0.25</RangedWeapon_WarmupMultiplier>
      <MarketValue>60</MarketValue>
    </statOffsets>
    <traitAdjectives>
      <li>trackscope</li>
      <li>fastfire</li>
    </traitAdjectives>
  </WeaponTraitDef>

  <WeaponTraitDef>
    <defName>RangefinderScope</defName>
    <label>rangefinder</label>
    <description>This weapon's scope contains an advanced rangefinder, allowing it to fire further.</description>
    <commonality>1</commonality>
    <weaponCategory>Scoped</weaponCategory>
    <exclusionTags>
      <li>Scope</li>
    </exclusionTags>
    <statOffsets>
      <RangedWeapon_RangeMultiplier>0.1</RangedWeapon_RangeMultiplier>
      <MarketValue>20</MarketValue>
    </statOffsets>
    <traitAdjectives>
      <li>eagle</li>
      <li>farsight</li>
    </traitAdjectives>
  </WeaponTraitDef>

  <!-- Shotgun -->

  <WeaponTraitDef>
    <defName>ShortenedBarrel</defName>
    <label>shortened barrel</label>
    <description>This weapon's barrel has been sawn off, reducing its range but making it quicker to aim and fire.</description>
    <commonality>1</commonality>
    <weaponCategory>Shotgun</weaponCategory>
    <exclusionTags>
      <li>Barrel</li>
    </exclusionTags>
    <statOffsets>
      <RangedWeapon_WarmupMultiplier>-0.2</RangedWeapon_WarmupMultiplier>
      <RangedWeapon_RangeMultiplier>-0.2</RangedWeapon_RangeMultiplier>
    </statOffsets>
    <traitAdjectives>
      <li>shortened</li>
      <li>sawn-off</li>
    </traitAdjectives>
  </WeaponTraitDef>

  <!-- Burst Fire -->

  <WeaponTraitDef>
    <defName>RapidFire</defName>
    <label>rapid fire</label>
    <description>This weapon contains an improved self-loading mechanism. When firing bursts of multiple rounds, the time between each round is dramatically reduced.</description>
    <commonality>1</commonality>
    <weaponCategory>BurstFire</weaponCategory>
    <burstShotSpeedMultiplier>2</burstShotSpeedMultiplier>
    <statOffsets>
      <MarketValue>15</MarketValue>
    </statOffsets>
    <traitAdjectives>
      <li>rapid</li>
      <li>burst</li>
      <li>rapid-fire</li>
    </traitAdjectives>
  </WeaponTraitDef>

  <WeaponTraitDef>
    <defName>ExtendedMagazine</defName>
    <label>extended magazine</label>
    <description>This weapon fires 50% more shots in a single burst than normal.</description>
    <commonality>1</commonality>
    <weaponCategory>BurstFire</weaponCategory>
    <burstShotCountMultiplier>1.5</burstShotCountMultiplier>
    <statOffsets>
      <MarketValue>60</MarketValue>
    </statOffsets>
    <traitAdjectives>
      <li>high-capacity</li>
      <li>extendo-clip</li>
    </traitAdjectives>
  </WeaponTraitDef>

  <!-- Pulse-charged -->
  
  <WeaponTraitDef>
    <defName>ChargeCapacitor</defName>
    <label>charge capacitor</label>
    <description>This weapon amplifies pulse-charge technology with a massive capacitor, increasing damage and armor penetration.</description>
    <commonality>1</commonality>
    <weaponCategory>PulseCharge</weaponCategory>
    <statOffsets>
      <RangedWeapon_ArmorPenetrationMultiplier>0.2</RangedWeapon_ArmorPenetrationMultiplier>
      <RangedWeapon_DamageMultiplier>0.35</RangedWeapon_DamageMultiplier>
      <MarketValue>120</MarketValue>
    </statOffsets>
    <traitAdjectives>
      <li>overcharged</li>
    </traitAdjectives>
  </WeaponTraitDef>

  <WeaponTraitDef>
    <defName>EMPPulser</defName>
    <label>EMP pulser</label>
    <description>This weapon can emit a burst of energy centered on the user. The burst will stun nearby electronic targets like mechanoids or turrets. Once used, the pulser takes some time to recharge.</description>
    <commonality>0.5</commonality>
    <weaponCategory>PulseCharge</weaponCategory>
    <traitAdjectives>
      <li>pulse</li>
      <li>EMP</li>
    </traitAdjectives>
    <statOffsets>
      <MarketValue>80</MarketValue>
    </statOffsets>
    <exclusionTags>
      <li>Ability</li>
    </exclusionTags>
    <abilityProps>
      <abilityDef>EMPPulse</abilityDef>
    </abilityProps>
  </WeaponTraitDef>

  <!-- Beam weapons -->

  <WeaponTraitDef>
    <defName>FrequencyAmplifier</defName>
    <label>frequency amplifier</label>
    <description>This weapon passes the beam through a crystal amplifier, dramatically increasing the weapon's damage and range. The weapon needs to cool down between uses.</description>
    <commonality>1</commonality>
    <weaponCategory>BeamWeapon</weaponCategory>
    <statOffsets>
      <RangedWeapon_RangeMultiplier>0.3</RangedWeapon_RangeMultiplier>
      <RangedWeapon_DamageMultiplier>0.5</RangedWeapon_DamageMultiplier>
      <MarketValue>120</MarketValue>
    </statOffsets>
    <statFactors>
      <RangedWeapon_Cooldown>1.5</RangedWeapon_Cooldown>
    </statFactors>
    <traitAdjectives>
      <li>amplified</li>
    </traitAdjectives>
  </WeaponTraitDef>

  <!-- Low Stopping Power -->

  <WeaponTraitDef>
    <defName>OversizedRounds</defName>
    <label>heavy rounds</label>
    <description>This weapon deals more damage and has a much higher stopping power than normal.</description>
    <commonality>1</commonality>
    <weaponCategory>LowStoppingPower</weaponCategory>
    <exclusionTags>
      <li>AmmoType</li>
    </exclusionTags>
    <additionalStoppingPower>2</additionalStoppingPower>
    <statOffsets>
      <RangedWeapon_DamageMultiplier>0.1</RangedWeapon_DamageMultiplier>
      <MarketValue>50</MarketValue>
    </statOffsets>
    <traitAdjectives>
      <li>hammering</li>
      <li>forceful</li>
      <li>oversized</li>
      <li>knockout</li>
    </traitAdjectives>
  </WeaponTraitDef>

  <!-- Generic Ranged -->

  <WeaponTraitDef>
    <defName>Ornamental</defName>
    <label>ornamental</label>
    <description>This weapon was crafted for aesthetics over functionality. It deals less damage but looks great.</description>
    <commonality>0.5</commonality>
    <canGenerateAlone>false</canGenerateAlone>
    <weaponCategory>Ranged</weaponCategory>
    <exclusionTags>
      <li>Appearance</li>
    </exclusionTags>
    <statOffsets>
      <RangedWeapon_DamageMultiplier>-0.15</RangedWeapon_DamageMultiplier>
      <Beauty>5</Beauty>
      <MarketValue>40</MarketValue>
    </statOffsets>
    <traitAdjectives>
      <li>beautiful</li>
      <li>elegant</li>
      <li>ornamental</li>
    </traitAdjectives>
  </WeaponTraitDef>
  
  <WeaponTraitDef>
    <defName>Ugly</defName>
    <label>ugly</label>
    <description>This weapon was crafted with no respect for aesthetics. It looks like junk but gets the job done. Traders will pay less for it.</description>
    <commonality>0.5</commonality>
    <canGenerateAlone>false</canGenerateAlone>
    <weaponCategory>Ranged</weaponCategory>
    <exclusionTags>
      <li>Appearance</li>
    </exclusionTags>
    <statOffsets>
      <Beauty>-4</Beauty>
    </statOffsets>
    <statFactors>
      <MarketValue>0.8</MarketValue>
    </statFactors>
    <traitAdjectives>
      <li>monstrous</li>
      <li>crude</li>
      <li>ugly</li>
    </traitAdjectives>
  </WeaponTraitDef>

  <WeaponTraitDef>
    <defName>Lightweight</defName>
    <label>lightweight</label>
    <description>This weapon is much lighter than normal, lowering its aiming time.</description>
    <commonality>1</commonality>
    <weaponCategory>Ranged</weaponCategory>
    <exclusionTags>
      <li>Weight</li>
    </exclusionTags>
    <statOffsets>
      <RangedWeapon_WarmupMultiplier>-0.2</RangedWeapon_WarmupMultiplier>
      <MarketValue>80</MarketValue>
    </statOffsets>
    <statFactors>
      <Mass>0.75</Mass>
    </statFactors>
    <traitAdjectives>
      <li>light</li>
      <li>quickdraw</li>
    </traitAdjectives>
  </WeaponTraitDef>

  <WeaponTraitDef>
    <defName>Cumbersome</defName>
    <label>cumbersome</label>
    <description>This weapon is unwieldy to use, making it slower to aim.</description>
    <commonality>1</commonality>
    <canGenerateAlone>false</canGenerateAlone>
    <weaponCategory>Ranged</weaponCategory>
    <exclusionTags>
      <li>Weight</li>
    </exclusionTags>
    <statOffsets>
      <RangedWeapon_WarmupMultiplier>0.2</RangedWeapon_WarmupMultiplier>
    </statOffsets>
    <statFactors>
      <MarketValue>0.8</MarketValue>
    </statFactors>
    <traitAdjectives>
      <li>cumbersome</li>
      <li>bulky</li>
      <li>awkward</li>
    </traitAdjectives>
  </WeaponTraitDef>

  <WeaponTraitDef>
    <defName>GoldInlay</defName>
    <label>gold inlay</label>
    <description>This weapon is inlaid with gold. Traders will pay more for it.</description>
    <commonality>0.5</commonality>
    <canGenerateAlone>false</canGenerateAlone>
    <weaponCategory>Ranged</weaponCategory>
    <exclusionTags>
      <li>Color</li>
    </exclusionTags>
    <forcedColor>UniqueWeapon_Gold</forcedColor> <!-- Gold -->
    <statOffsets>
      <Beauty>20</Beauty>
    </statOffsets>
    <statFactors>
      <MarketValue>2</MarketValue>
    </statFactors>
    <traitAdjectives>
      <li>gold</li>
      <li>golden</li>
    </traitAdjectives>
  </WeaponTraitDef>

  <WeaponTraitDef>
    <defName>JadeInlay</defName>
    <label>jade inlay</label>
    <description>This weapon is adorned with jade. Traders will pay more for it.</description>
    <commonality>0.5</commonality>
    <canGenerateAlone>false</canGenerateAlone>
    <weaponCategory>Ranged</weaponCategory>
    <exclusionTags>
      <li>Color</li>
    </exclusionTags>
    <forcedColor>UniqueWeapon_Jade</forcedColor> <!-- Jade -->
    <statOffsets>
      <Beauty>10</Beauty>
    </statOffsets>
    <statFactors>
      <MarketValue>1.4</MarketValue>
    </statFactors>
    <traitAdjectives>
      <li>jade</li>
    </traitAdjectives>
  </WeaponTraitDef>

  <!-- Attachments -->

  <WeaponTraitDef>
    <defName>GrenadeLauncher</defName>
    <label>grenade launcher</label>
    <description>This weapon has an attached frag grenade launcher. Once fired, it must be reloaded using steel.</description>
    <commonality>0.5</commonality>
    <weaponCategory>Attachable</weaponCategory>
    <exclusionTags>
      <li>Attachment</li>
      <li>Ability</li>
    </exclusionTags>
    <traitAdjectives>
      <li>explosive</li>
    </traitAdjectives>
    <statOffsets>
      <MarketValue>80</MarketValue>
    </statOffsets>
    <abilityProps>
      <abilityDef>LaunchFragGrenade</abilityDef>
      <maxCharges>1</maxCharges>
      <soundReload>Standard_Reload</soundReload>
      <chargeNoun>grenade</chargeNoun>
      <ammoDef>Steel</ammoDef>
      <ammoCountPerCharge>25</ammoCountPerCharge>
      <baseReloadTicks>60</baseReloadTicks>
    </abilityProps>
  </WeaponTraitDef>

  <WeaponTraitDef>
    <defName>EMPLauncher</defName>
    <label>EMP cannon</label>
    <description>This weapon has an attached EMP shell launcher. The shell emits a burst of electromagnetic energy that stuns electronic targets like turrets and mechanoids. Once fired, it must be reloaded using steel.</description>
    <commonality>0.5</commonality>
    <weaponCategory>Attachable</weaponCategory>
    <exclusionTags>
      <li>Attachment</li>
      <li>Ability</li>
    </exclusionTags>
    <traitAdjectives>
      <li>EMP</li>
      <li>disabling</li>
      <li>stunning</li>
    </traitAdjectives>
    <statOffsets>
      <MarketValue>60</MarketValue>
    </statOffsets>
    <abilityProps>
      <abilityDef>LaunchEMPShell</abilityDef>
      <maxCharges>2</maxCharges>
      <soundReload>Standard_Reload</soundReload>
      <chargeNoun>shell</chargeNoun>
      <ammoDef>Steel</ammoDef>
      <ammoCountPerCharge>15</ammoCountPerCharge>
      <baseReloadTicks>60</baseReloadTicks>
    </abilityProps>
  </WeaponTraitDef>

  <WeaponTraitDef>
    <defName>SmokeLauncher</defName>
    <label>smoke launcher</label>
    <description>This weapon has an attached smoke shell launcher. The shell releases smoke that obscures incoming shots and prevents turrets from locking on. Once fired, it must be reloaded using steel.</description>
    <commonality>0.5</commonality>
    <weaponCategory>Attachable</weaponCategory>
    <exclusionTags>
      <li>Attachment</li>
      <li>Ability</li>
    </exclusionTags>
    <traitAdjectives>
      <li>smoke</li>
      <li>concealing</li>
      <li>clouding</li>
    </traitAdjectives>
    <statOffsets>
      <MarketValue>50</MarketValue>
    </statOffsets>
    <abilityProps>
      <abilityDef>LaunchSmokeShell</abilityDef>
      <maxCharges>2</maxCharges>
      <soundReload>Standard_Reload</soundReload>
      <chargeNoun>shell</chargeNoun>
      <ammoDef>Steel</ammoDef>
      <ammoCountPerCharge>15</ammoCountPerCharge>
      <baseReloadTicks>60</baseReloadTicks>
    </abilityProps>
  </WeaponTraitDef>

  <WeaponTraitDef>
    <defName>IncendiaryLauncher</defName>
    <label>incendiary launcher</label>
    <description>This weapon has an attached incendiary shell launcher. The shell creates a small flame explosion that ignites everything nearby. Once fired, it must be reloaded using chemfuel.</description>
    <commonality>0.5</commonality>
    <weaponCategory>Attachable</weaponCategory>
    <exclusionTags>
      <li>Attachment</li>
      <li>Ability</li>
    </exclusionTags>
    <traitAdjectives>
      <li>fiery</li>
      <li>flame</li>
      <li>flaming</li>
      <li>burning</li>
    </traitAdjectives>
    <statOffsets>
      <MarketValue>70</MarketValue>
    </statOffsets>
    <abilityProps>
      <abilityDef>LaunchIncendiaryShell</abilityDef>
      <maxCharges>1</maxCharges>
      <soundReload>Standard_Reload</soundReload>
      <chargeNoun>shell</chargeNoun>
      <ammoDef>Chemfuel</ammoDef>
      <ammoCountPerCharge>15</ammoCountPerCharge>
      <baseReloadTicks>60</baseReloadTicks>
    </abilityProps>
  </WeaponTraitDef>

  <WeaponTraitDef MayRequire="Ludeon.RimWorld.Anomaly">
    <defName>BioferriteBurner</defName>
    <label>bioferrite burner</label>
    <description>This weapon has a bioferrite-powered flamethrower unit. The burner generates a blast of flame from a pressurized bioferrite charge. Once used, it must be reloaded using bioferrite.</description>
    <commonality>0.5</commonality>
    <weaponCategory>Attachable</weaponCategory>
    <exclusionTags>
      <li>Attachment</li>
      <li>Ability</li>
    </exclusionTags>
    <traitAdjectives>
      <li>fiery</li>
      <li>flame</li>
      <li>flaming</li>
      <li>burning</li>
    </traitAdjectives>
    <statOffsets>
      <MarketValue>80</MarketValue>
    </statOffsets>
    <abilityProps>
      <abilityDef>HellcatBurner</abilityDef>
      <maxCharges>1</maxCharges>
      <soundReload>Standard_Reload</soundReload>
      <chargeNoun>burner charge</chargeNoun>
      <ammoDef>Bioferrite</ammoDef>
      <ammoCountPerCharge>10</ammoCountPerCharge>
      <baseReloadTicks>60</baseReloadTicks>
    </abilityProps>
  </WeaponTraitDef>

</Defs>