﻿<?xml version="1.0" encoding="utf-8"?>
<Patch>
  <Operation Class="PatchOperationReplace">
    <xpath>/Defs/RecipeDef[defName="ButcherCorpseMechanoid"]/label</xpath>
    <value>
      <label>shred mechanoid or drone</label>
    </value>
  </Operation>
  <Operation Class="PatchOperationReplace">
    <xpath>/Defs/RecipeDef[defName="ButcherCorpseMechanoid"]/description</xpath>
    <value>
      <description>Shred a dead mechanoid or drone to salvage usable material.</description>
    </value>
  </Operation>

  <Operation Class="PatchOperationReplace">
    <xpath>/Defs/RecipeDef[defName="SmashCorpseMechanoid"]/label</xpath>
    <value>
      <label>smash mechanoid or drone</label>
    </value>
  </Operation>
  <Operation Class="PatchOperationReplace">
    <xpath>/Defs/RecipeDef[defName="SmashCorpseMechanoid"]/description</xpath>
    <value>
      <description>Smash a dead mechanoid or drone with simple hand tools to salvage usable material.</description>
    </value>
  </Operation>
</Patch>