﻿<?xml version="1.0" encoding="utf-8" ?>
<Defs>

  <StatDef>
    <defName>MedicalTendSpeed</defName>
    <label>medical tend speed</label>
    <description>Speed at which the character tends to wounds and illnesses.</description>
    <category>PawnWork</category>
    <defaultBaseValue>1</defaultBaseValue>
    <minValue>0.1</minValue>
    <toStringStyle>PercentZero</toStringStyle>
    <neverDisabled>true</neverDisabled> <!-- NPCs incapable of doctoring can self-tend -->
    <statFactors>
      <li>WorkSpeedGlobal</li>
    </statFactors>
    <skillNeedFactors>
      <li Class="SkillNeed_BaseBonus">
        <skill>Medicine</skill>
        <baseValue>0.4</baseValue>
        <bonusPerLevel>0.06</bonusPerLevel>
      </li>
    </skillNeedFactors>
    <capacityFactors>
      <li>
        <capacity>Sight</capacity>
        <weight>0.8</weight>
        <max>1.3</max>
      </li>
      <li>
        <capacity>Manipulation</capacity>
        <weight>1</weight>
      </li>
    </capacityFactors>
    <scenarioRandomizable>true</scenarioRandomizable>
    <displayPriorityInCategory>4650</displayPriorityInCategory>
  </StatDef>

  <StatDef>
    <defName>MedicalTendQuality</defName>
    <label>medical tend quality</label>
    <description>The base quality of tending given when tending wounds and illnesses.\n\nThe actual tend quality will also be affected by factors like medicine used, facilities, luck, and so on.</description>
    <category>PawnWork</category>
    <defaultBaseValue>1</defaultBaseValue>
    <minValue>0</minValue>
    <toStringStyle>PercentZero</toStringStyle>
    <neverDisabled>true</neverDisabled> <!-- NPCs incapable of doctoring can self-tend -->
    <skillNeedFactors>
      <li Class="SkillNeed_BaseBonus">
        <skill>Medicine</skill>
        <baseValue>0.20</baseValue>
        <bonusPerLevel>0.10</bonusPerLevel>
      </li>
    </skillNeedFactors>
    <capacityFactors>
      <li>
        <capacity>Sight</capacity>
        <weight>0.7</weight>
        <max>1.4</max>
      </li>
      <li>
        <capacity>Manipulation</capacity>
        <weight>1</weight>
        <max>1.4</max>
      </li>
    </capacityFactors>
    <postProcessCurve>
      <points>
        <li>(0, 0)</li>
        <li>(1.0, 1.0)</li>
        <li>(2.0, 1.5)</li>
        <li>(4.0, 2.0)</li>
      </points>
    </postProcessCurve>
    <displayPriorityInCategory>4651</displayPriorityInCategory>
  </StatDef>

  <StatDef>
    <defName>MedicalOperationSpeed</defName>
    <label>medical operation speed</label>
    <description>The speed at which the character performs medical operations.</description>
    <category>PawnWork</category>
    <defaultBaseValue>1</defaultBaseValue>
    <minValue>0.1</minValue>
    <toStringStyle>PercentZero</toStringStyle>
    <statFactors>
      <li>WorkSpeedGlobal</li>
    </statFactors>
    <skillNeedFactors>
      <li Class="SkillNeed_BaseBonus">
        <skill>Medicine</skill>
        <baseValue>0.4</baseValue>
        <bonusPerLevel>0.06</bonusPerLevel>
      </li>
    </skillNeedFactors>
    <capacityFactors>
      <li>
        <capacity>Sight</capacity>
        <weight>0.7</weight>
        <max>1</max>
      </li>
      <li>
        <capacity>Manipulation</capacity>
        <weight>1</weight>
      </li>
    </capacityFactors>
    <displayPriorityInCategory>4652</displayPriorityInCategory>
  </StatDef>

  <StatDef>
    <defName>MedicalSurgerySuccessChance</defName>
    <label>medical surgery success chance</label>
    <description>The base chance that a character will succeed when performing a medical operation.\n\nThe actual success chance is also affected by factors like facilities, room cleanliness, medicine used, the difficulty of the surgery, and inspirations.\n\nNo matter how high this stat is, there is always a small chance of failure on any operation.</description>
    <category>PawnWork</category>
    <defaultBaseValue>1.00</defaultBaseValue>
    <minValue>0.01</minValue>
    <toStringStyle>PercentZero</toStringStyle>
    <skillNeedFactors>
      <li Class="SkillNeed_Direct">
        <skill>Medicine</skill>
        <valuesPerLevel>
          <li>0.10</li>
          <li>0.20</li>
          <li>0.30</li>
          <li>0.40</li>
          <li>0.50</li>
          <li>0.60</li>
          <li>0.70</li>
          <li>0.75</li>
          <li>0.80</li>
          <li>0.85</li>
          <li>0.90</li>
          <li>0.92</li>
          <li>0.94</li>
          <li>0.96</li>
          <li>0.98</li>
          <li>1.00</li>
          <li>1.02</li>
          <li>1.04</li>
          <li>1.06</li>
          <li>1.08</li>
          <li>1.10</li>
        </valuesPerLevel>
      </li>
    </skillNeedFactors>
    <capacityFactors>
      <li>
        <capacity>Sight</capacity>
        <weight>0.4</weight>
        <max>1</max>
      </li>
      <li>
        <capacity>Manipulation</capacity>
        <weight>1</weight>
      </li>
    </capacityFactors>
    <scenarioRandomizable>true</scenarioRandomizable>
    <displayPriorityInCategory>4653</displayPriorityInCategory>
  </StatDef>

</Defs>
