<?xml version="1.0" encoding="utf-8"?>
<Defs>

  <!-- Lake Variants -->

  <LandmarkDef>
    <defName>Oasis</defName>
    <label>oasis</label>
    <drawScale>0.7</drawScale>
    <iconTexturePath>World/Landmarks/Oasis</iconTexturePath>
    <atlasSize>(2, 2)</atlasSize>
    <commonality>0.25</commonality>
    <nameMaker>NamerLandmark_Oasis</nameMaker>
    <category>lake</category>
    <mutatorChances>
      <Oasis Required="True"/>
      <Stockpile>0.05</Stockpile>
      <AnimalLife_Increased>0.75</AnimalLife_Increased>
      <AnimalHabitat>0.25</AnimalHabitat>
      <SunnyMutator>0.05</SunnyMutator>
      <AncientUplink>0.02</AncientUplink>
    </mutatorChances>
  </LandmarkDef>

  <LandmarkDef Abstract="True" Name="BaseLake">
    <label>lake</label>
    <atlasSize>(2, 2)</atlasSize>
    <commonality>0.5</commonality>
    <drawScale>0.7</drawScale>
    <nameMaker>NamerLandmark_Lake</nameMaker>
    <category>lake</category>
    <mutatorChances>
      <Stockpile>0.05</Stockpile>
      <FoggyMutator>0.05</FoggyMutator>
      <SunnyMutator>0.05</SunnyMutator>
      <WetClimate>0.1</WetClimate>
      <WindyMutator>0.05</WindyMutator>
      <AnimalLife_Increased>0.05</AnimalLife_Increased>
      <AnimalHabitat>0.05</AnimalHabitat>
      <PlantGrove>0.05</PlantGrove>
      <Marshy>0.05</Marshy>
      <Sandy>0.05</Sandy>
      <Fertile>0.05</Fertile>
      <Muddy>0.05</Muddy>
      <MixedBiome>0.5</MixedBiome>
      <WildPlants>0.05</WildPlants>
      <WildTropicalPlants>0.03</WildTropicalPlants>
      <ArcheanTrees>0.01</ArcheanTrees>
      <Pollution_Increased MayRequire="Ludeon.RimWorld.Biotech">0.01</Pollution_Increased>
      <AncientUplink>0.02</AncientUplink>
      <PlantLife_Increased>0.03</PlantLife_Increased>
      <Fish_Increased>0.05</Fish_Increased>
      <Fish_Decreased>0.01</Fish_Decreased>
    </mutatorChances>
    <comboLandmarkMutators>
      <Wetland>0.02</Wetland>
    </comboLandmarkMutators>
  </LandmarkDef>

  <LandmarkDef ParentName="BaseLake">
    <defName>Lake</defName>
    <iconTexturePath>World/Landmarks/Lake</iconTexturePath>
    <mutatorChances>
      <Lake Required="True"/>
    </mutatorChances>
  </LandmarkDef>

  <LandmarkDef ParentName="BaseLake" Name="LakeWithIsland">
    <defName>LakeWithIsland</defName>
    <iconTexturePath>World/Landmarks/LakeWithIsland</iconTexturePath>
    <mutatorChances>
      <LakeWithIsland Required="True"/>
    </mutatorChances>
  </LandmarkDef>

  <LandmarkDef ParentName="LakeWithIsland">
    <defName>LakeWithIslands</defName>
    <mutatorChances Inherit="False">
      <LakeWithIslands Required="True"/>
    </mutatorChances>
  </LandmarkDef>

  <LandmarkDef ParentName="BaseLake">
    <defName>Pond</defName>
    <iconTexturePath>World/Landmarks/Pond</iconTexturePath>
    <nameMaker>NamerLandmark_Pond</nameMaker>
    <mutatorChances>
      <Pond Required="True"/>
    </mutatorChances>
  </LandmarkDef>

  <LandmarkDef>
    <defName>DryLake</defName>
    <label>dry lake</label>
    <drawScale>0.7</drawScale>
    <iconTexturePath>World/Landmarks/DryLake</iconTexturePath>
    <atlasSize>(2, 2)</atlasSize>
    <commonality>0.2</commonality>
    <nameMaker>NamerLandmark_DryLake</nameMaker>
    <mutatorChances>
      <DryLake Required="True"/>
      <Stockpile>0.05</Stockpile>
      <AnimalLife_Decreased>0.15</AnimalLife_Decreased>
      <SunnyMutator>0.25</SunnyMutator>
      <WetClimate>0</WetClimate>
      <Pollution_Increased MayRequire="Ludeon.RimWorld.Biotech">0.02</Pollution_Increased>
      <AncientUplink>0.02</AncientUplink>
      <Junkyard MayRequire="Ludeon.RimWorld.Ideology">0.1</Junkyard>
    </mutatorChances>
  </LandmarkDef>

  <LandmarkDef>
    <defName>ToxicLake</defName>
    <label>toxic lake</label>
    <drawScale>0.7</drawScale>
    <iconTexturePath>World/Landmarks/ToxicLake</iconTexturePath>
    <atlasSize>(2, 2)</atlasSize>
    <commonality>0.15</commonality>
    <nameMaker>NamerLandmark_ToxicLake</nameMaker>
    <mutatorChances>
      <ToxicLake Required="True"/>
      <Pollution_Increased MayRequire="Ludeon.RimWorld.Biotech">1</Pollution_Increased>
      <Junkyard MayRequire="Ludeon.RimWorld.Ideology">0.25</Junkyard>
      <Stockpile>0.05</Stockpile>
      <AnimalLife_Decreased />
      <Marshy>0.05</Marshy>
      <Sandy>0.05</Sandy>
      <Muddy>0.05</Muddy>
      <FoggyMutator>0.05</FoggyMutator>
      <SunnyMutator>0.05</SunnyMutator>
      <WetClimate>0.05</WetClimate>
      <WindyMutator>0.05</WindyMutator>
      <InsectMegahive>0.01</InsectMegahive>
      <AncientUplink>0.02</AncientUplink>
    </mutatorChances>
  </LandmarkDef>

  <LandmarkDef>
    <defName>Wetland</defName>
    <label>wetland</label>
    <iconTexturePath>World/Landmarks/Wetland</iconTexturePath>
    <atlasSize>(2, 2)</atlasSize>
    <commonality>0.5</commonality>
    <nameMaker>NamerLandmark_Wetland</nameMaker>
    <mutatorChances>
      <Wetland Required="True"/>
      <Stockpile>0.05</Stockpile>
      <FoggyMutator>0.3</FoggyMutator>
      <WetClimate>0.2</WetClimate>
      <AnimalLife_Increased>0.05</AnimalLife_Increased>
      <AnimalHabitat>0.15</AnimalHabitat>
      <Sandy>0.05</Sandy>
      <Fertile>0.05</Fertile>
      <Muddy>0.05</Muddy>
      <WildPlants>0.1</WildPlants>
      <WildTropicalPlants>0.03</WildTropicalPlants>
      <ArcheanTrees>0.01</ArcheanTrees>
      <AncientUplink>0.02</AncientUplink>
      <PlantLife_Increased>0.05</PlantLife_Increased>
      <PlantGrove>0.05</PlantGrove>
      <Fish_Increased>0.05</Fish_Increased>
      <Fish_Decreased>0.01</Fish_Decreased>
    </mutatorChances>
  </LandmarkDef>

  <LandmarkDef>
    <defName>HotSprings</defName>
    <label>hot springs</label>
    <drawScale>0.8</drawScale>
    <iconTexturePath>World/Landmarks/HotSprings</iconTexturePath>
    <atlasSize>(2, 2)</atlasSize>
    <commonality>0.25</commonality>
    <nameMaker>NamerLandmark_HotSprings</nameMaker>
    <mutatorChances>
      <HotSprings Required="True"/>
      <SteamGeysers_Increased>0.25</SteamGeysers_Increased>
      <Stockpile>0.05</Stockpile>
      <MineralRich>0.03</MineralRich>
      <Sandy>0.05</Sandy>
      <Muddy>0.05</Muddy>
      <FoggyMutator>0.05</FoggyMutator>
      <SunnyMutator>0.05</SunnyMutator>
      <WetClimate>0.05</WetClimate>
      <WindyMutator>0.05</WindyMutator>
      <InsectMegahive>0.01</InsectMegahive>
      <MixedBiome>0.5</MixedBiome>
      <AncientUplink>0.02</AncientUplink>
      <AnimalLife_Increased>0.05</AnimalLife_Increased>
      <AnimalHabitat>0.15</AnimalHabitat>
      <PlantGrove>0.05</PlantGrove>
      <ArcheanTrees>0.01</ArcheanTrees>
      <PlantLife_Increased>0.03</PlantLife_Increased>
      <Fertile>0.05</Fertile>
      <WildPlants>0.05</WildPlants>
      <WildTropicalPlants>0.03</WildTropicalPlants>
      <PlantGrove>0.05</PlantGrove>
    </mutatorChances>
    <comboLandmarkMutators>
      <Valley>0.1</Valley>
      <Cavern>0.1</Cavern>
      <Chasm>0.1</Chasm>
      <TerraformingScar>0.1</TerraformingScar>
      <Wetland>0.02</Wetland>
    </comboLandmarkMutators>
  </LandmarkDef>

  <!-- Coastal Variants -->

  <LandmarkDef>
    <defName>Archipelago</defName>
    <label>archipelago</label>
    <iconTexturePath>World/Landmarks/Archipelago</iconTexturePath>
    <atlasSize>(2, 2)</atlasSize>
    <drawType>TerrainMask</drawType>
    <commonality>0.75</commonality>
    <nameMaker>NamerLandmark_Archipelago</nameMaker>
    <category>coastal</category>
    <mutatorChances>
      <Archipelago Required="True"/>
      <Stockpile>0.05</Stockpile>
      <SunnyMutator>0.05</SunnyMutator>
      <WetClimate>0.15</WetClimate>
      <WindyMutator>0.15</WindyMutator>
      <AnimalHabitat>0.15</AnimalHabitat>
      <AnimalLife_Increased>0.05</AnimalLife_Increased>
      <PlantGrove>0.15</PlantGrove>
      <PlantLife_Increased>0.05</PlantLife_Increased>
      <Sandy>0.05</Sandy>
      <Fertile>0.05</Fertile>
      <Muddy>0.05</Muddy>
      <WildPlants>0.1</WildPlants>
      <WildTropicalPlants>0.03</WildTropicalPlants>
      <ArcheanTrees>0.01</ArcheanTrees>
      <AncientUplink>0.02</AncientUplink>
      <Fish_Increased>0.05</Fish_Increased>
      <Fish_Decreased>0.01</Fish_Decreased>
    </mutatorChances>
  </LandmarkDef>

  <LandmarkDef>
    <defName>CoastalIsland</defName>
    <label>coastal island</label>
    <iconTexturePath>World/Landmarks/CoastalIsland</iconTexturePath>
    <atlasSize>(2, 2)</atlasSize>
    <drawType>TerrainMask</drawType>
    <commonality>0.75</commonality>
    <nameMaker>NamerLandmark_CoastalIsland</nameMaker>
    <category>coastal</category>
    <mutatorChances>
      <CoastalIsland Required="True"/>
      <Stockpile>0.05</Stockpile>
      <SunnyMutator>0.05</SunnyMutator>
      <WetClimate>0.15</WetClimate>
      <WindyMutator>0.15</WindyMutator>
      <AnimalHabitat>0.15</AnimalHabitat>
      <AnimalLife_Increased>0.05</AnimalLife_Increased>
      <PlantGrove>0.05</PlantGrove>
      <PlantLife_Increased>0.05</PlantLife_Increased>
      <Sandy>0.05</Sandy>
      <Fertile>0.05</Fertile>
      <Muddy>0.05</Muddy>
      <WildPlants>0.1</WildPlants>
      <WildTropicalPlants>0.03</WildTropicalPlants>
      <ArcheanTrees>0.01</ArcheanTrees>
      <AncientUplink>0.02</AncientUplink>
      <Fish_Increased>0.05</Fish_Increased>
      <Fish_Decreased>0.01</Fish_Decreased>
    </mutatorChances>
  </LandmarkDef>

  <LandmarkDef>
    <defName>Peninsula</defName>
    <label>peninsula</label>
    <iconTexturePath>World/Landmarks/Peninsula</iconTexturePath>
    <atlasSize>(2, 2)</atlasSize>
    <coastRotateMode>ToCoast</coastRotateMode>
    <drawType>TerrainMask</drawType>
    <commonality>0.75</commonality>
    <nameMaker>NamerLandmark_Peninsula</nameMaker>
    <category>coastal</category>
    <mutatorChances>
      <Peninsula Required="True"/>
      <Stockpile>0.05</Stockpile>
      <SunnyMutator>0.05</SunnyMutator>
      <WetClimate>0.25</WetClimate>
      <WindyMutator>0.25</WindyMutator>
      <AnimalHabitat>0.05</AnimalHabitat>
      <AnimalLife_Increased>0.05</AnimalLife_Increased>
      <PlantGrove>0.15</PlantGrove>
      <PlantLife_Increased>0.05</PlantLife_Increased>
      <Sandy>0.05</Sandy>
      <Fertile>0.05</Fertile>
      <Muddy>0.05</Muddy>
      <WildPlants>0.1</WildPlants>
      <WildTropicalPlants>0.03</WildTropicalPlants>
      <ArcheanTrees>0.01</ArcheanTrees>
      <AncientUplink>0.02</AncientUplink>
      <Fish_Increased>0.05</Fish_Increased>
      <Fish_Decreased>0.01</Fish_Decreased>
    </mutatorChances>
  </LandmarkDef>

  <LandmarkDef Name="BaseBay" Abstract="True">
    <label>bay</label>
    <iconTexturePath>World/Landmarks/Bay</iconTexturePath>
    <atlasSize>(2, 2)</atlasSize>
    <coastRotateMode>AwayFromCoast</coastRotateMode>
    <drawType>TerrainMask</drawType>
    <commonality>0.75</commonality>
    <nameMaker>NamerLandmark_Bay</nameMaker>
    <category>coastal</category>
    <mutatorChances>
      <Stockpile>0.05</Stockpile>
      <SunnyMutator>0.05</SunnyMutator>
      <WetClimate>0.15</WetClimate>
      <AnimalHabitat>0.15</AnimalHabitat>
      <AnimalLife_Increased>0.05</AnimalLife_Increased>
      <PlantGrove>0.1</PlantGrove>
      <PlantLife_Increased>0.05</PlantLife_Increased>
      <Sandy>0.05</Sandy>
      <Fertile>0.05</Fertile>
      <Muddy>0.05</Muddy>
      <MixedBiome>0.5</MixedBiome>
      <WildPlants>0.1</WildPlants>
      <WildTropicalPlants>0.03</WildTropicalPlants>
      <ArcheanTrees>0.01</ArcheanTrees>
      <AncientUplink>0.02</AncientUplink>
      <Fish_Increased>0.05</Fish_Increased>
      <Fish_Decreased>0.01</Fish_Decreased>
    </mutatorChances>
  </LandmarkDef>

  <LandmarkDef ParentName="BaseBay">
    <defName>Bay</defName>
    <mutatorChances>
      <Bay Required="True"/>
    </mutatorChances>
  </LandmarkDef>

  <LandmarkDef ParentName="BaseBay">
    <defName>Cove</defName>
    <mutatorChances>
      <Cove Required="True"/>
    </mutatorChances>
  </LandmarkDef>

  <LandmarkDef>
    <defName>Fjord</defName>
    <label>fjord</label>
    <iconTexturePath>World/Landmarks/Fjord</iconTexturePath>
    <atlasSize>(2, 2)</atlasSize>
    <drawScale>0.8</drawScale>
    <drawType>TerrainMask</drawType>
    <coastRotateMode>AwayFromCoast</coastRotateMode>
    <commonality>0.5</commonality>
    <nameMaker>NamerLandmark_Fjord</nameMaker>
    <category>coastal</category>
    <mutatorChances>
      <Fjord Required="True"/>
      <Stockpile>0.05</Stockpile>
      <SunnyMutator>0.05</SunnyMutator>
      <WetClimate>0.15</WetClimate>
      <WindyMutator>0.15</WindyMutator>
      <AnimalHabitat>0.05</AnimalHabitat>
      <PlantGrove>0.05</PlantGrove>
      <PlantLife_Increased>0.05</PlantLife_Increased>
      <Sandy>0.05</Sandy>
      <Fertile>0.05</Fertile>
      <Muddy>0.05</Muddy>
      <WildPlants>0.1</WildPlants>
      <WildTropicalPlants>0.03</WildTropicalPlants>
      <ArcheanTrees>0.01</ArcheanTrees>
      <AncientUplink>0.02</AncientUplink>
      <AnimalLife_Increased>0.05</AnimalLife_Increased>
      <Fish_Increased>0.05</Fish_Increased>
      <Fish_Decreased>0.01</Fish_Decreased>
    </mutatorChances>
  </LandmarkDef>

  <LandmarkDef>
    <defName>CoastalAtoll</defName>
    <label>coastal atoll</label>
    <iconTexturePath>World/Landmarks/Atoll</iconTexturePath>
    <atlasSize>(2, 2)</atlasSize>
    <drawType>TerrainMask</drawType>
    <commonality>0.5</commonality>
    <nameMaker>NamerLandmark_Atoll</nameMaker>
    <category>coastal</category>
    <mutatorChances>
      <CoastalAtoll Required="True"/>
      <Stockpile>0.05</Stockpile>
      <SunnyMutator>0.05</SunnyMutator>
      <WetClimate>0.15</WetClimate>
      <WindyMutator>0.15</WindyMutator>
      <AnimalHabitat>0.05</AnimalHabitat>
      <PlantGrove>0.05</PlantGrove>
      <PlantLife_Increased>0.05</PlantLife_Increased>
      <Sandy>0.05</Sandy>
      <Fertile>0.05</Fertile>
      <Muddy>0.05</Muddy>
      <WildPlants>0.1</WildPlants>
      <WildTropicalPlants>0.03</WildTropicalPlants>
      <ArcheanTrees>0.01</ArcheanTrees>
      <AncientUplink>0.02</AncientUplink>
      <AnimalLife_Increased>0.05</AnimalLife_Increased>
      <Fish_Increased>0.05</Fish_Increased>
      <Fish_Decreased>0.01</Fish_Decreased>
    </mutatorChances>
  </LandmarkDef>

  <LandmarkDef>
    <defName>Iceberg</defName>
    <label>iceberg</label>
    <iconTexturePath>World/Landmarks/Iceberg</iconTexturePath>
    <atlasSize>(2, 2)</atlasSize>
    <drawType>TerrainMask</drawType>
    <commonality>0.15</commonality>
    <nameMaker>NamerLandmark_Iceberg</nameMaker>
    <category>coastal</category>
    <terrainParameters>
      <_Blend>0</_Blend>
    </terrainParameters>
    <mutatorChances>
      <Iceberg Required="True"/>
      <SunnyMutator>0.15</SunnyMutator>
      <WetClimate>0.15</WetClimate>
      <WindyMutator>0.15</WindyMutator>
      <Fish_Increased>0.05</Fish_Increased>
      <Fish_Decreased>0.01</Fish_Decreased>
    </mutatorChances>
  </LandmarkDef>

  <!-- Mountain Variants -->

  <LandmarkDef>
    <defName>Valley</defName>
    <label>valley</label>
    <iconTexturePath>World/Landmarks/Valley</iconTexturePath>
    <atlasSize>(2, 2)</atlasSize>
    <commonality>1</commonality>
    <nameMaker>NamerLandmark_Valley</nameMaker>
    <category>mountain</category>
    <mutatorChances>
      <Valley Required="True"/>
      <CaveLakes>0.15</CaveLakes>
      <LavaCaves>0.1</LavaCaves>
      <Stockpile>0.05</Stockpile>
      <PlantLife_Increased>0.1</PlantLife_Increased>
      <AnimalHabitat>0.15</AnimalHabitat>
      <PlantGrove>0.1</PlantGrove>
      <FoggyMutator>0.05</FoggyMutator>
      <SunnyMutator>0.05</SunnyMutator>
      <WetClimate>0.05</WetClimate>
      <MineralRich>0.03</MineralRich>
      <Marshy>0.05</Marshy>
      <Sandy>0.05</Sandy>
      <Fertile>0.05</Fertile>
      <Muddy>0.05</Muddy>
      <InsectMegahive>0.02</InsectMegahive>
      <MixedBiome>0.5</MixedBiome>
      <WildPlants>0.1</WildPlants>
      <WildTropicalPlants>0.03</WildTropicalPlants>
      <ArcheanTrees>0.01</ArcheanTrees>
      <Pollution_Increased MayRequire="Ludeon.RimWorld.Biotech">0.02</Pollution_Increased>
      <AncientUplink>0.02</AncientUplink>
      <AnimalLife_Increased>0.05</AnimalLife_Increased>
    </mutatorChances>
    <comboLandmarkMutators>
      <AncientQuarry>0.02</AncientQuarry>
      <Pond>0.02</Pond>
      <Lake>0.02</Lake>
      <LakeWithIsland>0.02</LakeWithIsland>
      <LakeWithIslands>0.02</LakeWithIslands>
      <Bay>0.02</Bay>
      <Wetland>0.02</Wetland>
    </comboLandmarkMutators>
  </LandmarkDef>

  <LandmarkDef>
    <defName>Cavern</defName>
    <label>cavern</label>
    <iconTexturePath>World/Landmarks/Caves</iconTexturePath>
    <atlasSize>(2, 2)</atlasSize>
    <commonality>0.5</commonality>
    <nameMaker>NamerLandmark_Cavern</nameMaker>
    <category>mountain</category>
    <mutatorChances>
      <Cavern Required="True"/>
      <Stockpile>0.05</Stockpile>
      <FoggyMutator>0.05</FoggyMutator>
      <MineralRich>0.1</MineralRich>
      <AnimalHabitat>0.05</AnimalHabitat>
      <AnimalLife_Decreased>0.15</AnimalLife_Decreased>
      <Marshy>0.05</Marshy>
      <Sandy>0.05</Sandy>
      <Fertile>0.05</Fertile>
      <Muddy>0.05</Muddy>
      <InsectMegahive>0.02</InsectMegahive>
      <MixedBiome>0.5</MixedBiome>
      <Pollution_Increased MayRequire="Ludeon.RimWorld.Biotech">0.02</Pollution_Increased>
      <AncientUplink>0.02</AncientUplink>
      <SteamGeysers_Increased>0.03</SteamGeysers_Increased>
      <DryGround>0.05</DryGround>
    </mutatorChances>
    <comboLandmarkMutators>
      <Bay>0.5</Bay>
      <Pond>0.02</Pond>
      <Lake>0.02</Lake>
      <LakeWithIsland>0.02</LakeWithIsland>
      <LakeWithIslands>0.02</LakeWithIslands>
      <Wetland>0.02</Wetland>
    </comboLandmarkMutators>
  </LandmarkDef>

  <LandmarkDef>
    <defName>Chasm</defName>
    <label>chasm</label>
    <iconTexturePath>World/Landmarks/Chasm</iconTexturePath>
    <atlasSize>(2, 2)</atlasSize>
    <commonality>0.5</commonality>
    <nameMaker>NamerLandmark_Chasm</nameMaker>
    <category>mountain</category>
    <mutatorChances>
      <Chasm Required="True"/>
      <CaveLakes>0.15</CaveLakes>
      <Stockpile>0.05</Stockpile>
      <AnimalHabitat>0.05</AnimalHabitat>
      <MineralRich>0.03</MineralRich>
      <AnimalLife_Decreased>0.15</AnimalLife_Decreased>
      <FoggyMutator>0.05</FoggyMutator>
      <Marshy>0.05</Marshy>
      <Sandy>0.05</Sandy>
      <Fertile>0.05</Fertile>
      <Muddy>0.05</Muddy>
      <InsectMegahive>0.02</InsectMegahive>
      <MixedBiome>0.5</MixedBiome>
      <WildPlants>0.1</WildPlants>
      <WildTropicalPlants>0.03</WildTropicalPlants>
      <ArcheanTrees>0.01</ArcheanTrees>
      <Pollution_Increased MayRequire="Ludeon.RimWorld.Biotech">0.02</Pollution_Increased>
      <AncientUplink>0.02</AncientUplink>
      <SteamGeysers_Increased>0.03</SteamGeysers_Increased>
      <DryGround>0.05</DryGround>
    </mutatorChances>
    <comboLandmarkMutators>
      <Bay>0.5</Bay>
      <Pond>0.02</Pond>
      <Lake>0.02</Lake>
      <LakeWithIsland>0.02</LakeWithIsland>
      <LakeWithIslands>0.02</LakeWithIslands>
      <AncientQuarry>0.02</AncientQuarry>
      <Wetland>0.02</Wetland>
    </comboLandmarkMutators>
  </LandmarkDef>

  <LandmarkDef>
    <defName>Crevasse</defName>
    <label>crevasse</label>
    <iconTexturePath>World/Landmarks/Crevasse</iconTexturePath>
    <atlasSize>(2, 2)</atlasSize>
    <commonality>0.05</commonality>
    <drawScale>0.8</drawScale>
    <nameMaker>NamerLandmark_Crevasse</nameMaker>
    <mutatorChances>
      <Crevasse Required="True"/>
      <IceCaves>0.5</IceCaves>
      <Stockpile>0.05</Stockpile>
      <AnimalLife_Decreased>0.15</AnimalLife_Decreased>
      <AncientUplink>0.02</AncientUplink>
      <SunnyMutator>0.05</SunnyMutator>
      <DryGround>0.05</DryGround>
    </mutatorChances>
  </LandmarkDef>

  <LandmarkDef>
    <defName>Plateau</defName>
    <label>plateau</label>
    <iconTexturePath>World/Landmarks/Plateau</iconTexturePath>
    <atlasSize>(2, 2)</atlasSize>
    <commonality>0.4</commonality>
    <nameMaker>NamerLandmark_Plateau</nameMaker>
    <category>mountain</category>
    <mutatorChances>
      <Plateau Required="True"/>
      <Caves>0.4</Caves> <!-- Caves won't naturally generate here because the tile hilliness will be flat -->
      <CaveLakes>0.15</CaveLakes>
      <LavaCaves>0.1</LavaCaves>
      <Stockpile>0.05</Stockpile>
      <FoggyMutator>0.05</FoggyMutator>
      <SunnyMutator>0.05</SunnyMutator>
      <WetClimate>0.05</WetClimate>
      <WindyMutator>0.05</WindyMutator>
      <AnimalHabitat>0.15</AnimalHabitat>
      <AnimalLife_Increased>0.05</AnimalLife_Increased>
      <PlantGrove>0.1</PlantGrove>
      <PlantLife_Increased>0.05</PlantLife_Increased>
      <Marshy>0.05</Marshy>
      <Sandy>0.05</Sandy>
      <Fertile>0.05</Fertile>
      <Muddy>0.05</Muddy>
      <InsectMegahive>0.02</InsectMegahive>
      <MixedBiome>0.5</MixedBiome>
      <WildPlants>0.1</WildPlants>
      <WildTropicalPlants>0.03</WildTropicalPlants>
      <ArcheanTrees>0.01</ArcheanTrees>
      <Pollution_Increased MayRequire="Ludeon.RimWorld.Biotech">0.02</Pollution_Increased>
      <AncientUplink>0.02</AncientUplink>
      <MineralRich>0.03</MineralRich>
      <DryGround>0.15</DryGround>
    </mutatorChances>
    <comboLandmarkMutators>
      <Wetland>0.02</Wetland>
      <Pond>0.05</Pond>
    </comboLandmarkMutators>
  </LandmarkDef>

  <LandmarkDef>
    <defName>IceDunes</defName>
    <label>ice dunes</label>
    <iconTexturePath>World/Landmarks/IceDunes</iconTexturePath>
    <atlasSize>(2, 2)</atlasSize>
    <commonality>0.2</commonality>
    <nameMaker>NamerLandmark_IceDunes</nameMaker>
    <mutatorChances>
      <IceDunes Required="True"/>
      <SunnyMutator>0.15</SunnyMutator>
      <Stockpile>0.15</Stockpile>
      <AncientUplink>0.15</AncientUplink>
      <WindyMutator>0.05</WindyMutator>
      <AnimalLife_Decreased>0.15</AnimalLife_Decreased>
    </mutatorChances>
  </LandmarkDef>

  <LandmarkDef>
    <defName>Cliffs</defName>
    <label>cliffs</label>
    <iconTexturePath>World/Landmarks/Cliffs</iconTexturePath>
    <atlasSize>(2, 2)</atlasSize>
    <commonality>0.5</commonality>
    <nameMaker>NamerLandmark_Cliffs</nameMaker>
    <category>mountain</category>
    <mutatorChances>
      <Cliffs Required="True"/>
      <CaveLakes>0.15</CaveLakes>
      <Stockpile>0.05</Stockpile>
      <PlantLife_Increased>0.05</PlantLife_Increased>
      <AnimalHabitat>0.15</AnimalHabitat>
      <FoggyMutator>0.05</FoggyMutator>
      <SunnyMutator>0.05</SunnyMutator>
      <WetClimate>0.05</WetClimate>
      <WindyMutator>0.05</WindyMutator>
      <Marshy>0.05</Marshy>
      <Sandy>0.05</Sandy>
      <Fertile>0.05</Fertile>
      <Muddy>0.05</Muddy>
      <InsectMegahive>0.02</InsectMegahive>
      <MixedBiome>0.5</MixedBiome>
      <Pollution_Increased MayRequire="Ludeon.RimWorld.Biotech">0.02</Pollution_Increased>
      <AncientUplink>0.02</AncientUplink>
      <MineralRich>0.03</MineralRich>
      <ArcheanTrees>0.01</ArcheanTrees>
      <AnimalLife_Increased>0.05</AnimalLife_Increased>
      <WildPlants>0.05</WildPlants>
      <WildTropicalPlants>0.03</WildTropicalPlants>
      <PlantGrove>0.05</PlantGrove>
      <DryGround>0.15</DryGround>
    </mutatorChances>
    <comboLandmarkMutators>
      <Pond>0.02</Pond>
      <Lake>0.02</Lake>
      <LakeWithIsland>0.02</LakeWithIsland>
      <LakeWithIslands>0.02</LakeWithIslands>
      <Wetland>0.02</Wetland>
    </comboLandmarkMutators>
  </LandmarkDef>

  <LandmarkDef>
    <defName>Hollow</defName>
    <label>hollow</label>
    <iconTexturePath>World/Landmarks/Hollow</iconTexturePath>
    <atlasSize>(2, 2)</atlasSize>
    <commonality>0.5</commonality>
    <nameMaker>NamerLandmark_Hollow</nameMaker>
    <category>mountain</category>
    <mutatorChances>
      <Hollow Required="True"/>
      <CaveLakes>0.15</CaveLakes>
      <Stockpile>0.05</Stockpile>
      <MineralRich>0.03</MineralRich>
      <MixedBiome>0.5</MixedBiome>
      <WildPlants>0.1</WildPlants>
      <WildTropicalPlants>0.03</WildTropicalPlants>
      <ArcheanTrees>0.01</ArcheanTrees>
      <Pollution_Increased MayRequire="Ludeon.RimWorld.Biotech">0.02</Pollution_Increased>
      <AncientUplink>0.02</AncientUplink>
      <InsectMegahive>0.01</InsectMegahive>
      <FoggyMutator>0.05</FoggyMutator>
      <SunnyMutator>0.05</SunnyMutator>
      <WetClimate>0.05</WetClimate>
      <WindyMutator>0.05</WindyMutator>
      <AnimalHabitat>0.05</AnimalHabitat>
      <PlantLife_Increased>0.03</PlantLife_Increased>
      <Fertile>0.05</Fertile>
      <AnimalLife_Increased>0.05</AnimalLife_Increased>
      <PlantGrove>0.05</PlantGrove>
      <Marshy>0.05</Marshy>
      <Sandy>0.05</Sandy>
      <Muddy>0.05</Muddy>
      <DryGround>0.15</DryGround>
    </mutatorChances>
    <comboLandmarkMutators>
      <Wetland>0.02</Wetland>
      <Pond>0.02</Pond>
      <Oasis>0.1</Oasis>
    </comboLandmarkMutators>
  </LandmarkDef>

  <LandmarkDef>
    <defName>Basin</defName>
    <label>basin</label>
    <iconTexturePath>World/Landmarks/Basin</iconTexturePath>
    <atlasSize>(2, 2)</atlasSize>
    <commonality>0.5</commonality>
    <nameMaker>NamerLandmark_Basin</nameMaker>
    <category>mountain</category>
    <mutatorChances>
      <Basin Required="True"/>
      <CaveLakes>0.15</CaveLakes>
      <Stockpile>0.05</Stockpile>
      <AnimalHabitat>0.15</AnimalHabitat>
      <MineralRich>0.03</MineralRich>
      <Marshy>0.05</Marshy>
      <Sandy>0.05</Sandy>
      <Fertile>0.05</Fertile>
      <Muddy>0.05</Muddy>
      <InsectMegahive>0.02</InsectMegahive>
      <MixedBiome>0.5</MixedBiome>
      <WildPlants>0.1</WildPlants>
      <WildTropicalPlants>0.03</WildTropicalPlants>
      <ArcheanTrees>0.01</ArcheanTrees>
      <Pollution_Increased MayRequire="Ludeon.RimWorld.Biotech">0.02</Pollution_Increased>
      <AncientUplink>0.02</AncientUplink>
      <FoggyMutator>0.05</FoggyMutator>
      <SunnyMutator>0.05</SunnyMutator>
      <WetClimate>0.05</WetClimate>
      <WindyMutator>0.05</WindyMutator>
      <PlantLife_Increased>0.03</PlantLife_Increased>
      <AnimalLife_Increased>0.05</AnimalLife_Increased>
      <PlantGrove>0.05</PlantGrove>
      <Fish_Increased>0.05</Fish_Increased>
      <Fish_Decreased>0.01</Fish_Decreased>
    </mutatorChances>
    <comboLandmarkMutators>
      <Wetland>0.02</Wetland>
      <AncientQuarry>0.02</AncientQuarry>
    </comboLandmarkMutators>
  </LandmarkDef>

  <LandmarkDef>
    <defName>TerraformingScar</defName>
    <label>terraforming scar</label>
    <iconTexturePath>World/Landmarks/TerraformingScar</iconTexturePath>
    <atlasSize>(2, 2)</atlasSize>
    <commonality>0.1</commonality>
    <nameMaker>NamerLandmark_TerraformingScar</nameMaker>
    <mutatorChances>
      <TerraformingScar Required="True"/>
      <MineralRich>0.2</MineralRich>
      <Marshy>0.05</Marshy>
      <Sandy>0.05</Sandy>
      <Fertile>0.05</Fertile>
      <Muddy>0.05</Muddy>
      <MixedBiome>0.5</MixedBiome>
      <WildPlants>0.1</WildPlants>
      <WildTropicalPlants>0.03</WildTropicalPlants>
      <ArcheanTrees>0.01</ArcheanTrees>
      <Pollution_Increased MayRequire="Ludeon.RimWorld.Biotech">0.02</Pollution_Increased>
      <InsectMegahive>0.02</InsectMegahive>
      <Stockpile>0.05</Stockpile>
      <AncientUplink>0.02</AncientUplink>
      <SteamGeysers_Increased>0.03</SteamGeysers_Increased>
      <FoggyMutator>0.05</FoggyMutator>
      <SunnyMutator>0.05</SunnyMutator>
      <WetClimate>0.05</WetClimate>
      <WindyMutator>0.05</WindyMutator>
      <AnimalHabitat>0.05</AnimalHabitat>
      <PlantLife_Increased>0.03</PlantLife_Increased>
      <AnimalLife_Increased>0.05</AnimalLife_Increased>
      <PlantGrove>0.05</PlantGrove>
      <Junkyard MayRequire="Ludeon.RimWorld.Ideology">0.05</Junkyard>
      <DryGround>0.05</DryGround>
    </mutatorChances>
    <comboLandmarkMutators>
      <Pond>0.05</Pond>
    </comboLandmarkMutators>
  </LandmarkDef>

  <!-- Lava Lake Variants -->

  <LandmarkDef Abstract="True" Name="BaseLavaLake">
    <label>lava lake</label>
    <drawScale>0.7</drawScale>
    <iconTexturePath>World/Landmarks/LavaLake</iconTexturePath>
    <atlasSize>(2, 2)</atlasSize>
    <commonality>0.1</commonality>
    <nameMaker>NamerLandmark_LavaLake</nameMaker>
    <category>lake</category>
    <mutatorChances>
      <SteamGeysers_Increased>0.25</SteamGeysers_Increased>
      <Stockpile>0.05</Stockpile>
      <AnimalLife_Decreased>0.15</AnimalLife_Decreased>
      <SunnyMutator>0.1</SunnyMutator>
      <WindyMutator>0.05</WindyMutator>
      <Marshy>0.05</Marshy>
      <Sandy>0.05</Sandy>
      <Fertile>0.05</Fertile>
      <Muddy>0.05</Muddy>
      <InsectMegahive>0.01</InsectMegahive>
      <AncientUplink>0.02</AncientUplink>
      <MineralRich>0.05</MineralRich>
      <ObsidianDeposits>0.25</ObsidianDeposits>
    </mutatorChances>
  </LandmarkDef>

  <LandmarkDef ParentName="BaseLavaLake">
    <defName>LavaLake</defName>
    <mutatorChances>
      <LavaLake Required="True"/>
    </mutatorChances>
  </LandmarkDef>

  <LandmarkDef ParentName="BaseLavaLake">
    <defName>LavaCrater</defName>
    <mutatorChances>
      <LavaCrater Required="True"/>
    </mutatorChances>
  </LandmarkDef>

  <LandmarkDef>
    <defName>LavaFlow</defName>
    <label>lava flow</label>
    <drawScale>0.8</drawScale>
    <iconTexturePath>World/Landmarks/LavaFlow</iconTexturePath>
    <atlasSize>(2, 2)</atlasSize>
    <commonality>0.2</commonality>
    <nameMaker>NamerLandmark_LavaFlow</nameMaker>
    <mutatorChances>
      <LavaFlow Required="True"/>
      <SteamGeysers_Increased> 0.25</SteamGeysers_Increased>
      <Stockpile>0.05</Stockpile>
      <AnimalLife_Decreased>0.5</AnimalLife_Decreased>
      <SunnyMutator>0.1</SunnyMutator>
      <WindyMutator>0.05</WindyMutator>
      <Sandy>0.05</Sandy>
      <Fertile>0.05</Fertile>
      <Muddy>0.05</Muddy>
      <AncientUplink>0.02</AncientUplink>
      <MineralRich>0.05</MineralRich>
      <ObsidianDeposits>0.25</ObsidianDeposits>
    </mutatorChances>
  </LandmarkDef>

  <!-- Misc -->

  <LandmarkDef>
    <defName>Dunes</defName>
    <label>dunes</label>
    <iconTexturePath>World/Landmarks/Dunes</iconTexturePath>
    <atlasSize>(2, 2)</atlasSize>
    <commonality>0.2</commonality>
    <nameMaker>NamerLandmark_Dunes</nameMaker>
    <mutatorChances>
      <Dunes Required="True"/>
      <Stockpile>0.15</Stockpile>
      <AncientUplink>0.15</AncientUplink>
      <SunnyMutator>0.05</SunnyMutator>
      <Pollution_Increased MayRequire="Ludeon.RimWorld.Biotech">0.02</Pollution_Increased>
      <WindyMutator>0.05</WindyMutator>
    </mutatorChances>
  </LandmarkDef>

  <!-- Man Made -->

  <LandmarkDef Name="BaseRuins">
    <defName>Ruins</defName>
    <label>ruins</label>
    <iconTexturePath>World/Landmarks/Ruins</iconTexturePath>
    <atlasSize>(2, 2)</atlasSize>
    <commonality>1</commonality>
    <nameMaker>NamerLandmark_Ruins</nameMaker>
    <category>structure</category>
    <drawAboveRoads>true</drawAboveRoads>
    <mutatorChances>
      <AncientRuins Required="True"/>
      <Junkyard MayRequire="Ludeon.RimWorld.Ideology">0.25</Junkyard>
      <Stockpile>0.15</Stockpile>
      <AnimalLife_Decreased>0.15</AnimalLife_Decreased>
      <PlantGrove>0.05</PlantGrove>
      <FoggyMutator>0.05</FoggyMutator>
      <SunnyMutator>0.05</SunnyMutator>
      <WetClimate>0.05</WetClimate>
      <WindyMutator>0.05</WindyMutator>
      <Marshy>0.05</Marshy>
      <Sandy>0.05</Sandy>
      <Fertile>0.05</Fertile>
      <Muddy>0.05</Muddy>
      <MixedBiome>0.5</MixedBiome>
      <WildPlants>0.1</WildPlants>
      <WildTropicalPlants>0.03</WildTropicalPlants>
      <ArcheanTrees>0.01</ArcheanTrees>
      <Pollution_Increased MayRequire="Ludeon.RimWorld.Biotech">0.05</Pollution_Increased>
      <AncientUplink>0.15</AncientUplink>
    </mutatorChances>
    <comboLandmarkMutators>
      <Pond>0.02</Pond>
      <Lake>0.02</Lake>
      <LakeWithIslands>0.02</LakeWithIslands>
      <HotSprings>0.02</HotSprings>
      <AncientSmokeVent>0.02</AncientSmokeVent>
      <AncientToxVent>0.02</AncientToxVent>
      <AncientHeatVent>0.02</AncientHeatVent>
    </comboLandmarkMutators>
  </LandmarkDef>

  <LandmarkDef ParentName="BaseRuins">
    <defName>FrozenRuins</defName>
    <label>frozen ruins</label>
    <commonality>0.05</commonality>
    <nameMaker>NamerLandmark_FrozenRuins</nameMaker>
    <category>structure</category>
    <mutatorChances Inherit="False">
      <AncientRuins_Frozen Required="True"/>
      <Stockpile>0.25</Stockpile>
      <Pollution_Increased MayRequire="Ludeon.RimWorld.Biotech">0.05</Pollution_Increased>
      <AncientUplink>0.15</AncientUplink>
      <SunnyMutator>0.05</SunnyMutator>
      <WindyMutator>0.05</WindyMutator>
      <AnimalLife_Decreased>0.15</AnimalLife_Decreased>
      <Junkyard MayRequire="Ludeon.RimWorld.Ideology">0.05</Junkyard>
    </mutatorChances>
  </LandmarkDef>

  <LandmarkDef Abstract="True" Name="BaseAncientVent">
    <label>ancient vent</label>
    <iconTexturePath>World/Landmarks/AncientVents</iconTexturePath>
    <atlasSize>(2, 2)</atlasSize>
    <drawScale>0.6</drawScale>
    <commonality>0.15</commonality>
    <drawAboveRoads>true</drawAboveRoads>
    <mutatorChances>
      <MineralRich>0.15</MineralRich>
      <Stockpile>0.15</Stockpile>
      <AncientUplink>0.15</AncientUplink>
      <SteamGeysers_Increased> 0.1</SteamGeysers_Increased>
      <Junkyard MayRequire="Ludeon.RimWorld.Ideology">0.2</Junkyard>
      <Marshy>0.05</Marshy>
      <Sandy>0.05</Sandy>
      <Muddy>0.05</Muddy>
      <MixedBiome>0.5</MixedBiome>
      <FoggyMutator>0.05</FoggyMutator>
      <SunnyMutator>0.05</SunnyMutator>
      <WetClimate>0.05</WetClimate>
      <WindyMutator>0.05</WindyMutator>
      <AnimalLife_Decreased>0.05</AnimalLife_Decreased>
      <DryGround>0.05</DryGround>
    </mutatorChances>
  </LandmarkDef>
  
  <LandmarkDef ParentName="BaseAncientVent">
    <defName>AncientSmokeVent</defName>
    <nameMaker>NamerLandmark_AncientSmokeVent</nameMaker>
    <mutatorChances>
      <AncientSmokeVent Required="True"/>
      <Pollution_Increased MayRequire="Ludeon.RimWorld.Biotech">0.05</Pollution_Increased>
    </mutatorChances>
  </LandmarkDef>
  
  <LandmarkDef ParentName="BaseAncientVent">
    <defName>AncientToxVent</defName>
    <nameMaker>NamerLandmark_AncientToxVent</nameMaker>
    <mutatorChances>
      <AncientToxVent Required="True"/>
      <Pollution_Increased MayRequire="Ludeon.RimWorld.Biotech">1</Pollution_Increased>
      <AnimalLife_Decreased>0.5</AnimalLife_Decreased>
    </mutatorChances>
  </LandmarkDef>
  
  <LandmarkDef ParentName="BaseAncientVent">
    <defName>AncientHeatVent</defName>
    <nameMaker>NamerLandmark_AncientHeatVent</nameMaker>
    <mutatorChances>
      <AncientHeatVent Required="True"/>
      <AnimalLife_Decreased>0.5</AnimalLife_Decreased>
      <Pollution_Increased MayRequire="Ludeon.RimWorld.Biotech">0.05</Pollution_Increased>
    </mutatorChances>
  </LandmarkDef>

  <LandmarkDef>
    <defName>AncientQuarry</defName>
    <label>ancient quarry</label>
    <iconTexturePath>World/Landmarks/AncientQuarry</iconTexturePath>
    <atlasSize>(2, 2)</atlasSize>
    <commonality>0.25</commonality>
    <nameMaker>NamerLandmark_AncientQuarry</nameMaker>
    <category>mountain</category>
    <drawAboveRoads>true</drawAboveRoads>
    <mutatorChances>
      <Cavern Required="True" />
      <AncientQuarry Required="True" />
      <MineralRich Required="True" />
      <FoggyMutator>0.05</FoggyMutator>
      <AnimalLife_Decreased>0.15</AnimalLife_Decreased>
      <Marshy>0.05</Marshy>
      <Sandy>0.05</Sandy>
      <Fertile>0.05</Fertile>
      <Muddy>0.05</Muddy>
      <InsectMegahive>0.01</InsectMegahive>
      <MixedBiome>0.5</MixedBiome>
      <WildPlants>0.1</WildPlants>
      <WildTropicalPlants>0.03</WildTropicalPlants>
      <ArcheanTrees>0.01</ArcheanTrees>
      <Pollution_Increased MayRequire="Ludeon.RimWorld.Biotech">0.05</Pollution_Increased>
      <AncientUplink>0.15</AncientUplink>
      <Stockpile>0.05</Stockpile>
      <DryGround>0.05</DryGround>
    </mutatorChances>
    <comboLandmarkMutators>
      <AncientSmokeVent>0.02</AncientSmokeVent>
      <AncientToxVent>0.02</AncientToxVent>
      <AncientHeatVent>0.02</AncientHeatVent>
      <HotSprings>0.02</HotSprings>
    </comboLandmarkMutators>
  </LandmarkDef>
  
  <LandmarkDef Abstract="True" Name="AbandonedColonyLandmarkBase">
    <label>abandoned colony</label>
    <iconTexturePath>World/Landmarks/AbandonedColony</iconTexturePath>
    <atlasSize>(2, 2)</atlasSize>
    <commonality>0.25</commonality>
    <nameMaker>NamerLandmark_AbandonedColony</nameMaker>
    <category>structure</category>
    <drawAboveRoads>true</drawAboveRoads>
    <mutatorChances>
      <FoggyMutator>0.05</FoggyMutator>
      <SunnyMutator>0.05</SunnyMutator>
      <WetClimate>0.05</WetClimate>
      <WindyMutator>0.05</WindyMutator>
      <AnimalHabitat>0.05</AnimalHabitat>
      <AnimalLife_Increased>0.05</AnimalLife_Increased>
      <PlantGrove>0.05</PlantGrove>
      <PlantLife_Increased>0.05</PlantLife_Increased>
      <Marshy>0.05</Marshy>
      <Sandy>0.05</Sandy>
      <Fertile>0.05</Fertile>
      <Muddy>0.05</Muddy>
      <InsectMegahive>0.01</InsectMegahive>
      <MixedBiome>0.5</MixedBiome>
      <WildPlants>0.1</WildPlants>
      <WildTropicalPlants>0.03</WildTropicalPlants>
      <ArcheanTrees>0.01</ArcheanTrees>
      <Pollution_Increased MayRequire="Ludeon.RimWorld.Biotech">0.05</Pollution_Increased>
      <AncientUplink>0.15</AncientUplink>
      <Stockpile>0.05</Stockpile>
      <Junkyard MayRequire="Ludeon.RimWorld.Ideology">0.1</Junkyard>
      <DryGround>0.05</DryGround>
    </mutatorChances>
    <comboLandmarkMutators>
      <Bay>0.1</Bay>
      <Valley>0.1</Valley>
      <Cavern>0.1</Cavern>
      <Chasm>0.1</Chasm>
      <Plateau>0.02</Plateau>
      <Pond>0.02</Pond>
      <Lake>0.02</Lake>
      <LakeWithIslands>0.02</LakeWithIslands>
      <HotSprings>0.02</HotSprings>
      <AncientSmokeVent>0.02</AncientSmokeVent>
      <AncientToxVent>0.02</AncientToxVent>
      <AncientHeatVent>0.02</AncientHeatVent>
    </comboLandmarkMutators>
  </LandmarkDef>

  <LandmarkDef ParentName="AbandonedColonyLandmarkBase">
    <defName>AbandonedColonyTribal</defName>
    <nameMaker>NamerLandmark_AbandonedColonyTribal</nameMaker>
    <mutatorChances>
      <AbandonedColonyTribal Required="True" />
    </mutatorChances>
  </LandmarkDef>

  <LandmarkDef ParentName="AbandonedColonyLandmarkBase">
    <defName>AbandonedColonyOutlander</defName>
    <nameMaker>NamerLandmark_AbandonedColonyOutlander</nameMaker>
    <mutatorChances>
      <AbandonedColonyOutlander Required="True" />
    </mutatorChances>
  </LandmarkDef>

  <LandmarkDef>
    <defName>Harbor</defName>
    <label>harbor</label>
    <iconTexturePath>World/Landmarks/Harbor</iconTexturePath>
    <drawType>TerrainMask</drawType>
    <atlasSize>(2, 2)</atlasSize>
    <coastRotateMode>AwayFromCoast</coastRotateMode>
    <commonality>0.2</commonality>
    <nameMaker>NamerLandmark_Harbor</nameMaker>
    <category>coastal</category>
    <drawAboveRoads>true</drawAboveRoads>
    <mutatorChances>
      <Bay Required="True"/>
      <Harbor Required="True"/>
      <PlantGrove>0.1</PlantGrove>
      <SunnyMutator>0.05</SunnyMutator>
      <WetClimate>0.25</WetClimate>
      <FoggyMutator>0.05</FoggyMutator>
      <Sandy>0.05</Sandy>
      <Fertile>0.05</Fertile>
      <Muddy>0.05</Muddy>
      <InsectMegahive>0.01</InsectMegahive>
      <MixedBiome>0.5</MixedBiome>
      <WildPlants>0.1</WildPlants>
      <WildTropicalPlants>0.03</WildTropicalPlants>
      <ArcheanTrees>0.01</ArcheanTrees>
      <Pollution_Increased MayRequire="Ludeon.RimWorld.Biotech">0.05</Pollution_Increased>
      <AncientUplink>0.15</AncientUplink>
      <Stockpile>0.05</Stockpile>
      <Fish_Increased>0.05</Fish_Increased>
      <Fish_Decreased>0.01</Fish_Decreased>
    </mutatorChances>
  </LandmarkDef>

  <LandmarkDef Name="AncientStructureBase" Abstract="True">
    <iconTexturePath>World/Landmarks/AncientLaunchSite</iconTexturePath>
    <atlasSize>(2, 2)</atlasSize>
    <commonality>0.2</commonality>
    <category>structure</category>
    <drawAboveRoads>true</drawAboveRoads>
    <mutatorChances>
      <FoggyMutator>0.05</FoggyMutator>
      <SunnyMutator>0.05</SunnyMutator>
      <WetClimate>0.05</WetClimate>
      <WindyMutator>0.05</WindyMutator>
      <AnimalLife_Decreased>0.15</AnimalLife_Decreased>
      <Marshy>0.05</Marshy>
      <Sandy>0.05</Sandy>
      <Fertile>0.05</Fertile>
      <Muddy>0.05</Muddy>
      <PlantGrove>0.1</PlantGrove>
      <InsectMegahive>0.01</InsectMegahive>
      <MixedBiome>0.5</MixedBiome>
      <WildPlants>0.1</WildPlants>
      <WildTropicalPlants>0.03</WildTropicalPlants>
      <ArcheanTrees>0.01</ArcheanTrees>
      <Pollution_Increased MayRequire="Ludeon.RimWorld.Biotech">0.05</Pollution_Increased>
      <AncientUplink>0.15</AncientUplink>
      <Stockpile>0.05</Stockpile>
      <Junkyard MayRequire="Ludeon.RimWorld.Ideology">0.1</Junkyard>
      <DryGround>0.05</DryGround>
    </mutatorChances>
    <comboLandmarkMutators>
      <HotSprings>0.02</HotSprings>
      <AncientSmokeVent>0.02</AncientSmokeVent>
      <AncientToxVent>0.02</AncientToxVent>
      <AncientHeatVent>0.02</AncientHeatVent>
    </comboLandmarkMutators>
  </LandmarkDef>

  <LandmarkDef ParentName="AncientStructureBase">
    <defName>AncientLaunchSite</defName>
    <label>ancient launch site</label>
    <nameMaker>NamerLandmark_LaunchSite</nameMaker>
    <mutatorChances>
      <AncientLaunchSite Required="True"/>
    </mutatorChances>
  </LandmarkDef>

  <LandmarkDef ParentName="AncientStructureBase">
    <defName>AncientGarrison</defName>
    <label>ancient garrison</label>
    <nameMaker>NamerLandmark_Garrison</nameMaker>
    <mutatorChances>
      <AncientGarrison Required="True"/>
    </mutatorChances>
  </LandmarkDef>

  <LandmarkDef ParentName="AncientStructureBase">
    <defName>AncientWarehouse</defName>
    <label>ancient warehouse</label>
    <nameMaker>NamerLandmark_Warehouse</nameMaker>
    <mutatorChances>
      <AncientWarehouse Required="True"/>
    </mutatorChances>
  </LandmarkDef>

  <LandmarkDef ParentName="AncientStructureBase">
    <defName>AncientChemfuelRefinery</defName>
    <label>ancient chemfuel refinery</label>
    <nameMaker>NamerLandmark_ChemfuelRefinery</nameMaker>
    <mutatorChances>
      <AncientChemfuelRefinery Required="True"/>
    </mutatorChances>
  </LandmarkDef>
  
  <LandmarkDef ParentName="AncientStructureBase">
    <defName>AncientInfestedSettlement</defName>
    <label>infested settlement</label>
    <nameMaker>NamerLandmark_InfestedSettlement</nameMaker>
    <mutatorChances>
      <AncientInfestedSettlement Required="True"/>
    </mutatorChances>
  </LandmarkDef>

</Defs>