﻿<?xml version="1.0" encoding="utf-8"?>
<Defs>

  <OrbitalDebrisDef>
    <defName>Asteroid</defName>
    <graphics>
      <li>
        <weighting>0.2</weighting>
        <order>1</order>
        <parallaxPer10Cells>0.2</parallaxPer10Cells>
        <graphicData>
          <texPath>World/Debris/Asteroid/Large</texPath>
          <graphicClass>Graphic_Random</graphicClass>
          <shaderType>OrbitalDebris</shaderType>
          <drawSize>14</drawSize>
        </graphicData>
      </li>
      <li>
        <weighting>0.5</weighting>
        <order>2</order>
        <parallaxPer10Cells>1</parallaxPer10Cells>
        <graphicData>
          <texPath>World/Debris/Asteroid/Medium</texPath>
          <graphicClass>Graphic_Random</graphicClass>
          <shaderType>OrbitalDebris</shaderType>
          <drawSize>6</drawSize>
        </graphicData>
      </li>
      <li>
        <weighting>1.0</weighting>
        <order>3</order>
        <parallaxPer10Cells>2</parallaxPer10Cells>
        <graphicData>
          <texPath>World/Debris/Asteroid/Small</texPath>
          <graphicClass>Graphic_Random</graphicClass>
          <shaderType>OrbitalDebris</shaderType>
          <drawSize>3</drawSize>
        </graphicData>
      </li>
    </graphics>
  </OrbitalDebrisDef>

  <OrbitalDebrisDef>
    <defName>Manmade</defName>
    <graphics>
      <li>
        <weighting>0.25</weighting>
        <order>1</order>
        <parallaxPer10Cells>0.2</parallaxPer10Cells>
        <graphicData>
          <texPath>World/Debris/Manmade/Platform</texPath>
          <graphicClass>Graphic_Random</graphicClass>
          <shaderType>OrbitalDebris</shaderType>
          <drawSize>6</drawSize>
        </graphicData>
      </li>
      <li>
        <weighting>0.5</weighting>
        <order>2</order>
        <parallaxPer10Cells>1</parallaxPer10Cells>
        <graphicData>
          <texPath>World/Debris/Manmade/Scrap</texPath>
          <graphicClass>Graphic_Random</graphicClass>
          <shaderType>OrbitalDebris</shaderType>
          <drawSize>4</drawSize>
        </graphicData>
      </li>
      <li>
        <weighting>0.75</weighting>
        <order>3</order>
        <parallaxPer10Cells>2</parallaxPer10Cells>
        <graphicData>
          <texPath>World/Debris/Manmade/Slag</texPath>
          <graphicClass>Graphic_Random</graphicClass>
          <shaderType>OrbitalDebris</shaderType>
          <drawSize>2</drawSize>
        </graphicData>
      </li>
    </graphics>
  </OrbitalDebrisDef>

  <OrbitalDebrisDef>
    <defName>Mechanoid</defName>
    <graphics>
      <li>
        <weighting>0.25</weighting>
        <order>1</order>
        <parallaxPer10Cells>0.2</parallaxPer10Cells>
        <graphicData>
          <texPath>World/Debris/Mechanoid/Platform</texPath>
          <graphicClass>Graphic_Random</graphicClass>
          <shaderType>OrbitalDebris</shaderType>
          <drawSize>6</drawSize>
        </graphicData>
      </li>
      <li>
        <weighting>0.5</weighting>
        <order>2</order>
        <parallaxPer10Cells>1</parallaxPer10Cells>
        <graphicData>
          <texPath>World/Debris/Mechanoid/Module</texPath>
          <graphicClass>Graphic_Random</graphicClass>
          <shaderType>OrbitalDebris</shaderType>
          <drawSize>4</drawSize>
        </graphicData>
      </li>
      <li>
        <weighting>0.75</weighting>
        <order>3</order>
        <parallaxPer10Cells>2</parallaxPer10Cells>
        <graphicData>
          <texPath>World/Debris/Mechanoid/Doodad</texPath>
          <graphicClass>Graphic_Random</graphicClass>
          <shaderType>OrbitalDebris</shaderType>
          <drawSize>2</drawSize>
        </graphicData>
      </li>
    </graphics>
  </OrbitalDebrisDef>
  
</Defs>