<?xml version="1.0" encoding="utf-8" ?>
<Defs>
  <ResearchProjectDef>
    <defName>Biosculpting</defName>
    <label>biosculpting</label>
    <description>Construct biosculpter pods which can perform various biological alterations to colonists. These are especially important to believers in transhumanism.</description>
    <baseCost>1500</baseCost>
    <techLevel>Industrial</techLevel>
    <requiredResearchBuilding>HiTechResearchBench</requiredResearchBuilding>
    <prerequisites>
      <li>MicroelectronicsBasics</li>
    </prerequisites>
    <researchViewX>13.00</researchViewX>
    <researchViewY>0.60</researchViewY>
    <generalRules>
      <rulesStrings>
        <li>subject->biosculpting</li>

        <li>subject_story->constructed biosculpter pods on contract for various colonies</li>
        <li>subject_story->studied transhumanist precepts, including the necessity of biosculpture</li>
        <li>subject_story->researched which biological alterations could be made safely</li>
        <li>subject_story->escaped a glitterworld support farm with these plans</li>
        <li>subject_story->was welcomed into a transhumanist colony</li>

        <li>subject_gerund->constructing biosculpter pods</li>

        <li>subject_gerund->sculpting the human form</li>
      </rulesStrings>
    </generalRules>
  </ResearchProjectDef>

  <ResearchProjectDef>
    <defName>Bioregeneration</defName>
    <label>bioregeneration</label>
    <description>Unlock the biosculpter pod's bioregeneration cycle. This cycle heals old scars, regenerates small lost body parts like fingers and toes, and cures many of the physical maladies that come with old age.</description>
    <baseCost>4000</baseCost>
    <techLevel>Industrial</techLevel>
    <requiredResearchBuilding>HiTechResearchBench</requiredResearchBuilding>
    <requiredResearchFacilities>
      <li>MultiAnalyzer</li>
    </requiredResearchFacilities>
    <prerequisites>
      <li>Biosculpting</li>
      <li>MultiAnalyzer</li>
    </prerequisites>
    <researchViewX>15.00</researchViewX>
    <researchViewY>0.60</researchViewY>
    <generalRules>
      <rulesStrings>
        <li>subject->bioregeneration</li>

        <li>subject_story->studied Boomalope antler regrowth for parallels with human regeneration</li>
        <li>subject_story->spliced salamander genetic data into [ANYPAWN_possessive] own body</li>
        <li>subject_story->trained in a Glitterworld hospital</li>
        <li>subject_story->completed a correspondence course in Glitterworld aesthetics</li>

        <li>subject_gerund->regenerating the human form</li>

        <li>subject_gerund->activating regeneration with biosculpters</li>
      </rulesStrings>
    </generalRules>
  </ResearchProjectDef>

  <ResearchProjectDef>
    <defName>NeuralSupercharger</defName>
    <label>neural supercharger</label>
    <description>Construct neural supercharger devices. Neural superchargers improve consciousness and learning rate, but they also increase hunger and the effect must be refreshed daily. Transhumanists often hold neural supercharging as an important practice.</description>
    <baseCost>1500</baseCost>
    <techLevel>Industrial</techLevel>
    <requiredResearchBuilding>HiTechResearchBench</requiredResearchBuilding>
    <prerequisites>
      <li>MicroelectronicsBasics</li>
    </prerequisites>
    <researchViewX>12.00</researchViewX>
    <researchViewY>0.6</researchViewY>
    <generalRules>
      <rulesStrings>
        <li>subject->neural superchargers</li>

        <li>subject_story->implemented neural superchargers in [ANYPAWN_possessive] boarding school</li>
        <li>subject_story->supercharged the neurons of farmed clones to massively accelerate their development</li>
        <li>subject_story->attempted to ban neural supercharging in the university course [ANYPAWN_pronoun] taught</li>
        <li>subject_story->joined a transhumanist sect where neural supercharging was mandatory</li>

        <li>subject_gerund->supercharging a human's intellect</li>

        <li>subject_gerund->constructing neural superchargers</li>
      </rulesStrings>
    </generalRules>
  </ResearchProjectDef>

</Defs>