﻿<?xml version="1.0" encoding="utf-8" ?>
<Defs>
  <ExpansionDef>
    <defName>Core</defName>
    <label>Core</label>
    <description>Core RimWorld content.</description>
    <linkedMod>Ludeon.RimWorld</linkedMod>
    <iconPath>UI/HeroArt/RimWorldLogo</iconPath>
    <backgroundPath>UI/HeroArt/BGPlanet</backgroundPath>
    <isCore>True</isCore>
  </ExpansionDef>

  <ExpansionDef>
    <defName>Royalty</defName>
    <label>Royalty</label>
    <description>Fight or ally with the new Shattered Empire faction.

Gain psychic powers through noble right, tribal nature communion, or artifact theft. Strengthen them through meditation, and use them to win battles and socially influence people. Strengthen your psychic power by meditating in grand thronerooms, in nature, before flames, the dead or blank walls.

Complete quests to earn honor and titles, or riches and gear. Host rich nobles, poor refugees, animals, prisoners, and more. Defend crashed shuttles, serve as aerial shock troops, build monuments, defeat enemies, and recruit visitors.

Use the special privileges of nobility to call Imperial troops, shuttles, and orbital strikes.

New mechanoid clusters may deploy on your map. Wear them down with artillery, do sneaky sabotage, or lure enemies into the danger.

Wield persona weapons with unique traits. Use jump packs for tactical flight and shield packs for emergency defense. Wear cataphract armor, locust armor, grenadier armor, and phoenix armor, each with different tools. Install new body implants to augment brains, stomachs, arms, and skin.

Enjoy a new album of music by Alistair Lindsay.

Host and protect the Stellarch and his guards complete the new royal endgame quest.</description>
    <linkedMod>Ludeon.RimWorld.Royalty</linkedMod>
    <steamUrl>steam://url/StoreAppPage/1149640</steamUrl>
    <siteUrl>https://rimworldgame.com/</siteUrl>
    <iconPath>UI/HeroArt/ExpansionIcon_Royalty</iconPath>
    <notOwnedIconPath>UI/HeroArt/NotOwned_Royalty</notOwnedIconPath>
    <backgroundPath>UI/HeroArt/MenuBG_Royalty</backgroundPath>
    <previewImagesFolderPath>UI/HeroArt/Preview_Royalty</previewImagesFolderPath>
    <primaryColor>(179, 179, 125)</primaryColor>
  </ExpansionDef>

  <ExpansionDef>
    <defName>Ideology</defName>
    <label>Ideology</label>
    <description>Create your own belief system with fine control over behaviors, preferences, rituals, symbols, and more. Play as pirate nudist cannibals, blind undergrounder mole people, charitable ranching cowboys, machine-obsessed transhumanists, and more.

Assign social roles like leader, moral guide, and specialist to your colonists.

Hold unforgettable rituals: Dance parties, cannibal feasts, burn and smoke circles, skylantern festivals, sacrifices, gladiator duels, blindings, scarifications, funerals, and more.

Connect with Gauranlen trees and command the dryads that live inside them.

Hunt for ancient relics. Explore long-forgotten ruins, hack downed spacedrones, and infiltrate tribal villages. Attract wealthy pilgrims by presenting your relics in reliquaries. Plunder ancient complexes for treasure. Raid temporary encampments. Help beggars in need, or betray them.

Enslave prisoners to perform work or fight for you.

Place many new buildings linked to belief systems, and see the many visual styles of different beliefs.

Use new apparel, tattoos, and hairstyles desired by believers.

Seek transcendence through a machine god in the new archonexus endgame.</description>
    <linkedMod>Ludeon.RimWorld.Ideology</linkedMod>
    <steamUrl>https://store.steampowered.com/app/1392840</steamUrl>
    <siteUrl>https://rimworldgame.com/</siteUrl>
    <iconPath>UI/HeroArt/ExpansionIcon_Ideology</iconPath>
    <notOwnedIconPath>UI/HeroArt/NotOwned_Ideology</notOwnedIconPath>
    <backgroundPath>UI/HeroArt/MenuBG_Ideology</backgroundPath>
    <previewImagesFolderPath>UI/HeroArt/Preview_Ideology</previewImagesFolderPath>
    <primaryColor>(179, 125, 125)</primaryColor>
  </ExpansionDef>

  <ExpansionDef>
    <defName>Biotech</defName>
    <label>Biotech</label>
    <description>Raise a family, control mechanoids, and genetically-modify humans.

Build nurseries, play with babies, keep them happy and fed. Babies grow up into children who play, get into trouble, learn, and take lessons. Give the kids a rich childhood, or leave them in a growth vat until they're adults. 

Build and control new kinds of mechanoids. Create combat and labor mechanoids and grow your swarm to a fearsome army and workforce. 

Manage the pollution produced by your mechanoids. Freeze it, export it, destroy it with high-tech atomizers, or adapt to it.

Call down three new hyper-deadly commander mechanoids and defeat them for their ancient technology.

Genetically-modify your colonists or prisoners. Curate a collection of genes through trade, quest rewards, and surgical extractions. Recombine and implant genes to customize people to their purpose.

Interact with new factions of brutish pig-people, toxin-immune human bioweapons, fur-covered animal-controlling arctic settlers, fire-breathing horned desert imps, psychic-bonding super-mates, and more.

Explore the dark power of the secret blood-drinkers and use it to live forever.</description>
    <linkedMod>Ludeon.RimWorld.Biotech</linkedMod>
    <siteUrl>https://rimworldgame.com/</siteUrl>
    <steamUrl>https://store.steampowered.com/app/1826140</steamUrl>
    <iconPath>UI/HeroArt/ExpansionIcon_Biotech</iconPath>
    <notOwnedIconPath>UI/HeroArt/NotOwned_Biotech</notOwnedIconPath>
    <backgroundPath>UI/HeroArt/MenuBG_Biotech</backgroundPath>
    <previewImagesFolderPath>UI/HeroArt/Preview_Biotech</previewImagesFolderPath>
    <primaryColor>(125, 179, 179)</primaryColor>
  </ExpansionDef>

  <ExpansionDef>
    <defName>Anomaly</defName>
    <label>Anomaly</label>
    <description>Awaken the monolith and provoke the insane machine-mind. Anomaly is a horror-themed expansion that adds diverse and twisted threats and lets you build containment facilities for dark entities.

Track down an invisible hunter that steals people’s souls. Test and interrogate your people to find out who is infested with a mind-controlling parasite. Destroy a fleshmass infestation before it grows over the whole map and consumes everything. Tamper with obelisks that duplicate, mutate, and abduct your colonists. Venture into underground caverns and kill the momma beast below.

Build a grand containment facility for capturing and studying monsters. Use the power of captured creatures against your enemies. Harvest them for resources to craft void-powered weapons, equipment, apparel, and serums.

Fight macabre cultists to stop them from kidnapping your people with their psychic rituals. Use those same rituals for your own purposes and summon the massed dead, rain rage-filled blood, or steal the minds and health of your foes.

Choose your fate in the new endgame as an abyssal void swallows the world.

This expansion includes a new album of music by Alistair Lindsay.</description>
    <linkedMod>Ludeon.RimWorld.Anomaly</linkedMod>
    <siteUrl>https://rimworldgame.com/</siteUrl>
    <steamUrl>https://store.steampowered.com/app/2380740</steamUrl>
    <iconPath>UI/HeroArt/ExpansionIcon_Anomaly</iconPath>
    <notOwnedIconPath>UI/HeroArt/NotOwned_Anomaly</notOwnedIconPath>
    <backgroundPath>UI/HeroArt/MenuBG_Anomaly</backgroundPath>
    <previewImagesFolderPath>UI/HeroArt/Preview_Anomaly</previewImagesFolderPath>
    <primaryColor>(255, 255, 255)</primaryColor>
  </ExpansionDef>

</Defs>
