<?xml version="1.0" encoding="utf-8" ?>
<Defs>

  <RulePackDef>
    <defName>PlaceMakerCommon</defName>
    <rulePack>
      <rulesStrings>
        <li>place_personalWeapon->assault rifle</li>
        <li>place_massWeapon->an archotech mass-inverter</li>
        <li>seismicDevice->a seismic quake-generation device</li>
        <li>anEMPAttack->an EMP strike to the life support systems</li>
      </rulesStrings>
    </rulePack>
  </RulePackDef>

  <!-- =================== Spacer or tribal ========================= -->

  <PlaceDef>
    <defName>Oubanyen</defName>
    <tags>
      <li>OriginTribal</li>
      <li>OriginSpacer</li>
    </tags>
    <placeRules>
      <include>
        <li>PlaceMakerCommon</li>
      </include>
      <rulesStrings>
        <!-- A steamy world of wet jungles, strange tribes with psychic powers. -->
        <li>place_name->Oubanyen</li>
        <li>place_adjective->Oubanyeni</li>
        <li>place_summary->steamy jungle-world</li>
        <li>place_community->tree-top village</li>
        <li>place_community->shaman cave</li>
        <li>place_community->hill-top ziggurat</li>
        <li>place_powerCenter->city temple</li>
        <li>place_job->shaman</li>
        <li>place_job->hunter</li>
        <li>place_job->fisher</li>
        <li>place_job->gatherer</li>
        <li>place_job->goat-herd</li>
        <li>place_personalWeapon->pila</li>
        <li>place_personalWeapon->ikwa</li>
        <li>place_massWeapon->a lethal psychic drone</li>
        <li>place_massWeapon->a neurotoxin bomb</li>
        <li>place_foeLeader->tree-harvester</li>
        <li>place_foeSoldiers->henchmen</li>
      </rulesStrings>
    </placeRules>
  </PlaceDef>

  <PlaceDef>
    <defName>Chelis</defName>
    <tags>
      <li>OriginTribal</li>
      <li>OriginSpacer</li>
    </tags>
    <placeRules>
      <include>
        <li>PlaceMakerCommon</li>
      </include>
      <rulesStrings>
        <!-- An arid world of moisture-farming tribes -->
        <li>place_name->Chelis</li>
        <li>place_adjective->Chelisi</li>
        <li>place_summary->arid world</li>
        <li>place_community->moisture farm</li>
        <li>place_community->parch-town</li>
        <li>place_community->water center</li>
        <li>place_powerCenter->high lifehall</li>
        <li>place_job->water gatherer</li>
        <li>place_job->lizardskinner</li>
        <li>place_job->oasis seeker</li>
        <li>place_job->cactus gatherer</li>
        <li>place_job->scav-herder</li>
        <li>place_personalWeapon->sand-arrow</li>
        <li>place_personalWeapon->cactus-club</li>
        <li>place_massWeapon->an archotech-induced sandstorm</li>
        <li>place_massWeapon->a spikelizard stampede</li>
        <li>place_foeLeader->chief</li>
        <li>place_foeSoldiers->sand-warriors</li>
      </rulesStrings>
    </placeRules>
  </PlaceDef>

  <PlaceDef>
    <defName>Ilwaba</defName>
    <tags>
      <li>OriginTribal</li>
      <li>OriginSpacer</li>
    </tags>
    <placeRules>
      <include>
        <li>PlaceMakerCommon</li>
      </include>
      <rulesStrings>
        <!-- A regrown deathworld where tribes live among overgrown cities. -->
        <li>place_name->Ilwaba</li>
        <li>place_adjective->Ilwaban</li>
        <li>place_summary->regrown ruin-world</li>
        <li>place_community->skyscraper village</li>
        <li>place_community->highway trade-post</li>
        <li>place_community->blast-land oasis</li>
        <li>place_powerCenter->house of regrowth</li>
        <li>place_job->crete-farmer</li>
        <li>place_job->path-maker</li>
        <li>place_job->artifact hunter</li>
        <li>place_job->tunnelwalker</li>
        <li>place_job->artifact restorer</li>
        <li>place_personalWeapon->scrap-sword</li>
        <li>place_personalWeapon->jag-dagger</li>
        <li>place_massWeapon->a dug-up nuke</li>
        <li>place_massWeapon->an ancient poison bomb</li>
        <li>place_foeLeader->crypto-leader</li>
        <li>place_foeSoldiers->crypto-soldiers</li>
      </rulesStrings>
    </placeRules>
  </PlaceDef>

  <PlaceDef>
    <defName>Boccocarro</defName>
    <tags>
      <li>OriginTribal</li>
      <li>OriginSpacer</li>
    </tags>
    <placeRules>
      <include>
        <li>PlaceMakerCommon</li>
      </include>
      <rulesStrings>
        <!-- A subterranean world with vast caverns and a baked, inhospitable surface. Many factious but isolated city-states. -->
        <li>place_name->Boccocarro</li>
        <li>place_adjective->Boccin</li>
        <li>place_summary->cavernous shell-world</li>
        <li>place_community->surface tunnel</li>
        <li>place_community->fungus cavern</li>
        <li>place_community->drip-well</li>
        <li>place_powerCenter->speech-hall</li>
        <li>place_job->miner</li>
        <li>place_job->fungus grower</li>
        <li>place_job->surface scavenger</li>
        <li>place_job->community cook</li>
        <li>place_job->frog-hunter</li>
        <li>place_personalWeapon->pickaxe</li>
        <li>place_personalWeapon->hydraulic crossbow</li>
        <li>place_massWeapon->[seismicDevice]</li>
        <li>place_massWeapon->a blackpowder bomb</li>
        <li>place_foeLeader->mine hypervisor</li>
        <li>place_foeSoldiers->abyssal marines</li>
      </rulesStrings>
    </placeRules>
  </PlaceDef>

  <PlaceDef>
    <defName>Nuchadus</defName>
    <tags>
      <li>OriginTribal</li>
      <li>OriginSpacer</li>
    </tags>
    <placeRules>
      <include>
        <li>PlaceMakerCommon</li>
      </include>
      <rulesStrings>
        <!-- A chaotic volcanic world far from the sun, covered with lava flows and black sand dunes. There are nomads and movable cities. -->
        <li>place_name->Nuchadus</li>
        <li>place_adjective->Nuchadean</li>
        <li>place_summary->dim volcano-world</li>
        <li>place_community->basalt island</li>
        <li>place_community->caldera laketown</li>
        <li>place_community->dirigible village</li>
        <li>place_powerCenter->thermal fortress</li>
        <li>place_job->seismologist</li>
        <li>place_job->lava-snail farmer</li>
        <li>place_job->tank-tread repairer</li>
        <li>place_job->airborne scout</li>
        <li>place_personalWeapon->obsidian dagger</li>
        <li>place_personalWeapon->harpoon rifle</li>
        <li>place_massWeapon->an archotech-induced volcano eruption</li>
        <li>place_massWeapon->a chem-warfare bomb</li>
        <li>place_foeLeader->lava lord</li>
        <li>place_foeSoldiers->stygian soldiers</li>
      </rulesStrings>
    </placeRules>
  </PlaceDef>

  <PlaceDef>
    <defName>Zoutera</defName>
    <tags>
      <li>OriginTribal</li>
      <li>OriginSpacer</li>
    </tags>
    <placeRules>
      <include>
        <li>PlaceMakerCommon</li>
      </include>
      <rulesStrings>
        <!-- A grassy planet populated by megafauna. -->
        <li>place_name->Zoutera</li>
        <li>place_adjective->Zoutin</li>
        <li>place_summary->grassy dino-world</li>
        <li>place_community->trading outpost</li>
        <li>place_community->tent village</li>
        <li>place_community->mammoth burial ground</li>
        <li>place_powerCenter->hill-top fort</li>
        <li>place_job->dino-rider</li>
        <li>place_job->muffalo-herder</li>
        <li>place_job->hunter</li>
        <li>place_job->toughleather maker</li>
        <li>place_personalWeapon->bamboo staff</li>
        <li>place_personalWeapon->hunt-bomb arrows</li>
        <li>place_massWeapon->a stampeding herd of [megaFauna]</li>
        <li>place_massWeapon->a fertilizer bomb</li>
        <li>place_foeLeader->tusk-king</li>
        <li>place_foeSoldiers->tusk-warriors</li>

        <li>megaFauna->ankylosaurs</li>
        <li>megaFauna->blue mammoths</li>
        <li>megaFauna->novoraptors</li>
      </rulesStrings>
    </placeRules>
  </PlaceDef>

  <PlaceDef>
    <defName>Wavia</defName>
    <tags>
      <li>OriginTribal</li>
      <li>OriginSpacer</li>
    </tags>
    <placeRules>
      <include>
        <li>PlaceMakerCommon</li>
      </include>
      <rulesStrings>
        <!-- A water world dotted with atolls and floating seaweed. -->
        <li>place_name->Wavia</li>
        <li>place_adjective->Wavian</li>
        <li>place_summary->oceanic planet</li>
        <li>place_community->trading atoll</li>
        <li>place_community->floating village</li>
        <li>place_community->seaweed refinery</li>
        <li>place_powerCenter->capitol bridge</li>
        <li>place_job->fisher</li>
        <li>place_job->pearl diver</li>
        <li>place_job->sail maker</li>
        <li>place_job->captain</li>
        <li>place_job->sea-grass gatherer</li>
        <li>place_personalWeapon->harpoon</li>
        <li>place_personalWeapon->barbed net</li>
        <li>place_massWeapon->a high-yield torpedo</li>
        <li>place_massWeapon->a baited [seaBeast]</li>
        <li>place_foeLeader->whaler admiral</li>
        <li>place_foeSoldiers->whaler-marines</li>

        <li>seaBeast->deep-kraken</li>
        <li>seaBeast->Wavian leviathan</li>
      </rulesStrings>
    </placeRules>
  </PlaceDef>

  <PlaceDef>
    <defName>Bagua5</defName>
    <tags>
      <li>OriginTribal</li>
      <li>OriginSpacer</li>
    </tags>
    <placeRules>
      <include>
        <li>PlaceMakerCommon</li>
      </include>
      <rulesStrings>
        <!-- A junkyard planet of crashed ships, broken machinery, scavengers and traders. -->
        <li>place_name->Bagua 5</li>
        <li>place_adjective->Bagucinquan</li>
        <li>place_summary->junkyard planet</li>
        <li>place_community->fortified scrapyard</li>
        <li>place_community->rainwater processing plant</li>
        <li>place_community->scrap-town</li>
        <li>place_powerCenter->trader spaceport</li>
        <li>place_job->scavenger</li>
        <li>place_job->trader</li>
        <li>place_job->tinkerer</li>
        <li>place_job->guard</li>
        <li>place_job->scrapper</li>
        <li>place_personalWeapon->pipe rifle</li>
        <li>place_personalWeapon->scrap-sword</li>
        <li>place_massWeapon->a salvaged nuke</li>
        <li>place_massWeapon->a rust virus</li>
        <li>place_foeLeader->junk lord</li>
        <li>place_foeSoldiers->metal-heads</li>
      </rulesStrings>
    </placeRules>
  </PlaceDef>

  <PlaceDef>
    <defName>Rhydell</defName>
    <tags>
      <li>OriginTribal</li>
      <li>OriginSpacer</li>
    </tags>
    <placeRules>
      <include>
        <li>PlaceMakerCommon</li>
      </include>
      <rulesStrings>
        <!-- A forest moon filled valuable flora and with dangerous predators. -->
        <li>place_name->Rhydell</li>
        <li>place_adjective->Rhydellian</li>
        <li>place_summary->savage forest moon</li>
        <li>place_community->converted dropship</li>
        <li>place_community->low-shielded encampment</li>
        <li>place_community->communication center</li>
        <li>place_powerCenter->armored habitat</li>
        <li>place_job->frontier botanist</li>
        <li>place_job->trophy hunter</li>
        <li>place_job->medic</li>
        <li>place_job->camp cook</li>
        <li>place_job->biolab engineer</li>
        <li>place_personalWeapon->sniper rifle</li>
        <li>place_personalWeapon->machete</li>
        <li>place_massWeapon->a plant-derived neurotoxin gas</li>
        <li>place_massWeapon->an orbital laser strike</li>
        <li>place_foeLeader->deepcorp executive</li>
        <li>place_foeSoldiers->deepcorp enforcers</li>
      </rulesStrings>
    </placeRules>
  </PlaceDef>


  <!-- ==================== Spacer only ======================== -->

  <PlaceDef>
    <defName>Iwamura</defName>
    <tags>
      <li>OriginSpacer</li>
    </tags>
    <placeRules>
      <include>
        <li>PlaceMakerCommon</li>
      </include>
      <rulesStrings>
        <!-- Iwamura is a stony asteroid housing a large trading hub. -->
        <li>place_name->Iwamura</li>
        <li>place_adjective->Iwamurian</li>
        <li>place_summary->stony asteroid</li>
        <li>place_community->market capsule</li>
        <li>place_community->warehouse capsule</li>
        <li>place_community->docking pier</li>
        <li>place_powerCenter->station bridge</li>
        <li>place_job->life-support engineer</li>
        <li>place_job->merchant</li>
        <li>place_job->flight controller</li>
        <li>place_job->zero-g athlete</li>
        <li>place_job->radio host</li>
        <li>place_personalWeapon->charge rifle</li>
        <li>place_personalWeapon->welding torch</li>
        <li>place_massWeapon->an aerosolized toxin</li>
        <li>place_massWeapon->[anEMPAttack]</li>
        <li>place_massWeapon->a life-support sabotage virus</li>
        <li>place_foeLeader->mega-corp CEO</li>
        <li>place_foeSoldiers->rent-a-cops</li>
      </rulesStrings>
    </placeRules>
  </PlaceDef>

  <PlaceDef>
    <defName>Novaroma</defName>
    <tags>
      <li>OriginSpacer</li>
    </tags>
    <placeRules>
      <include>
        <li>PlaceMakerCommon</li>
      </include>
      <rulesStrings>
        <!-- Novaroma is a planetoid covered in a vast city, ruled by a bureaucracy. -->
        <li>place_name->Novaroma</li>
        <li>place_adjective->Novaroman</li>
        <li>place_summary->planetoid</li>
        <li>place_community->ministry of permits</li>
        <li>place_community->gated suburb</li>
        <li>place_community->over-city</li>
        <li>place_community->under-city</li>
        <li>place_powerCenter->megacity overhall</li>
        <li>place_job->clerk</li>
        <li>place_job->official</li>
        <li>place_job->food courier</li>
        <li>place_job->taxi driver</li>
        <li>place_job->retail worker</li>
        <li>place_personalWeapon->revolver</li>
        <li>place_personalWeapon->knife</li>
        <li>place_massWeapon->[seismicDevice]</li>
        <li>place_massWeapon->cluster bombs</li>
        <li>place_massWeapon->a nuclear suitcase-bomb</li>
        <li>place_foeLeader->high-underlord</li>
        <li>place_foeSoldiers->undertroops</li>
      </rulesStrings>
    </placeRules>
  </PlaceDef>

  <PlaceDef>
    <defName>Filson</defName>
    <tags>
      <li>OriginSpacer</li>
    </tags>
    <placeRules>
      <include>
        <li>PlaceMakerCommon</li>
      </include>
      <rulesStrings>
        <!-- Filson is a rural planet of vast agriculture plots and territorial landowners. -->
        <li>place_name->Filson</li>
        <li>place_adjective->Filsoner</li>
        <li>place_summary->rural farm-world</li>
        <li>place_community->town hall</li>
        <li>place_community->fertilizer processing plant</li>
        <li>place_community->mega-granary</li>
        <li>place_community->water-bore site</li>
        <li>place_powerCenter->town hall</li>
        <li>place_job->farm hand</li>
        <li>place_job->fruit picker</li>
        <li>place_job->transport driver</li>
        <li>place_job->school teacher</li>
        <li>place_job->soil engineer</li>
        <li>place_personalWeapon->rifle</li>
        <li>place_personalWeapon->scythe</li>
        <li>place_massWeapon->fertilizer bombs</li>
        <li>place_massWeapon->weaponized pesticide spray</li>
        <li>place_massWeapon->space lens</li>
        <li>place_foeLeader->landowner</li>
        <li>place_foeSoldiers->militia</li>
      </rulesStrings>
    </placeRules>
  </PlaceDef>

  <PlaceDef>
    <defName>Creticon</defName>
    <tags>
      <li>OriginSpacer</li>
    </tags>
    <placeRules>
      <include>
        <li>PlaceMakerCommon</li>
      </include>
      <rulesStrings>
        <!-- Creticon is a high-tech death-world where everyone lives in bunkers. -->
        <li>place_name->Creticon</li>
        <li>place_adjective->Creticonian</li>
        <li>place_summary->blasted death-world</li>
        <li>place_community->bunker</li>
        <li>place_community->cavern</li>
        <li>place_community->ice-shelter</li>
        <li>place_powerCenter->director's bunker</li>
        <li>place_job->water-recycler repairer</li>
        <li>place_job->algae farmer</li>
        <li>place_job->doctor</li>
        <li>place_job->teacher</li>
        <li>place_job->militia commander</li>
        <li>place_job->shuttle pilot</li>
        <li>place_personalWeapon->autopistol</li>
        <li>place_personalWeapon->LMG</li>
        <li>place_massWeapon->a shoulder-mounted nuclear missile</li>
        <li>place_massWeapon->an orbital bombardment</li>
        <li>place_massWeapon->chemical bombs</li>
        <li>place_massWeapon->hacked mechanoids</li>
        <li>place_foeLeader->warlord</li>
        <li>place_foeSoldiers->mercenaries</li>
      </rulesStrings>
    </placeRules>
  </PlaceDef>

  <PlaceDef>
    <defName>Yttak</defName>
    <tags>
      <li>OriginSpacer</li>
    </tags>
    <placeRules>
      <include>
        <li>PlaceMakerCommon</li>
      </include>
      <rulesStrings>
        <!-- Yttak is a frigid ice-moon prison colony. -->
        <li>place_name->Yttak</li>
        <li>place_adjective->Yttaki</li>
        <li>place_summary->ice-moon prison</li>
        <li>place_community->meal hall</li>
        <li>place_community->guard barracks</li>
        <li>place_community->detention center</li>
        <li>place_powerCenter->warden's office complex</li>
        <li>place_job->detainee</li>
        <li>place_job->guard</li>
        <li>place_job->escapee</li>
        <li>place_job->maintenance worker</li>
        <li>place_job->transport driver</li>
        <li>place_personalWeapon->shiv</li>
        <li>place_personalWeapon->SMG</li>
        <li>place_massWeapon->an improvised chemical bomb</li>
        <li>place_massWeapon->an orbital laser strike</li>
        <li>place_foeLeader->prison warden</li>
        <li>place_foeSoldiers->corrupt guards</li>
      </rulesStrings>
    </placeRules>
  </PlaceDef>

  <PlaceDef>
    <defName>Kemia</defName>
    <tags>
      <li>OriginSpacer</li>
    </tags>
    <placeRules>
      <include>
        <li>PlaceMakerCommon</li>
      </include>
      <rulesStrings>
        <!-- Kemia is a toxic, overcrowded world with an oppressive government. -->
        <li>place_name->Kemia</li>
        <li>place_adjective->Kemian</li>
        <li>place_summary->toxic war-world</li>
        <li>place_community->slum</li>
        <li>place_community->tunnel colony</li>
        <li>place_community->undertown</li>
        <li>place_powerCenter->city lordhouse</li>
        <li>place_job->street sweeper</li>
        <li>place_job->cleanup engineer</li>
        <li>place_job->protein farmer</li>
        <li>place_job->taxi driver</li>
        <li>place_job->weapons builder</li>
        <li>place_personalWeapon->gas bomb</li>
        <li>place_personalWeapon->toxic flamethrower</li>
        <li>place_massWeapon->nuclear dirty bombs</li>
        <li>place_massWeapon->a bio-engineered plague</li>
        <li>place_massWeapon->penetrating toxic bombs</li>
        <li>place_foeLeader->poison lord</li>
        <li>place_foeSoldiers->venom-soldiers</li>
      </rulesStrings>
    </placeRules>
  </PlaceDef>

  <PlaceDef>
    <defName>Rogia</defName>
    <tags>
      <li>OriginSpacer</li>
    </tags>
    <placeRules>
      <include>
        <li>PlaceMakerCommon</li>
      </include>
      <rulesStrings>
        <!-- Rogia is a world of windy prairies and towering glitter-tech cities. -->
        <li>place_name->Rogia</li>
        <li>place_adjective->Rogian</li>
        <li>place_summary->glitter-tech world</li>
        <li>place_community->medical institute</li>
        <li>place_community->space elevator</li>
        <li>place_community->robotics factory</li>
        <li>place_powerCenter->planetary capitol</li>
        <li>place_job->starforce cadet</li>
        <li>place_job->artisan farmer</li>
        <li>place_job->social-media prodigy</li>
        <li>place_job->zero-g athlete</li>
        <li>place_job->glitter-tech smuggler</li>
        <li>place_personalWeapon->charge lance</li>
        <li>place_personalWeapon->persona monosword</li>
        <li>place_massWeapon->antimatter warheads</li>
        <li>place_massWeapon->a weaponized computer virus</li>
        <li>place_massWeapon->remote-controlled mechanoid workers</li>
        <li>place_foeLeader->corrupt bureaucrat</li>
        <li>place_foeSoldiers->bionic guards</li>
      </rulesStrings>
    </placeRules>
  </PlaceDef>

  <PlaceDef>
    <defName>Xanides</defName>
    <tags>
      <li>OriginSpacer</li>
    </tags>
    <placeRules>
      <include>
        <li>PlaceMakerCommon</li>
      </include>
      <rulesStrings>
        <!-- A small strip-mining planet with a thin atmosphere. -->
        <li>place_name->Xanides</li>
        <li>place_adjective->Xanidian</li>
        <li>place_summary->exploited mineral-planet</li>
        <li>place_community->strip mine</li>
        <li>place_community->ore refinery</li>
        <li>place_community->nutrient paste cafeteria</li>
        <li>place_powerCenter->oxygen depot</li>
        <li>place_job->miner</li>
        <li>place_job->supervisor</li>
        <li>place_job->technician</li>
        <li>place_job->mechanic</li>
        <li>place_job->life support engineer</li>
        <li>place_personalWeapon->electro-baton</li>
        <li>place_personalWeapon->autopistol</li>
        <li>place_massWeapon->blasting charges</li>
        <li>place_massWeapon->[anEMPAttack]</li>
        <li>place_foeLeader->mine-corp boss</li>
        <li>place_foeSoldiers->mine-corp troops</li>
      </rulesStrings>
    </placeRules>
  </PlaceDef>

  <PlaceDef>
    <defName>Lutuni</defName>
    <tags>
      <li>OriginSpacer</li>
    </tags>
    <placeRules>
      <include>
        <li>PlaceMakerCommon</li>
      </include>
      <rulesStrings>
        <!-- A rainforest paradise and glitterworld tourist destination. -->
        <li>place_name->Lutuni</li>
        <li>place_adjective->Lutuni</li>
        <li>place_summary->rainforest paradise</li>
        <li>place_community->augmentation clinic</li>
        <li>place_community->hyper-yacht</li>
        <li>place_community->zero-g stadium</li>
        <li>place_powerCenter->space elevator complex</li>
        <li>place_job->tourist guide</li>
        <li>place_job->zero-g performer</li>
        <li>place_job->luciferium distributor</li>
        <li>place_job->virtual celebrity</li>
        <li>place_job->shuttle pilot</li>
        <li>place_personalWeapon->vibro-knife</li>
        <li>place_personalWeapon->charge pistol</li>
        <li>place_massWeapon->a structural disintegration bacterium</li>
        <li>place_massWeapon->a smuggled orbital bombardment targeter</li>
        <li>place_foeLeader->entertainment mogul</li>
        <li>place_foeSoldiers->enforcers</li>
      </rulesStrings>
    </placeRules>
  </PlaceDef>

  <PlaceDef>
    <defName>AturaStation</defName>
    <tags>
      <li>OriginSpacer</li>
    </tags>
    <placeRules>
      <include>
        <li>PlaceMakerCommon</li>
      </include>
      <rulesStrings>
        <!-- An orbital dry dock and construction yard. -->
        <li>place_name->Atura Station</li>
        <li>place_adjective->Aturan</li>
        <li>place_summary->orbital shipyard</li>
        <li>place_community->shuttle dock</li>
        <li>place_community->manufacturing ring</li>
        <li>place_community->residential ring</li>
        <li>place_powerCenter->central control room</li>
        <li>place_job->construction drone operator</li>
        <li>place_job->manager</li>
        <li>place_job->test pilot</li>
        <li>place_job->sales agent</li>
        <li>place_job->3D printer technician</li>
        <li>place_personalWeapon->taser</li>
        <li>place_personalWeapon->arc welder</li>
        <li>place_massWeapon->[anEMPAttack]</li>
        <li>place_massWeapon->remote-controlled welding drones</li>
        <li>place_foeLeader->crime boss</li>
        <li>place_foeSoldiers->thugs</li>
      </rulesStrings>
    </placeRules>
  </PlaceDef>

</Defs>
