﻿<?xml version="1.0" encoding="utf-8" ?>
<Defs>

  <RecipeDef Name="CookMealBase" Abstract="True">
    <fixedIngredientFilter>
      <categories>
        <li>FoodRaw</li>
      </categories>
      <specialFiltersToDisallow>
        <li>AllowPlantFood</li>
      </specialFiltersToDisallow>
    </fixedIngredientFilter>
    <defaultIngredientFilter>
      <categories>
        <li>FoodRaw</li>
      </categories>
      <disallowedCategories>
        <li>EggsFertilized</li>
      </disallowedCategories>
      <disallowedThingDefs>
        <li>Meat_Human</li>
        <li>Meat_Megaspider</li>
        <li>InsectJelly</li>
      </disallowedThingDefs>
    </defaultIngredientFilter>
    <workSkill>Cooking</workSkill>
  </RecipeDef>

  <!--=================================== Simple meal ==========================================-->

  <RecipeDef ParentName="CookMealBase">
    <defName>CookMealSimple</defName>
    <label>cook simple meal</label>
    <description>Cook a straightforward meal from one ingredient.</description>
    <jobString>Cooking simple meal.</jobString>
    <workSpeedStat>CookSpeed</workSpeedStat>
    <requiredGiverWorkType>Cooking</requiredGiverWorkType>
    <effectWorking>Cook</effectWorking>
    <soundWorking>Recipe_CookMeal</soundWorking>
    <allowMixingIngredients>true</allowMixingIngredients>
    <ingredientValueGetterClass>IngredientValueGetter_Nutrition</ingredientValueGetterClass>
    <ingredients>
      <li>
        <filter>
          <categories>
            <li>FoodRaw</li>
          </categories>
        </filter>
        <count>0.5</count>
      </li>
    </ingredients>
    <products>
      <MealSimple>1</MealSimple>
    </products>
    <workSkill>Cooking</workSkill>
  </RecipeDef>

  <RecipeDef ParentName="CookMealBase">
    <defName>CookMealSimpleBulk</defName>
    <label>cook simple meal x4</label>
    <description>Cook 4 straightforward meals from one ingredient.</description>
    <jobString>Cooking 4 simple meals.</jobString>
    <workAmount>1200</workAmount>
    <workSpeedStat>CookSpeed</workSpeedStat>
    <requiredGiverWorkType>Cooking</requiredGiverWorkType>
    <effectWorking>Cook</effectWorking>
    <soundWorking>Recipe_CookMeal</soundWorking>
    <allowMixingIngredients>true</allowMixingIngredients>
    <ingredientValueGetterClass>IngredientValueGetter_Nutrition</ingredientValueGetterClass>
    <ingredients>
      <li>
        <filter>
          <categories>
            <li>FoodRaw</li>
          </categories>
        </filter>
        <count>2.0</count>
      </li>
    </ingredients>
    <products>
      <MealSimple>4</MealSimple>
    </products>
    <workSkill>Cooking</workSkill>
  </RecipeDef>

  <RecipeDef Name="CookMealFineBase" ParentName="CookMealBase" Abstract="True">
    <workSpeedStat>CookSpeed</workSpeedStat>
    <effectWorking>Cook</effectWorking>
    <soundWorking>Recipe_CookMeal</soundWorking>
    <allowMixingIngredients>true</allowMixingIngredients>
    <ingredientValueGetterClass>IngredientValueGetter_Nutrition</ingredientValueGetterClass>
    <skillRequirements>
      <Cooking>6</Cooking>
    </skillRequirements>
  </RecipeDef>

  <RecipeDef ParentName="CookMealFineBase">
    <defName>CookMealFine</defName>
    <label>cook fine meal</label>
    <description>Cook a somewhat complex meal from a combination of meat and plant ingredients.</description>
    <jobString>Cooking fine meal.</jobString>
    <ingredients>
      <li>
        <filter>
          <categories>
            <li>MeatRaw</li>
            <li>AnimalProductRaw</li>
          </categories>
        </filter>
        <count>0.25</count>
      </li>
      <li>
        <filter>
          <categories>
            <li>PlantFoodRaw</li>
          </categories>
        </filter>
        <count>0.25</count>
      </li>
    </ingredients>
    <products>
      <MealFine>1</MealFine>
    </products>
  </RecipeDef>

  <RecipeDef ParentName="CookMealFineBase">
    <defName>CookMealFine_Veg</defName>
    <label>cook vegetarian fine meal</label>
    <description>Cook a somewhat complex meal from plant ingredients.</description>
    <jobString>Cooking vegetarian fine meal.</jobString>
    <ingredients>
      <li>
        <filter>
          <categories>
            <li>PlantFoodRaw</li>
            <li>AnimalProductRaw</li>
          </categories>
        </filter>
        <count>0.75</count>
      </li>
    </ingredients>
    <fixedIngredientFilter>
      <disallowedCategories>
        <li>MeatRaw</li>
      </disallowedCategories>
    </fixedIngredientFilter>
    <products>
      <MealFine_Veg>1</MealFine_Veg>
    </products>
  </RecipeDef>

  <RecipeDef ParentName="CookMealFineBase">
    <defName>CookMealFine_Meat</defName>
    <label>cook carnivore fine meal</label>
    <description>Cook a somewhat complex meal from meat ingredients.</description>
    <jobString>Cooking carnivore fine meal.</jobString>
    <ingredients>
      <li>
        <filter>
          <categories>
            <li>MeatRaw</li>
          </categories>
        </filter>
        <count>0.75</count>
      </li>
    </ingredients>
    <fixedIngredientFilter>
      <disallowedCategories>
        <li>PlantFoodRaw</li>
        <li>AnimalProductRaw</li>
      </disallowedCategories>
    </fixedIngredientFilter>
    <products>
      <MealFine_Meat>1</MealFine_Meat>
    </products>
  </RecipeDef>

  <!--=================================== Fine meal ==========================================-->

  <RecipeDef Name="CookMealFineBulkBase" ParentName="CookMealBase" Abstract="True">
    <workAmount>1800</workAmount>
    <workSpeedStat>CookSpeed</workSpeedStat>
    <effectWorking>Cook</effectWorking>
    <soundWorking>Recipe_CookMeal</soundWorking>
    <allowMixingIngredients>true</allowMixingIngredients>
    <ingredientValueGetterClass>IngredientValueGetter_Nutrition</ingredientValueGetterClass>
    <skillRequirements>
      <Cooking>6</Cooking>
    </skillRequirements>
  </RecipeDef>

  <RecipeDef ParentName="CookMealFineBulkBase">
    <defName>CookMealFineBulk</defName>
    <label>cook fine meal x4</label>
    <description>Cook 4 somewhat complex meals from a combination of meat and plant ingredients. Some of the ingredients are wasted in order to create a good eating experience.</description>
    <jobString>Cooking 4 fine meals.</jobString>
    <ingredients>
      <li>
        <filter>
          <categories>
            <li>MeatRaw</li>
            <li>AnimalProductRaw</li>
          </categories>
        </filter>
        <count>1.0</count>
      </li>
      <li>
        <filter>
          <categories>
            <li>PlantFoodRaw</li>
          </categories>
        </filter>
        <count>1.0</count>
      </li>
    </ingredients>
    <products>
      <MealFine>4</MealFine>
    </products>
  </RecipeDef>

  <RecipeDef ParentName="CookMealFineBulkBase">
    <defName>CookMealFineBulk_Meat</defName>
    <label>cook carnivore fine meal x4</label>
    <description>Cook 4 somewhat complex meals from meat ingredients. Some of the ingredients are wasted in order to create a good eating experience. Producing varied flavors with meat alone introduces extra inefficiencies.</description>
    <jobString>Cooking 4 carnivore fine meals.</jobString>
    <ingredients>
      <li>
        <filter>
          <categories>
            <li>MeatRaw</li>
          </categories>
        </filter>
        <count>3.0</count>
      </li>
    </ingredients>
    <fixedIngredientFilter>
      <disallowedCategories>
        <li>PlantFoodRaw</li>
        <li>AnimalProductRaw</li>
      </disallowedCategories>
    </fixedIngredientFilter>
    <products>
      <MealFine_Meat>4</MealFine_Meat>
    </products>
  </RecipeDef>

  <RecipeDef ParentName="CookMealFineBulkBase">
    <defName>CookMealFineBulk_Veg</defName>
    <label>cook vegetarian fine meal x4</label>
    <description>Cook 4 somewhat complex meals from plant ingredients. Some of the ingredients are wasted in order to create a good eating experience. Producing varied flavors with plants alone introduces extra inefficiencies.</description>
    <jobString>Cooking 4 vegetarian fine meals.</jobString>
    <ingredients>
      <li>
        <filter>
          <categories>
            <li>PlantFoodRaw</li>
            <li>AnimalProductRaw</li>
          </categories>
        </filter>
        <count>3.0</count>
      </li>
    </ingredients>
    <fixedIngredientFilter>
      <disallowedCategories>
        <li>MeatRaw</li>
      </disallowedCategories>
    </fixedIngredientFilter>
    <products>
      <MealFine_Veg>4</MealFine_Veg>
    </products>
  </RecipeDef>

  <!--=================================== Lavish meal ==========================================-->

  <RecipeDef Name="CookMealLavishBase" ParentName="CookMealBase" Abstract="True">
    <workSpeedStat>CookSpeed</workSpeedStat>
    <effectWorking>Cook</effectWorking>
    <soundWorking>Recipe_CookMeal</soundWorking>
    <allowMixingIngredients>true</allowMixingIngredients>
    <ingredientValueGetterClass>IngredientValueGetter_Nutrition</ingredientValueGetterClass>
    <skillRequirements>
      <Cooking>8</Cooking>
    </skillRequirements>
  </RecipeDef>

  <RecipeDef ParentName="CookMealLavishBase">
    <defName>CookMealLavish</defName>
    <label>cook lavish meal</label>
    <description>Cook a very complex meal from a combination of meat and plant ingredients. Much of the ingredients are wasted in order to create the best eating experience.</description>
    <jobString>Cooking lavish meal.</jobString>
    <ingredients>
      <li>
        <filter>
          <categories>
            <li>MeatRaw</li>
            <li>AnimalProductRaw</li>
          </categories>
        </filter>
        <count>0.5</count>
      </li>
      <li>
        <filter>
          <categories>
            <li>PlantFoodRaw</li>
          </categories>
        </filter>
        <count>0.5</count>
      </li>
    </ingredients>
    <products>
      <MealLavish>1</MealLavish>
    </products>
  </RecipeDef>

  <RecipeDef ParentName="CookMealLavishBase">
    <defName>CookMealLavish_Meat</defName>
    <label>cook carnivore lavish meal</label>
    <description>Cook a very complex meal from meat ingredients. Much of the ingredients are wasted in order to create the best eating experience. Producing varied flavors with meat alone introduces extra inefficiencies.</description>
    <jobString>Cooking carnivore lavish meal.</jobString>
    <ingredients>
      <li>
        <filter>
          <categories>
            <li>MeatRaw</li>
          </categories>
        </filter>
        <count>2.5</count>
      </li>
    </ingredients>
    <fixedIngredientFilter>
      <disallowedCategories>
        <li>PlantFoodRaw</li>
        <li>AnimalProductRaw</li>
      </disallowedCategories>
    </fixedIngredientFilter>
    <products>
      <MealLavish_Meat>1</MealLavish_Meat>
    </products>
  </RecipeDef>

  <RecipeDef ParentName="CookMealLavishBase">
    <defName>CookMealLavish_Veg</defName>
    <label>cook vegetarian lavish meal</label>
    <description>Cook a very complex meal from plant ingredients. Much of the ingredients are wasted in order to create the best eating experience. Producing varied flavors with plants alone introduces extra inefficiencies.</description>
    <jobString>Cooking vegetarian lavish meal.</jobString>
    <ingredients>
      <li>
        <filter>
          <categories>
            <li>PlantFoodRaw</li>
            <li>AnimalProductRaw</li>
          </categories>
        </filter>
        <count>2.5</count>
      </li>
    </ingredients>
    <fixedIngredientFilter>
      <disallowedCategories>
        <li>MeatRaw</li>
      </disallowedCategories>
    </fixedIngredientFilter>
    <products>
      <MealLavish_Veg>1</MealLavish_Veg>
    </products>
  </RecipeDef>

  <RecipeDef Name="CookMealLavishBulkBase" ParentName="CookMealBase" Abstract="True">
    <workAmount>3200</workAmount>
    <workSpeedStat>CookSpeed</workSpeedStat>
    <effectWorking>Cook</effectWorking>
    <soundWorking>Recipe_CookMeal</soundWorking>
    <allowMixingIngredients>true</allowMixingIngredients>
    <ingredientValueGetterClass>IngredientValueGetter_Nutrition</ingredientValueGetterClass>
    <skillRequirements>
      <Cooking>8</Cooking>
    </skillRequirements>
  </RecipeDef>

  <RecipeDef ParentName="CookMealLavishBulkBase">
    <defName>CookMealLavishBulk</defName>
    <label>cook lavish meal x4</label>
    <description>Cook 4 very complex meals from a combination of meat and plant ingredients. Much of the ingredients are wasted in order to create the best eating experience.</description>
    <jobString>Cooking 4 lavish meals.</jobString>
    <ingredients>
      <li>
        <filter>
          <categories>
            <li>MeatRaw</li>
            <li>AnimalProductRaw</li>
          </categories>
        </filter>
        <count>2.0</count>
      </li>
      <li>
        <filter>
          <categories>
            <li>PlantFoodRaw</li>
          </categories>
        </filter>
        <count>2.0</count>
      </li>
    </ingredients>
    <products>
      <MealLavish>4</MealLavish>
    </products>
  </RecipeDef>

  <RecipeDef ParentName="CookMealLavishBulkBase">
    <defName>CookMealLavishBulk_Veg</defName>
    <label>cook vegetarian lavish meal x4</label>
    <description>Cook 4 very complex meals from plant ingredients. Much of the ingredients are wasted in order to create the best eating experience. Producing varied flavors with plants alone introduces extra inefficiencies.</description>
    <jobString>Cooking 4 vegetarian lavish meals.</jobString>
    <ingredients>
      <li>
        <filter>
          <categories>
            <li>PlantFoodRaw</li>
            <li>AnimalProductRaw</li>
          </categories>
        </filter>
        <count>10.0</count>
      </li>
    </ingredients>
    <fixedIngredientFilter>
      <disallowedCategories>
        <li>MeatRaw</li>
      </disallowedCategories>
    </fixedIngredientFilter>
    <products>
      <MealLavish_Veg>4</MealLavish_Veg>
    </products>
  </RecipeDef>

  <RecipeDef ParentName="CookMealLavishBulkBase">
    <defName>CookMealLavishBulk_Meat</defName>
    <label>cook carnivore lavish meal x4</label>
    <description>Cook 4 very complex meals from meat ingredients. Much of the ingredients are wasted in order to create the best eating experience. Producing varied flavors with meat alone introduces extra inefficiencies.</description>
    <jobString>Cooking 4 carnivore lavish meals.</jobString>
    <ingredients>
      <li>
        <filter>
          <categories>
            <li>MeatRaw</li>
          </categories>
        </filter>
        <count>10.0</count>
      </li>
    </ingredients>
    <fixedIngredientFilter>
      <disallowedCategories>
        <li>PlantFoodRaw</li>
        <li>AnimalProductRaw</li>
      </disallowedCategories>
    </fixedIngredientFilter>
    <products>
      <MealLavish_Meat>4</MealLavish_Meat>
    </products>
  </RecipeDef>

  <!--=================================== Survival meal ==========================================-->

  <RecipeDef ParentName="CookMealBase">
    <defName>CookMealSurvival</defName>
    <label>cook packaged survival meal</label>
    <description>Prepare a packaged survival meal from a combination of meat and plant ingredients. Much of the ingredients are wasted in the preservation process.</description>
    <jobString>Cooking survival meal.</jobString>
    <workSpeedStat>CookSpeed</workSpeedStat>
    <effectWorking>Cook</effectWorking>
    <soundWorking>Recipe_CookMeal</soundWorking>
    <allowMixingIngredients>true</allowMixingIngredients>
    <ingredientValueGetterClass>IngredientValueGetter_Nutrition</ingredientValueGetterClass>
    <ingredients>
      <li>
        <filter>
          <categories>
            <li>MeatRaw</li>
            <li>AnimalProductRaw</li>
          </categories>
        </filter>
        <count>0.30</count>
      </li>
      <li>
        <filter>
          <categories>
            <li>PlantFoodRaw</li>
          </categories>
        </filter>
        <count>0.30</count>
      </li>
    </ingredients>
    <products>
      <MealSurvivalPack>1</MealSurvivalPack>
    </products>
    <skillRequirements>
      <Cooking>8</Cooking>
    </skillRequirements>
    <researchPrerequisite>PackagedSurvivalMeal</researchPrerequisite>
  </RecipeDef>

  <RecipeDef ParentName="CookMealBase">
    <defName>CookMealSurvivalBulk</defName>
    <label>cook packaged survival meal x4</label>
    <description>Prepare 4 packaged survival meals from a combination of meat and plant ingredients. Much of the ingredients are wasted in the preservation process.</description>
    <jobString>Cooking 4 survival meals.</jobString>
    <workAmount>1440</workAmount>
    <workSpeedStat>CookSpeed</workSpeedStat>
    <effectWorking>Cook</effectWorking>
    <soundWorking>Recipe_CookMeal</soundWorking>
    <allowMixingIngredients>true</allowMixingIngredients>
    <ingredientValueGetterClass>IngredientValueGetter_Nutrition</ingredientValueGetterClass>
    <ingredients>
      <li>
        <filter>
          <categories>
            <li>MeatRaw</li>
            <li>AnimalProductRaw</li>
          </categories>
        </filter>
        <count>1.20</count>
      </li>
      <li>
        <filter>
          <categories>
            <li>PlantFoodRaw</li>
          </categories>
        </filter>
        <count>1.20</count>
      </li>
    </ingredients>
    <products>
      <MealSurvivalPack>4</MealSurvivalPack>
    </products>
    <skillRequirements>
      <Cooking>8</Cooking>
    </skillRequirements>
    <researchPrerequisite>PackagedSurvivalMeal</researchPrerequisite>
  </RecipeDef>

</Defs>
