<Defs> 
  
  <SoundDef>
    <defName>SpacedroneIdle_Ambience</defName>
    <sustain>True</sustain>
    <context>MapOnly</context>
    <priorityMode>PrioritizeNearest</priorityMode>
    <subSounds>
      <li>
        <muteWhenPaused>True</muteWhenPaused>
        <grains>
          <li Class="AudioGrain_Clip">
            <clipPath>Ambience/Spacedrone_Ambience_Loop_01a</clipPath>
          </li>
        </grains>
        <volumeRange>10</volumeRange>
        <distRange>10~30</distRange>
      </li>
    </subSounds>
  </SoundDef>

</Defs>