<?xml version="1.0" encoding="utf-8"?>
<Defs>  
  <SoundDef>
    <defName>DislikedWorkTypeActivated</defName>
    <maxSimultaneous>1</maxSimultaneous>
    <subSounds>
      <li>
        <onCamera>True</onCamera>
        <grains>
          <li Class="AudioGrain_Clip">
            <clipPath>UI/DislikedWorkType_Activated</clipPath>
          </li>
        </grains>
        <volumeRange>10~10</volumeRange>
        <pitchRange>0.9~1.1</pitchRange>
      </li>
    </subSounds>
  </SoundDef>

  <SoundDef>
    <defName>GauranlenProductionModeSet</defName>
    <maxSimultaneous>1</maxSimultaneous>
    <subSounds>
      <li>
        <onCamera>True</onCamera>
        <grains>
          <li Class="AudioGrain_Clip">
            <clipPath>UI/GauranlenTree_ProductionModeSet</clipPath>
          </li>
        </grains>
        <volumeRange>26</volumeRange>
        <sustainLoop>False</sustainLoop>
      </li>
    </subSounds>
  </SoundDef>

  <SoundDef>
    <defName>RelicHuntInstallationFound</defName>
    <maxSimultaneous>1</maxSimultaneous>
    <subSounds>
      <li>
        <onCamera>True</onCamera>
        <grains>
          <li Class="AudioGrain_Clip">
            <clipPath>UI/LetterArriveRelicFound</clipPath>
          </li>
        </grains>
        <volumeRange>41~41</volumeRange>
      </li>
    </subSounds>
  </SoundDef>

  <SoundDef>
    <defName>GameStartSting_FirstArchonexusCycle</defName>    
    <maxVoices>1</maxVoices>  
    <maxSimultaneous>1</maxSimultaneous>  
    <subSounds>
      <li>
        <onCamera>True</onCamera>      
        <grains>
          <li Class="AudioGrain_Clip">
            <clipPath>Exotic/Archonexus/ArchonexusNewColonyCycle_First</clipPath>
          </li>
        </grains>      
        <volumeRange>30~30</volumeRange>
      </li>
    </subSounds>
  </SoundDef>

  <SoundDef>
    <defName>GameStartSting_SecondArchonexusCycle</defName>    
    <maxVoices>1</maxVoices>  
    <maxSimultaneous>1</maxSimultaneous>  
    <subSounds>
      <li>
        <onCamera>True</onCamera>      
        <grains>
          <li Class="AudioGrain_Clip">
            <clipPath>Exotic/Archonexus/ArchonexusNewColonyCycle_Second</clipPath>
          </li>
        </grains>      
        <volumeRange>30~30</volumeRange>
      </li>
    </subSounds>
  </SoundDef>

  <SoundDef>
    <defName>ArchonexusNewColonyAccept</defName>
    <maxVoices>1</maxVoices>
    <maxSimultaneous>1</maxSimultaneous>
    <subSounds>
      <li>
        <onCamera>True</onCamera>
        <grains>
          <li Class="AudioGrain_Clip">
            <clipPath>Exotic/Archonexus/ArchonexusNewColonyAccept</clipPath>
          </li>
        </grains>
        <volumeRange>40~40</volumeRange>
      </li>
    </subSounds>
  </SoundDef>

</Defs>