﻿<?xml version="1.0" encoding="utf-8" ?>
<Defs>

  <MentalStateDef Abstract="True" Name="BaseMentalState">
    <minTicksBeforeRecovery>10000</minTicksBeforeRecovery>
    <recoveryMtbDays>0.3</recoveryMtbDays>
  </MentalStateDef>

  <!-- Mental breaks: extreme -->

  <MentalBreakDef>
    <defName>Berserk</defName>
    <mentalState>Berserk</mentalState>
    <baseCommonality>1</baseCommonality>
    <intensity>Extreme</intensity>
  </MentalBreakDef>
  <MentalStateDef ParentName="BaseMentalState">
    <defName>Berserk</defName>
    <stateClass>MentalState_Berserk</stateClass>
    <label>berserk</label>
    <category>Aggro</category>
    <blockInteractionInitiationExcept>
      <li>Insult</li>
    </blockInteractionInitiationExcept>
    <blockInteractionRecipientExcept>
      <li>Insult</li>
    </blockInteractionRecipientExcept>
    <blockRandomInteraction>true</blockRandomInteraction>
    <moodRecoveryThought>Catharsis</moodRecoveryThought>
    <blockNormalThoughts>true</blockNormalThoughts>
    <nameColor>(0.9,0.2,0.5)</nameColor>
    <beginLetter>{0} has gone berserk.\n\n[PAWN_pronoun] will attack anyone [PAWN_pronoun] sees.</beginLetter>
    <beginLetterDef>ThreatSmall</beginLetterDef>
    <minTicksBeforeRecovery>40000</minTicksBeforeRecovery>
    <maxTicksBeforeRecovery>60000</maxTicksBeforeRecovery>
    <recoveryMtbDays>0.166</recoveryMtbDays>
    <recoveryMessage>{0}'s berserk rage has come to an end.</recoveryMessage>
    <baseInspectLine>Mental state: Berserk</baseInspectLine>
    <stateEffecter>Berserk</stateEffecter>
    <tale>MentalStateBerserk</tale>
    <recoverFromSleep>true</recoverFromSleep>
    <inCaravanCanDo>true</inCaravanCanDo>
  </MentalStateDef>

  <MentalBreakDef>
    <defName>FireStartingSpree</defName>
    <mentalState>FireStartingSpree</mentalState>
    <baseCommonality>1</baseCommonality>
    <intensity>Extreme</intensity>
    <requiredTrait>Pyromaniac</requiredTrait>
  </MentalBreakDef>
  <MentalStateDef ParentName="BaseMentalState">
    <defName>FireStartingSpree</defName>
    <stateClass>MentalState_FireStartingSpree</stateClass>
    <label>fire starting spree</label>
    <category>Malicious</category>
    <blockInteractionInitiationExcept>
    </blockInteractionInitiationExcept>
    <blockInteractionRecipientExcept>
      <li>Insult</li>
    </blockInteractionRecipientExcept>
    <blockRandomInteraction>true</blockRandomInteraction>
    <prisonersCanDo>false</prisonersCanDo>
    <colonistsOnly>true</colonistsOnly>
    <minTicksBeforeRecovery>6000</minTicksBeforeRecovery>
    <maxTicksBeforeRecovery>10000</maxTicksBeforeRecovery>
    <recoveryMtbDays>0.033</recoveryMtbDays>
    <nameColor>(0.5, 0.9, 0.5)</nameColor>
    <beginLetter>{0} is on a fire starting spree.\n\n[PAWN_pronoun] will wander around for a while, randomly starting fires.</beginLetter>
    <beginLetterDef>ThreatSmall</beginLetterDef>
    <moodRecoveryThought>Catharsis</moodRecoveryThought>
    <recoveryMessage>{0} is no longer on a fire starting spree.</recoveryMessage>
    <baseInspectLine>Mental state: Fire starting spree</baseInspectLine>
    <recoverFromSleep>true</recoverFromSleep>
    <inCaravanCanDo>true</inCaravanCanDo>
  </MentalStateDef>

  <MentalBreakDef Name="Binging_DrugExtremeBreak">
    <defName>Binging_DrugExtreme</defName>
    <workerClass>MentalBreakWorker_BingingDrug</workerClass>
    <mentalState>Binging_DrugExtreme</mentalState>
    <baseCommonality>1</baseCommonality>
    <intensity>Extreme</intensity>
  </MentalBreakDef>
  <MentalStateDef ParentName="BaseMentalState" Name="Binging_DrugExtremeState">
    <defName>Binging_DrugExtreme</defName>
    <stateClass>MentalState_BingingDrug</stateClass>
    <workerClass>MentalStateWorker_BingingDrug</workerClass>
    <label>binging on drug</label>
    <category>Misc</category>
    <prisonersCanDo>false</prisonersCanDo>
    <colonistsOnly>true</colonistsOnly>
    <minTicksBeforeRecovery>40000</minTicksBeforeRecovery>
    <maxTicksBeforeRecovery>60000</maxTicksBeforeRecovery>
    <recoveryMtbDays>0.133</recoveryMtbDays>
    <recoverFromSleep>true</recoverFromSleep>
    <nameColor>(0.5, 0.9, 0.5)</nameColor>
    <moodRecoveryThought>Catharsis</moodRecoveryThought>
    <baseInspectLine>Mental state: Binging on {0}</baseInspectLine>
    <allowBeatfire>true</allowBeatfire>
    <drugCategory>Hard</drugCategory>
    <ignoreDrugPolicy>true</ignoreDrugPolicy>
  </MentalStateDef>

  <MentalBreakDef>
    <defName>Catatonic</defName>
    <label>catatonic</label>
    <baseCommonality>1</baseCommonality>
    <intensity>Extreme</intensity>
    <workerClass>MentalBreakWorker_Catatonic</workerClass>
  </MentalBreakDef>

  <MentalBreakDef>
    <defName>Jailbreaker</defName>
    <mentalState>Jailbreaker</mentalState>
    <baseCommonality>1</baseCommonality>
    <intensity>Extreme</intensity>
  </MentalBreakDef>
  <MentalStateDef ParentName="BaseMentalState">
    <defName>Jailbreaker</defName>
    <stateClass>MentalState_Jailbreaker</stateClass>
    <workerClass>MentalStateWorker_Jailbreaker</workerClass>
    <label>inducing prisoner to escape</label>
    <category>Malicious</category>
    <colonistsOnly>true</colonistsOnly>
    <prisonersCanDo>false</prisonersCanDo>
    <minTicksBeforeRecovery>60000</minTicksBeforeRecovery>
    <maxTicksBeforeRecovery>60000</maxTicksBeforeRecovery>
    <recoverFromSleep>true</recoverFromSleep>
    <nameColor>(0.8,0.36,1)</nameColor>
    <moodRecoveryThought>Catharsis</moodRecoveryThought>
    <recoveryMessage>{0} is no longer inducing prisoners to escape.</recoveryMessage>
    <beginLetterLabel>jailbreaker</beginLetterLabel>
    <beginLetter>{0} has had a mental breakdown and is going to induce prisoners to escape.</beginLetter>
    <beginLetterDef>ThreatSmall</beginLetterDef>
    <baseInspectLine>Mental state: Jailbreaker</baseInspectLine>
    <allowBeatfire>true</allowBeatfire>
    <escapingPrisonersIgnore>true</escapingPrisonersIgnore>
  </MentalStateDef>

  <MentalBreakDef>
    <defName>Slaughterer</defName>
    <mentalState>Slaughterer</mentalState>
    <baseCommonality>0.75</baseCommonality>
    <intensity>Extreme</intensity>
  </MentalBreakDef>
  <MentalStateDef ParentName="BaseMentalState">
    <defName>Slaughterer</defName>
    <stateClass>MentalState_Slaughterer</stateClass>
    <workerClass>MentalStateWorker_Slaughterer</workerClass>
    <label>slaughterer</label>
    <category>Aggro</category>
    <blockInteractionInitiationExcept>
    </blockInteractionInitiationExcept>
    <blockInteractionRecipientExcept>
    </blockInteractionRecipientExcept>
    <blockRandomInteraction>true</blockRandomInteraction>
    <colonistsOnly>true</colonistsOnly>
    <minTicksBeforeRecovery>8000</minTicksBeforeRecovery>
    <maxTicksBeforeRecovery>12000</maxTicksBeforeRecovery>
    <recoveryMtbDays>0.033</recoveryMtbDays>
    <recoverFromSleep>true</recoverFromSleep>
    <nameColor>(0.88,0.48,0.16)</nameColor>
    <moodRecoveryThought>Catharsis</moodRecoveryThought>
    <blockNormalThoughts>true</blockNormalThoughts>
    <recoveryMessage>{0} is no longer slaughtering random animals.</recoveryMessage>
    <beginLetter>{0} has had a mental breakdown and is going to vent [PAWN_possessive] anger on your animals.</beginLetter>
    <beginLetterDef>ThreatSmall</beginLetterDef>
    <baseInspectLine>Mental state: Slaughterer</baseInspectLine>
    <allowBeatfire>true</allowBeatfire>
  </MentalStateDef>

  <MentalBreakDef>
    <defName>MurderousRage</defName>
    <mentalState>MurderousRage</mentalState>
    <intensity>Extreme</intensity>
    <baseCommonality>1</baseCommonality>
    <commonalityFactorPerPopulationCurve>
      <points>
        <li>(2, 0.1)</li>
        <li>(7, 1)</li>
      </points>
    </commonalityFactorPerPopulationCurve>
  </MentalBreakDef>
  <MentalStateDef ParentName="BaseMentalState">
    <defName>MurderousRage</defName>
    <stateClass>MentalState_MurderousRage</stateClass>
    <workerClass>MentalStateWorker_MurderousRage</workerClass>
    <label>murderous rage</label>
    <category>Aggro</category>
    <blockInteractionInitiationExcept>
      <li>Insult</li>
    </blockInteractionInitiationExcept>
    <blockInteractionRecipientExcept>
      <li>Insult</li>
    </blockInteractionRecipientExcept>
    <blockRandomInteraction>true</blockRandomInteraction>
    <colonistsOnly>true</colonistsOnly>
    <minTicksBeforeRecovery>100000</minTicksBeforeRecovery>
    <maxTicksBeforeRecovery>100000</maxTicksBeforeRecovery>
    <recoverFromSleep>true</recoverFromSleep>
    <nameColor>(0.9,0.2,0.5)</nameColor>
    <moodRecoveryThought>Catharsis</moodRecoveryThought>
    <blockNormalThoughts>true</blockNormalThoughts>
    <recoveryMessage>{0} is no longer in a murderous rage.</recoveryMessage>
    <beginLetter>{0} has flown into a murderous rage.\n\n[PAWN_pronoun] has decided to kill {1}.</beginLetter>
    <beginLetterDef>ThreatSmall</beginLetterDef>
    <baseInspectLine>Mental state: Murderous rage</baseInspectLine>
    <allowBeatfire>true</allowBeatfire>
  </MentalStateDef>

  <MentalBreakDef>
    <defName>RunWild</defName>
    <label>run wild</label>
    <intensity>Extreme</intensity>
    <workerClass>MentalBreakWorker_RunWild</workerClass>
    <baseCommonality>0.5</baseCommonality>
    <commonalityFactorPerPopulationCurve>
      <points>
        <li>(2, 0.1)</li>
        <li>(7, 1)</li>
      </points>
    </commonalityFactorPerPopulationCurve>
  </MentalBreakDef>

  <MentalBreakDef>
    <defName>GiveUpExit</defName>
    <mentalState>GiveUpExit</mentalState>
    <intensity>Extreme</intensity>
    <baseCommonality>1</baseCommonality>
    <commonalityFactorPerPopulationCurve>
      <points>
        <li>(7, 0)</li>
        <li>(12, 1)</li>
      </points>
    </commonalityFactorPerPopulationCurve>
  </MentalBreakDef>
  <MentalStateDef ParentName="BaseMentalState">
    <defName>GiveUpExit</defName>
    <label>giving up and leaving</label>
    <stateClass>MentalState_GiveUpExit</stateClass>
    <category>Misc</category>
    <prisonersCanDo>false</prisonersCanDo>
    <slavesCanDo>false</slavesCanDo>
    <moodRecoveryThought>Catharsis</moodRecoveryThought>
    <blockNormalThoughts>true</blockNormalThoughts>
    <nameColor>(0.65, 0.9, 0.93)</nameColor>
    <beginLetterLabel>gave up</beginLetterLabel>
    <beginLetter>{0} has given up on this community.\n\n[PAWN_pronoun] has decided to leave and pursue a better life elsewhere. You can try to arrest [PAWN_objective] as [PAWN_pronoun] leaves. Otherwise, you may still see [PAWN_objective] again some day.</beginLetter>
    <beginLetterDef>NegativeEvent</beginLetterDef>
    <recoveryMessage>{0} has had a change of heart and is coming back to the colony.</recoveryMessage>
    <baseInspectLine>Mental state: Given up and leaving</baseInspectLine>
    <tale>MentalStateGaveUp</tale>
    <allowBeatfire>true</allowBeatfire>
    <escapingPrisonersIgnore>true</escapingPrisonersIgnore>
  </MentalStateDef>

  <!-- Mental breaks: major -->

  <MentalBreakDef ParentName="Binging_DrugExtremeBreak">
    <defName>Binging_DrugMajor</defName>
    <mentalState>Binging_DrugMajor</mentalState>
    <intensity>Major</intensity>
  </MentalBreakDef>
  <MentalStateDef ParentName="Binging_DrugExtremeState">
    <defName>Binging_DrugMajor</defName>
    <drugCategory>Social</drugCategory>
  </MentalStateDef>

  <MentalBreakDef>
    <defName>Wander_Psychotic</defName>
    <mentalState>Wander_Psychotic</mentalState>
    <baseCommonality>1</baseCommonality>
    <intensity>Major</intensity>
  </MentalBreakDef>
  <MentalStateDef Name="WanderPsychotic" ParentName="BaseMentalState">
    <defName>Wander_Psychotic</defName>
    <stateClass>MentalState_WanderPsychotic</stateClass>
    <label>wandering in psychosis</label>
    <category>Misc</category>
    <moodRecoveryThought>Catharsis</moodRecoveryThought>
    <blockNormalThoughts>true</blockNormalThoughts>
    <nameColor>(0.65, 0.9, 0.93)</nameColor>
    <minTicksBeforeRecovery>70000</minTicksBeforeRecovery>
    <maxTicksBeforeRecovery>90000</maxTicksBeforeRecovery>
    <recoveryMtbDays>0.166</recoveryMtbDays>
    <recoveryMessage>{0} is no longer wandering in a psychotic state.</recoveryMessage>
    <beginLetterLabel>daze</beginLetterLabel>
    <beginLetter>{0} is wandering around in a psychotic state.</beginLetter>
    <beginLetterDef>NegativeEvent</beginLetterDef>
    <baseInspectLine>Mental state: Psychotic wandering</baseInspectLine>
    <tale>MentalStateGaveUp</tale>
    <inCaravanCanDo>true</inCaravanCanDo>
  </MentalStateDef>

  <MentalStateDef ParentName="WanderPsychotic">
    <defName>Wander_Psychotic_Short</defName>
    <minTicksBeforeRecovery>2500</minTicksBeforeRecovery>
  </MentalStateDef>

  <MentalBreakDef>
    <defName>Tantrum</defName>
    <mentalState>Tantrum</mentalState>
    <baseCommonality>0.333</baseCommonality>
    <intensity>Major</intensity>
  </MentalBreakDef>
  <MentalStateDef Name="Tantrum" ParentName="BaseMentalState">
    <defName>Tantrum</defName>
    <stateClass>MentalState_TantrumAll</stateClass>
    <workerClass>MentalStateWorker_TantrumAll</workerClass>
    <label>tantrum</label>
    <category>Aggro</category>
    <blockInteractionInitiationExcept>
      <li>Insult</li>
    </blockInteractionInitiationExcept>
    <blockInteractionRecipientExcept>
      <li>Insult</li>
    </blockInteractionRecipientExcept>
    <blockRandomInteraction>true</blockRandomInteraction>
    <colonistsOnly>true</colonistsOnly>
    <minTicksBeforeRecovery>8000</minTicksBeforeRecovery>
    <maxTicksBeforeRecovery>12000</maxTicksBeforeRecovery>
    <recoveryMtbDays>0.033</recoveryMtbDays>
    <recoverFromSleep>true</recoverFromSleep>
    <moodRecoveryThought>Catharsis</moodRecoveryThought>
    <blockNormalThoughts>true</blockNormalThoughts>
    <nameColor>(0.98,0.48,0.16)</nameColor>
    <recoveryMessage>{0} is no longer having a tantrum.</recoveryMessage>
    <beginLetter>{0} is having a tantrum.\n\n[PAWN_pronoun] will smash up random furniture, items and structures.</beginLetter>
    <beginLetterDef>NegativeEvent</beginLetterDef>
    <baseInspectLine>Mental state: Tantrum</baseInspectLine>
    <allowBeatfire>true</allowBeatfire>
  </MentalStateDef>

  <MentalBreakDef>
    <defName>TargetedTantrum</defName>
    <mentalState>TargetedTantrum</mentalState>
    <baseCommonality>0.333</baseCommonality>
    <intensity>Major</intensity>
  </MentalBreakDef>
  <MentalStateDef ParentName="Tantrum">
    <defName>TargetedTantrum</defName>
    <stateClass>MentalState_TargetedTantrum</stateClass>
    <workerClass>MentalStateWorker_TargetedTantrum</workerClass>
    <minTicksBeforeRecovery>40000</minTicksBeforeRecovery>
    <maxTicksBeforeRecovery>60000</maxTicksBeforeRecovery>
    <recoveryMtbDays>0.166</recoveryMtbDays>
    <beginLetter>{0} is having a tantrum.\n\n[PAWN_pronoun] is going to destroy {1}.</beginLetter>
  </MentalStateDef>

  <MentalBreakDef>
    <defName>BedroomTantrum</defName>
    <mentalState>BedroomTantrum</mentalState>
    <baseCommonality>0.333</baseCommonality>
    <intensity>Major</intensity>
  </MentalBreakDef>
  <MentalStateDef ParentName="Tantrum">
    <defName>BedroomTantrum</defName>
    <stateClass>MentalState_BedroomTantrum</stateClass>
    <workerClass>MentalStateWorker_BedroomTantrum</workerClass>
    <beginLetter>{0} is having a tantrum.\n\n[PAWN_pronoun] is going to smash things in [PAWN_possessive] room.</beginLetter>
  </MentalStateDef>

  <MentalBreakDef>
    <defName>SadisticRage</defName>
    <mentalState>SadisticRage</mentalState>
    <baseCommonality>1</baseCommonality>
    <intensity>Major</intensity>
  </MentalBreakDef>
  <MentalStateDef ParentName="Tantrum">
    <defName>SadisticRage</defName>
    <stateClass>MentalState_SadisticRageTantrum</stateClass>
    <workerClass>MentalStateWorker_SadisticRageTantrum</workerClass>
    <label>sadistic rage</label>
    <maxTicksBeforeRecovery>30000</maxTicksBeforeRecovery>
    <recoveryMessage>{0} is no longer in a sadistic rage.</recoveryMessage>
    <beginLetterDef>ThreatSmall</beginLetterDef>
    <beginLetter>{0} has flown into a sadistic rage.\n\n[PAWN_pronoun] is going to vent [PAWN_possessive] anger on the prisoners.</beginLetter>
    <baseInspectLine>Mental state: Sadistic rage</baseInspectLine>
  </MentalStateDef>

  <MentalBreakDef>
    <defName>CorpseObsession</defName>
    <mentalState>CorpseObsession</mentalState>
    <baseCommonality>0.4</baseCommonality>
    <intensity>Major</intensity>
  </MentalBreakDef>
  <MentalStateDef ParentName="BaseMentalState">
    <defName>CorpseObsession</defName>
    <stateClass>MentalState_CorpseObsession</stateClass>
    <workerClass>MentalStateWorker_CorpseObsession</workerClass>
    <label>corpse obsession</label>
    <requiredCapacities>
        <li>Manipulation</li>
    </requiredCapacities>
    <category>Misc</category>
    <prisonersCanDo>false</prisonersCanDo>
    <colonistsOnly>true</colonistsOnly>
    <minTicksBeforeRecovery>50000</minTicksBeforeRecovery>
    <maxTicksBeforeRecovery>70000</maxTicksBeforeRecovery>
    <recoveryMtbDays>0.166</recoveryMtbDays>
    <recoverFromSleep>true</recoverFromSleep>
    <moodRecoveryThought>Catharsis</moodRecoveryThought>
    <nameColor>(0.8,0.36,1)</nameColor>
    <recoveryMessage>{0} is no longer having a corpse obsession.</recoveryMessage>
    <beginLetter>{0} has broken inside and become obsessed with corpses.\n\n[PAWN_pronoun] is going to dig up a corpse and present it for all to see.</beginLetter>
    <beginLetterDef>NegativeEvent</beginLetterDef>
    <baseInspectLine>Mental state: Corpse obsession</baseInspectLine>
    <allowBeatfire>true</allowBeatfire>
    <escapingPrisonersIgnore>true</escapingPrisonersIgnore>
  </MentalStateDef>

  <!-- Mental breaks: minor -->

  <MentalBreakDef>
    <defName>Binging_Food</defName>
    <mentalState>Binging_Food</mentalState>
    <baseCommonality>0.8</baseCommonality>
    <intensity>Minor</intensity>
  </MentalBreakDef>
  <MentalStateDef ParentName="BaseMentalState">
    <defName>Binging_Food</defName>
    <stateClass>MentalState_Binging</stateClass>
    <workerClass>MentalStateWorker_BingingFood</workerClass>
    <label>binging on food</label>
    <category>Misc</category>
    <prisonersCanDo>false</prisonersCanDo>
    <colonistsOnly>true</colonistsOnly>
    <minTicksBeforeRecovery>25000</minTicksBeforeRecovery>
    <maxTicksBeforeRecovery>45000</maxTicksBeforeRecovery>
    <recoveryMtbDays>0.166</recoveryMtbDays>
    <recoverFromSleep>true</recoverFromSleep>
    <nameColor>(0.5, 0.9, 0.5)</nameColor>
    <beginLetterLabel>food binge</beginLetterLabel>
    <beginLetter>{0} is pigging out on food.</beginLetter>
    <beginLetterDef>NegativeEvent</beginLetterDef>
    <moodRecoveryThought>Catharsis</moodRecoveryThought>
    <recoveryMessage>{0} is no longer pigging out on food.</recoveryMessage>
    <baseInspectLine>Mental state: Pigging out</baseInspectLine>
    <allowBeatfire>true</allowBeatfire>
    <escapingPrisonersIgnore>true</escapingPrisonersIgnore>
  </MentalStateDef>

  <MentalBreakDef>
    <defName>Wander_Sad</defName>
    <mentalState>Wander_Sad</mentalState>
    <baseCommonality>0.5</baseCommonality>
    <intensity>Minor</intensity>
  </MentalBreakDef>
  <MentalStateDef ParentName="BaseMentalState">
    <defName>Wander_Sad</defName>
    <stateClass>MentalState_WanderSad</stateClass>
    <label>sad wandering</label>
    <category>Misc</category>
    <colonistsOnly>true</colonistsOnly>
    <minTicksBeforeRecovery>40000</minTicksBeforeRecovery>
    <maxTicksBeforeRecovery>60000</maxTicksBeforeRecovery>
    <recoveryMtbDays>0.166</recoveryMtbDays>
    <recoverFromSleep>true</recoverFromSleep>
    <moodRecoveryThought>Catharsis</moodRecoveryThought>
    <blockNormalThoughts>true</blockNormalThoughts>
    <nameColor>(0.65, 0.9, 0.93)</nameColor>
    <recoveryMessage>{0} is no longer wandering in sadness.</recoveryMessage>
    <beginLetterLabel>sad wander</beginLetterLabel>
    <beginLetter>{0} has broken down and is wandering around in sadness.</beginLetter>
    <beginLetterDef>NegativeEvent</beginLetterDef>
    <baseInspectLine>Mental state: Sad wandering</baseInspectLine>
    <allowBeatfire>true</allowBeatfire>
    <inCaravanCanDo>true</inCaravanCanDo>
    <escapingPrisonersIgnore>true</escapingPrisonersIgnore>
  </MentalStateDef>

  <MentalBreakDef>
    <defName>Wander_OwnRoom</defName>
    <mentalState>Wander_OwnRoom</mentalState>
    <baseCommonality>0.5</baseCommonality>
    <intensity>Minor</intensity>
  </MentalBreakDef>
  <MentalStateDef ParentName="BaseMentalState">
    <defName>Wander_OwnRoom</defName>
    <stateClass>MentalState_WanderOwnRoom</stateClass>
    <workerClass>MentalStateWorker_WanderOwnRoom</workerClass>
    <label>sitting alone</label>
    <category>Misc</category>
    <colonistsOnly>true</colonistsOnly>
    <minTicksBeforeRecovery>40000</minTicksBeforeRecovery>
    <maxTicksBeforeRecovery>60000</maxTicksBeforeRecovery>
    <recoveryMtbDays>0.166</recoveryMtbDays>
    <recoverFromSleep>true</recoverFromSleep>
    <moodRecoveryThought>Catharsis</moodRecoveryThought>
    <blockNormalThoughts>true</blockNormalThoughts>
    <nameColor>(0.65, 0.9, 0.93)</nameColor>
    <recoveryMessage>{0} is no longer hiding in [PAWN_possessive] room.</recoveryMessage>
    <beginLetterLabel>hide in room</beginLetterLabel>
    <beginLetter>{0} is hiding in [PAWN_possessive] room.</beginLetter>
    <beginLetterDef>NegativeEvent</beginLetterDef>
    <baseInspectLine>Mental state: Hiding in room</baseInspectLine>
    <allowBeatfire>true</allowBeatfire>
    <escapingPrisonersIgnore>true</escapingPrisonersIgnore>
  </MentalStateDef>

  <MentalBreakDef>
    <defName>InsultingSpree</defName>
    <mentalState>InsultingSpree</mentalState>
    <baseCommonality>0.5</baseCommonality>
    <intensity>Minor</intensity>
  </MentalBreakDef>
  <MentalStateDef Name="InsultingSpree" ParentName="BaseMentalState">
    <defName>InsultingSpree</defName>
    <stateClass>MentalState_InsultingSpreeAll</stateClass>
    <workerClass>MentalStateWorker_InsultingSpreeAll</workerClass>
    <label>insulting spree</label>
    <category>Malicious</category>
    <colonistsOnly>true</colonistsOnly>
    <blockInteractionInitiationExcept>
      <li>Insult</li>
    </blockInteractionInitiationExcept>
    <blockInteractionRecipientExcept>
      <li>Insult</li>
    </blockInteractionRecipientExcept>
    <blockRandomInteraction>true</blockRandomInteraction>
    <requiredCapacities>
        <li>Talking</li>
    </requiredCapacities>
    <minTicksBeforeRecovery>25000</minTicksBeforeRecovery>
    <maxTicksBeforeRecovery>45000</maxTicksBeforeRecovery>
    <recoveryMtbDays>0.166</recoveryMtbDays>
    <recoverFromSleep>true</recoverFromSleep>
    <moodRecoveryThought>Catharsis</moodRecoveryThought>
    <blockNormalThoughts>true</blockNormalThoughts>
    <nameColor>(0.98,0.48,0.16)</nameColor>
    <recoveryMessage>{0} is no longer on an insulting spree.</recoveryMessage>
    <beginLetter>{0} is on an insulting spree.\n\n[PAWN_pronoun] will wander around, randomly insulting others.</beginLetter>
    <beginLetterDef>NegativeEvent</beginLetterDef>
    <baseInspectLine>Mental state: Insulting spree</baseInspectLine>
    <allowBeatfire>true</allowBeatfire>
  </MentalStateDef>

  <MentalBreakDef>
    <defName>TargetedInsultingSpree</defName>
    <mentalState>TargetedInsultingSpree</mentalState>
    <baseCommonality>0.5</baseCommonality>
    <intensity>Minor</intensity>
  </MentalBreakDef>
  <MentalStateDef ParentName="InsultingSpree">
    <defName>TargetedInsultingSpree</defName>
    <stateClass>MentalState_TargetedInsultingSpree</stateClass>
    <workerClass>MentalStateWorker_TargetedInsultingSpree</workerClass>
    <recoveryMessage IsNull="True" />
    <beginLetter>{0} has fixated [PAWN_possessive] rage on {1}.\n\n[PAWN_pronoun] will follow {1} around, hurling insults.</beginLetter>
    <baseInspectLine>Mental state: Insulting spree against {0}</baseInspectLine>
  </MentalStateDef>

</Defs>
