﻿<?xml version="1.0" encoding="utf-8" ?>
<Defs>

  <!-- Special mental states not from mental breaks -->

  <MentalStateDef ParentName="BaseMentalState">
    <defName>WanderConfused</defName>
    <label>confused wandering</label>
    <stateClass>MentalState_WanderConfused</stateClass>
    <category>Misc</category>
    <minTicksBeforeRecovery>3500</minTicksBeforeRecovery>
    <recoveryMtbDays>0.2</recoveryMtbDays>
    <blockNormalThoughts>true</blockNormalThoughts>
    <nameColor>(0.65, 0.9, 0.93)</nameColor>
    <beginLetterLabel>confusion</beginLetterLabel>
    <beginLetter>{0} has broken down and is wandering around confused.</beginLetter>
    <beginLetterDef>NegativeEvent</beginLetterDef>
    <recoveryMessage>{0} is no longer confused.</recoveryMessage>
    <baseInspectLine>Mental state: Confused and wandering</baseInspectLine>
    <inCaravanCanDo>true</inCaravanCanDo>
  </MentalStateDef>

  <MentalStateDef ParentName="BaseMentalState">
    <defName>PanicFlee</defName>
    <label>panic fleeing</label>
    <stateClass>MentalState_PanicFlee</stateClass>
    <category>Misc</category>
    <nameColor>(0.65, 0.9, 0.93)</nameColor>
    <beginLetterLabel>flee</beginLetterLabel>
    <beginLetter>{0} is fleeing in panic.</beginLetter>
    <recoveryMessage>{0} is no longer fleeing in panic.</recoveryMessage>
    <baseInspectLine>Mental state: Fleeing in panic</baseInspectLine>
    <blockNormalThoughts>true</blockNormalThoughts>
    <inCaravanCanDo>true</inCaravanCanDo>
  </MentalStateDef>

  <MentalStateDef ParentName="BaseMentalState" Name="Manhunter">
    <defName>Manhunter</defName>
    <stateClass>MentalState_Manhunter</stateClass>
    <label>manhunter</label>
    <category>Aggro</category>
    <nameColor>(0.9,0.2,0.5)</nameColor>
    <beginLetter>{0} has become a manhunter!</beginLetter>
    <recoveryMessage>{0}'s manhunting bloodlust has come to an end.</recoveryMessage>
    <baseInspectLine>Maddened: Manhunter</baseInspectLine>
    <inCaravanCanDo>true</inCaravanCanDo>
  </MentalStateDef>

  <MentalStateDef ParentName="Manhunter">
    <defName>ManhunterPermanent</defName>
    <minTicksBeforeRecovery>99999999</minTicksBeforeRecovery>
    <inCaravanCanDo>true</inCaravanCanDo>
    <recoverFromSleep>false</recoverFromSleep>
    <recoverFromDowned>false</recoverFromDowned>
    <recoverFromCollapsingExhausted>false</recoverFromCollapsingExhausted>
  </MentalStateDef>

  <MentalStateDef ParentName="BaseMentalState">
    <defName>SocialFighting</defName>
    <stateClass>MentalState_SocialFighting</stateClass>
    <label>social fighting</label>
    <minTicksBeforeRecovery>420</minTicksBeforeRecovery>
    <recoveryMtbDays>0.02</recoveryMtbDays>
    <category>Aggro</category>
    <nameColor>(0.88,0.48,0.16)</nameColor>
    <baseInspectLine>Mental state: Social fighting</baseInspectLine>
    <inCaravanCanDo>true</inCaravanCanDo>
  </MentalStateDef>
  
  <MentalStateDef ParentName="BaseMentalState">
    <defName>Roaming</defName>
    <stateClass>MentalState_Roaming</stateClass>
    <workerClass>MentalStateWorker_Roaming</workerClass>
    <label>roaming</label>
    <minTicksBeforeRecovery>99999999</minTicksBeforeRecovery>
    <category>Misc</category>
    <nameColor>(0.65, 0.9, 0.93)</nameColor>
    <baseInspectLine>Mental state: Roaming</baseInspectLine>
    <inCaravanCanDo>false</inCaravanCanDo>
    <recoverFromSleep>false</recoverFromSleep>
    <recoverFromDowned>false</recoverFromDowned>
    <recoverFromCollapsingExhausted>false</recoverFromCollapsingExhausted>
  </MentalStateDef>

  <MentalStateDef ParentName="BaseMentalState">
    <defName>BerserkMechanoid</defName>
    <stateClass>MentalState_Berserk</stateClass>
    <label>aggression judgement scramble</label>
    <category>Aggro</category>
    <nameColor>(0.9,0.2,0.5)</nameColor>
    <minTicksBeforeRecovery>40000</minTicksBeforeRecovery>
    <maxTicksBeforeRecovery>60000</maxTicksBeforeRecovery>
    <recoveryMtbDays>0.166</recoveryMtbDays>
    <baseInspectLine>Aggression judgment scrambled</baseInspectLine>
    <stateEffecter>Berserk</stateEffecter>
    <inCaravanCanDo>true</inCaravanCanDo>
  </MentalStateDef>

</Defs>