﻿<?xml version="1.0" encoding="utf-8" ?>
<Defs>

  <ThoughtDef>
    <defName>AteWithoutTable</defName>
    <durationDays>1</durationDays>
    <stackLimit>1</stackLimit>
    <nullifyingPrecepts>
      <li MayRequire="Ludeon.RimWorld.Ideology">RoughLiving_Welcomed</li>
    </nullifyingPrecepts>
    <stages>
      <li>
        <label>ate without table</label>
        <description>I had to eat a meal off the ground. Can't we get a table around here?</description>
        <baseMoodEffect>-3</baseMoodEffect>
      </li>
    </stages>
  </ThoughtDef>

  <ThoughtDef>
    <defName>SleepDisturbed</defName>
    <icon>Things/Mote/ThoughtSymbol/SleepZ</icon>
    <showBubble>true</showBubble>
    <durationDays>1</durationDays>
    <stackLimit>3</stackLimit>
    <stackedEffectMultiplier>1</stackedEffectMultiplier>
    <stages>
      <li>
        <label>disturbed sleep</label>
        <description>I was disturbed during sleep by people moving around nearby. A private room would solve this.</description>
        <baseMoodEffect>-1</baseMoodEffect>
      </li>
    </stages>
  </ThoughtDef>

  <ThoughtDef>
    <defName>NewColonyOptimism</defName>
    <durationDays>8</durationDays>
    <nextThought>NewColonyHope</nextThought>
    <stages>
      <li>
        <label>initial optimism</label>
        <description>It's a tough situation, but I'm excited to be founding a new settlement.</description>
        <baseMoodEffect>10</baseMoodEffect>
      </li>
    </stages>
  </ThoughtDef>

  <ThoughtDef>
    <defName>NewColonyHope</defName>
    <durationDays>8</durationDays>
    <stages>
      <li>
        <label>initial hope</label>
        <description>I'm getting used to this, but it's still an exciting new situation. I hope this works out...</description>
        <baseMoodEffect>5</baseMoodEffect>
      </li>
    </stages>
  </ThoughtDef>

  <ThoughtDef>
    <defName>SleptOutside</defName>
    <durationDays>1</durationDays>
    <stackLimit>1</stackLimit>
    <nullifyingPrecepts>
      <li MayRequire="Ludeon.RimWorld.Ideology">RoughLiving_Welcomed</li>
    </nullifyingPrecepts>
    <stages>
      <li>
        <label>slept outside</label>
        <description>I had to sleep outdoors without any protection from the elements.</description>
        <baseMoodEffect>-4</baseMoodEffect>
      </li>
    </stages>
  </ThoughtDef>

  <ThoughtDef>
    <defName>SleptOnGround</defName>
    <durationDays>1</durationDays>
    <stackLimit>1</stackLimit>
    <nullifyingPrecepts>
      <li MayRequire="Ludeon.RimWorld.Ideology">RoughLiving_Welcomed</li>
    </nullifyingPrecepts>
    <stages>
      <li>
        <label>slept on ground</label>
        <description>I had to sleep on the ground like an animal.</description>
        <baseMoodEffect>-4</baseMoodEffect>
      </li>
    </stages>
  </ThoughtDef>

  <ThoughtDef>
    <defName>SleptInCold</defName>
    <durationDays>1</durationDays>
    <stackLimit>1</stackLimit>
    <nullifyingPrecepts>
      <li MayRequire="Ludeon.RimWorld.Ideology">Temperature_Tough</li>
    </nullifyingPrecepts>
    <stages>
      <li>
        <label>slept in the cold</label>
        <description>I had to sleep in the cold. We really need some heaters.</description>
        <baseMoodEffect>-4</baseMoodEffect>
      </li>
    </stages>
  </ThoughtDef>

  <ThoughtDef>
    <defName>SleptInHeat</defName>
    <durationDays>1</durationDays>
    <stackLimit>1</stackLimit>
    <nullifyingPrecepts>
      <li MayRequire="Ludeon.RimWorld.Ideology">Temperature_Tough</li>
    </nullifyingPrecepts>
    <stages>
      <li>
        <label>slept in the heat</label>
        <description>I had to sleep in unbearable heat. Can't we have air conditioning?</description>
        <baseMoodEffect>-4</baseMoodEffect>
      </li>
    </stages>
  </ThoughtDef>

  <ThoughtDef>
    <defName>KnowPrisonerSold</defName>
    <durationDays>4</durationDays>
    <stackLimit>5</stackLimit>
    <doNotApplyToQuestLodgers>true</doNotApplyToQuestLodgers>
    <nullifyingTraits>
      <li>Psychopath</li>
    </nullifyingTraits>
    <stages>
      <li>
        <label>prisoner sold</label>
        <description>This colony sold a prisoner into slavery. That's a worrying thought.</description>
        <baseMoodEffect>-3</baseMoodEffect>
      </li>
    </stages>
  </ThoughtDef>

  <ThoughtDef>
    <defName>FreedFromSlavery</defName>
    <durationDays>20</durationDays>
    <stackLimit>1</stackLimit>
    <stages>
      <li>
        <label>freed from slavery</label>
        <description>I have been freed from slavery. I'm so thankful!</description>
        <baseMoodEffect>15</baseMoodEffect>
      </li>
    </stages>
  </ThoughtDef>

  <ThoughtDef>
    <defName>ReleasedHealthyPrisoner</defName>
    <durationDays>6</durationDays>
    <stackLimit>5</stackLimit>
    <nullifyingTraits>
      <li>Psychopath</li>
    </nullifyingTraits>
    <stackLimitForSameOtherPawn>1</stackLimitForSameOtherPawn>
    <stages>
      <li>
        <label>prisoner released</label>
        <description>We released a healthy prisoner. It feels good to know we even treat prisoners well.</description>
        <baseMoodEffect>2</baseMoodEffect>
      </li>
    </stages>
  </ThoughtDef>

  <ThoughtDef>
    <defName>HarvestedOrgan_Bloodlust</defName>
    <durationDays>4</durationDays>
    <requiredTraits>
      <li>Bloodlust</li>
    </requiredTraits>
    <stages>
      <li>
        <label>bloodlust organ harvested</label>
        <description>Extracting the flesh from their bodies is so bloody and satisfying.</description>
        <baseMoodEffect>4</baseMoodEffect>
      </li>
    </stages>
  </ThoughtDef>

  <ThoughtDef>
    <defName>KnowGuestOrganHarvested</defName>
    <durationDays>8</durationDays>
    <stackLimit>5</stackLimit>
    <doNotApplyToQuestLodgers>true</doNotApplyToQuestLodgers>
    <stackedEffectMultiplier>0.75</stackedEffectMultiplier>
    <nullifyingTraits>
      <li>Bloodlust</li>
      <li>Psychopath</li>
      <li>Cannibal</li>
    </nullifyingTraits>
    <stages>
      <li>
        <label>someone's organ harvested</label>
        <description>The colony took body parts from a guest or prisoner. It's horrible, breaking someone down for parts when they have no choice.</description>
        <baseMoodEffect>-5</baseMoodEffect>
      </li>
    </stages>
  </ThoughtDef>

  <ThoughtDef>
    <defName>KnowColonistOrganHarvested</defName>
    <durationDays>8</durationDays>
    <stackLimit>5</stackLimit>
    <doNotApplyToQuestLodgers>true</doNotApplyToQuestLodgers>
    <stackedEffectMultiplier>0.75</stackedEffectMultiplier>
    <nullifyingTraits>
      <li>Bloodlust</li>
      <li>Psychopath</li>
    </nullifyingTraits>
    <stages>
      <li>
        <label>colonist's organ harvested</label>
        <description>Someone took body parts from a colonist. It's horrible, breaking someone down for parts when they have no choice.</description>
        <baseMoodEffect>-5</baseMoodEffect>
      </li>
    </stages>
  </ThoughtDef>

  <ThoughtDef>
    <defName>MyOrganHarvested</defName>
    <durationDays>8</durationDays>
    <stackLimit>5</stackLimit>
    <stages>
      <li>
        <label>my organ harvested</label>
        <description>The colony harvested body parts from me! They're breaking me down like an old engine!</description>
        <baseMoodEffect>-30</baseMoodEffect>
      </li>
    </stages>
  </ThoughtDef>

  <ThoughtDef>
    <defName>WasImprisoned</defName>
    <durationDays>12</durationDays>
    <stackLimit>1</stackLimit>
    <stages>
      <li>
        <label>was imprisoned</label>
        <description>The colony had me in jail for a while, like a caged animal.</description>
        <baseMoodEffect>-6</baseMoodEffect>
      </li>
    </stages>
  </ThoughtDef>

  <ThoughtDef>
    <defName>Catharsis</defName>
    <durationDays>3</durationDays>
    <stackLimit>5</stackLimit>
    <stages>
      <li>
        <label>catharsis</label>
        <description>It felt good to finally unbottle my feelings.</description>
        <baseMoodEffect>40</baseMoodEffect>
      </li>
    </stages>
  </ThoughtDef>

  <ThoughtDef>
    <defName>Nuzzled</defName>
    <durationDays>1</durationDays>
    <stackLimit>3</stackLimit>
    <stackedEffectMultiplier>0.5</stackedEffectMultiplier>
    <nullifyingTraits>
      <li>Psychopath</li>
    </nullifyingTraits>
    <stages>
      <li>
        <label>nuzzled</label>
        <description>A cute animal nuzzled me.</description>
        <baseMoodEffect>4</baseMoodEffect>
      </li>
    </stages>
  </ThoughtDef>

  <ThoughtDef>
    <defName>KnowBuriedInSarcophagus</defName>
    <durationDays>8</durationDays>
    <stackLimit>4</stackLimit>
    <stackedEffectMultiplier>0.5</stackedEffectMultiplier>
    <stages>
      <li>
        <label>buried in sarcophagus</label>
        <description>This colony buried someone in an ornamented sarcophagus. May their soul rest in peace.</description>
        <baseMoodEffect>4</baseMoodEffect>
      </li>
    </stages>
  </ThoughtDef>

  <ThoughtDef>
    <defName>SoakingWet</defName>
    <durationDays>0.1</durationDays>
    <stackLimit>1</stackLimit>
    <nullifyingPrecepts>
      <li MayRequire="Ludeon.RimWorld.Ideology">RoughLiving_Welcomed</li>
    </nullifyingPrecepts>
    <stages>
      <li>
        <label>soaking wet</label>
        <description>I'm soaking wet.</description>
        <baseMoodEffect>-3</baseMoodEffect>
      </li>
    </stages>
  </ThoughtDef>

  <!-- ============== Human corpse butchering ===============-->

  <ThoughtDef>
    <defName>ButcheredHumanlikeCorpse</defName>
    <durationDays>6</durationDays>
    <stackLimit>10</stackLimit>
    <stackedEffectMultiplier>0.75</stackedEffectMultiplier>
    <nullifyingTraits>
      <li>Psychopath</li>
      <li>Bloodlust</li>
      <li>Cannibal</li>
    </nullifyingTraits>
    <stages>
      <li>
        <label>I butchered humanlike</label>
        <description>I butchered someone up like an animal.</description>
        <baseMoodEffect>-6</baseMoodEffect>
      </li>
    </stages>
  </ThoughtDef>

  <ThoughtDef>
    <defName>KnowButcheredHumanlikeCorpse</defName>
    <durationDays>6</durationDays>
    <stackLimit>1</stackLimit>
    <doNotApplyToQuestLodgers>true</doNotApplyToQuestLodgers>
    <nullifyingTraits>
      <li>Psychopath</li>
      <li>Bloodlust</li>
      <li>Cannibal</li>
    </nullifyingTraits>
    <stages>
      <li>
        <label>we butchered humanlike</label>
        <description>We butchered someone up like an animal.</description>
        <baseMoodEffect>-6</baseMoodEffect>
      </li>
    </stages>
  </ThoughtDef>
        
  <ThoughtDef>
    <defName>ButcheredHumanlikeCorpseOpinion</defName>
    <thoughtClass>Thought_MemorySocial</thoughtClass>
    <durationDays>5</durationDays>
    <stackLimit>100</stackLimit>
    <stackLimitForSameOtherPawn>3</stackLimitForSameOtherPawn>
    <validWhileDespawned>true</validWhileDespawned>
    <stages>
      <li>
        <label>butchered humanlike corpse</label>
        <baseOpinionOffset>-10</baseOpinionOffset>
      </li>
    </stages>
    <nullifyingTraits>
      <li>Cannibal</li>
      <li>Bloodlust</li>
      <li>Psychopath</li>
    </nullifyingTraits>
    <nullifyingOwnTales>
      <li>ButcheredHumanlikeCorpse</li>
      <li>AteRawHumanlikeMeat</li>
    </nullifyingOwnTales>
  </ThoughtDef>


  <!-- ============== Combat ============== -->

  <ThoughtDef>
    <defName>ObservedLayingCorpse</defName>
    <icon>Things/Mote/ThoughtSymbol/Skull</icon>
    <showBubble>true</showBubble>
    <thoughtClass>Thought_MemoryObservation</thoughtClass>
    <durationDays>0.5</durationDays>
    <stackedEffectMultiplier>0.5</stackedEffectMultiplier>
    <stackLimit>3</stackLimit>
    <nullifyingTraits>
      <li>Psychopath</li>
      <li>Bloodlust</li>
      <li>Cannibal</li>
    </nullifyingTraits>
    <nullifyingPrecepts>
      <li MayRequire="Ludeon.RimWorld.Ideology">Cannibalism_Acceptable</li>
      <li MayRequire="Ludeon.RimWorld.Ideology">Cannibalism_Preferred</li>
      <li MayRequire="Ludeon.RimWorld.Ideology">Cannibalism_RequiredStrong</li>
      <li MayRequire="Ludeon.RimWorld.Ideology">Cannibalism_RequiredRavenous</li>
    </nullifyingPrecepts>
    <stages>
      <li>
        <label>observed corpse</label>
        <description>I saw a dead body laying on the ground. It was disturbing.</description>
        <baseMoodEffect>-4</baseMoodEffect>
      </li>
    </stages>
  </ThoughtDef>

  <ThoughtDef>
    <defName>ObservedLayingRottingCorpse</defName>
    <icon>Things/Mote/ThoughtSymbol/Skull</icon>
    <showBubble>true</showBubble>
    <thoughtClass>Thought_MemoryObservation</thoughtClass>
    <durationDays>0.5</durationDays>
    <stackedEffectMultiplier>0.5</stackedEffectMultiplier>
    <stackLimit>5</stackLimit>
    <nullifyingTraits>
      <li>Bloodlust</li>
    </nullifyingTraits>
    <stages>
      <li>
        <label>observed rotting corpse</label>
        <description>I saw a rotting corpse laying on the ground. It was disgusting.</description>
        <baseMoodEffect>-6</baseMoodEffect>
      </li>
    </stages>
  </ThoughtDef>

  <ThoughtDef>
    <defName>WitnessedDeathAlly</defName>
    <icon>Things/Mote/ThoughtSymbol/Skull</icon>
    <showBubble>true</showBubble>
    <durationDays>2</durationDays>
    <stackLimit>5</stackLimit>
    <nullifyingTraits>
      <li>Psychopath</li>
      <li>Bloodlust</li>
    </nullifyingTraits>
    <stages>
      <li>
        <label>witnessed ally's death</label>
        <description>I saw one of my people die. They were alive one moment, and dead the next.</description>
        <baseMoodEffect>-5</baseMoodEffect>
      </li>
    </stages>
  </ThoughtDef>

  <ThoughtDef>
    <defName>WitnessedDeathNonAlly</defName>
    <icon>Things/Mote/ThoughtSymbol/Skull</icon>
    <showBubble>true</showBubble>
    <durationDays>1</durationDays>
    <stackLimit>1</stackLimit>
    <nullifyingTraits>
      <li>Psychopath</li>
      <li>Bloodlust</li>
    </nullifyingTraits>
    <stages>
      <li>
        <label>witnessed outsider's death</label>
        <description>I saw someone die. They were alive one moment, and dead the next.</description>
        <baseMoodEffect>-3</baseMoodEffect>
      </li>
    </stages>
  </ThoughtDef>

  <ThoughtDef>
    <defName>WitnessedDeathFamily</defName>
    <icon>Things/Mote/ThoughtSymbol/Skull</icon>
    <showBubble>true</showBubble>
    <durationDays>6</durationDays>
    <stackLimit>1</stackLimit>
    <nullifyingTraits>
      <li>Psychopath</li>
      <li>Bloodlust</li>
    </nullifyingTraits>
    <stages>
      <li>
        <label>witnessed family member's death</label>
        <description>I saw a member of my family die. My own flesh and blood...</description>
        <baseMoodEffect>-6</baseMoodEffect>
      </li>
    </stages>
  </ThoughtDef>

  <ThoughtDef>
    <defName>WitnessedDeathBloodlust</defName>
    <icon>Things/Mote/ThoughtSymbol/Skull</icon>
    <showBubble>true</showBubble>
    <durationDays>4</durationDays>
    <stackLimit>5</stackLimit>
    <requiredTraits>
      <li>Bloodlust</li>
    </requiredTraits>
    <stages>
      <li>
        <label>witnessed death with bloodlust</label>
        <description>I saw someone die! That was intense!</description>
        <baseMoodEffect>8</baseMoodEffect>
      </li>
    </stages>
  </ThoughtDef>

  <ThoughtDef>
    <defName>KilledHumanlikeBloodlust</defName>
    <icon>Things/Mote/ThoughtSymbol/Skull</icon>
    <showBubble>true</showBubble>
    <durationDays>4</durationDays>
    <stackLimit>5</stackLimit>
    <requiredTraits>
      <li>Bloodlust</li>
    </requiredTraits>
    <stages>
      <li>
        <label>killed someone</label>
        <description>I killed someone! What a rush!</description>
        <baseMoodEffect>12</baseMoodEffect>
      </li>
    </stages>
  </ThoughtDef>

  <ThoughtDef>
    <defName>DefeatedHostileFactionLeader</defName>
    <icon>Things/Mote/ThoughtSymbol/Skull</icon>
    <showBubble>true</showBubble>
    <durationDays>6</durationDays>
    <stackLimit>5</stackLimit>
    <stages>
      <li>
        <label>defeated hostile leader {0}</label>
        <description>They were leading efforts to destroy us, and I took them down!</description>
        <baseMoodEffect>10</baseMoodEffect>
      </li>
    </stages>
  </ThoughtDef>

  <ThoughtDef>
    <defName>DefeatedHostileFactionLeaderOpinion</defName>
    <thoughtClass>Thought_Tale</thoughtClass>
    <workerClass>ThoughtWorker_Tale</workerClass>
    <taleDef>DefeatedHostileFactionLeader</taleDef>
    <validWhileDespawned>true</validWhileDespawned>
    <stages>
      <li>
        <label>defeated hostile leader</label>
        <baseOpinionOffset>20</baseOpinionOffset>
      </li>
    </stages>
    <nullifiedIfNotColonist>true</nullifiedIfNotColonist>
  </ThoughtDef>

  <ThoughtDef>
    <defName>DefeatedMechCluster</defName>
    <icon>Things/Mote/ThoughtSymbol/Skull</icon>
    <showBubble>true</showBubble>
    <durationDays>10</durationDays>
    <stackLimit>5</stackLimit>
    <stages>
      <li>
        <label>defeated mech cluster</label>
        <description>Blood beats metal, you damn machines!</description>
        <baseMoodEffect>4</baseMoodEffect>
      </li>
    </stages>
  </ThoughtDef>
  
  <!-- Banishing pawns -->

  <ThoughtDef>
    <defName>DeniedJoining</defName>
    <thoughtClass>Thought_Banished</thoughtClass>
    <durationDays>6</durationDays>
    <stackLimit>5</stackLimit>
    <showBubble>true</showBubble>
    <nullifyingTraits>
      <li>Psychopath</li>
    </nullifyingTraits>
    <stages>
      <li>
        <label>denied joining</label>
        <description>We just denied someone's request to join us. I hope they make it.</description>
        <baseMoodEffect>-3</baseMoodEffect>
      </li>
    </stages>
  </ThoughtDef>

  <ThoughtDef>
    <defName>ColonistBanished</defName>
    <thoughtClass>Thought_Banished</thoughtClass>
    <durationDays>6</durationDays>
    <stackLimit>5</stackLimit>
    <showBubble>true</showBubble>
    <nullifyingTraits>
      <li>Psychopath</li>
    </nullifyingTraits>
    <stages>
      <li>
        <label>colonist banished</label>
        <description>We just banished someone. I hope they make it, but I'm worried.</description>
        <baseMoodEffect>-3</baseMoodEffect>
      </li>
    </stages>
  </ThoughtDef>
  
  <ThoughtDef>
    <defName>ColonistBanishedToDie</defName>
    <thoughtClass>Thought_Banished</thoughtClass>
    <durationDays>6</durationDays>
    <stackLimit>5</stackLimit>
    <showBubble>true</showBubble>
    <nullifyingTraits>
      <li>Psychopath</li>
    </nullifyingTraits>
    <stages>
      <li>
        <label>colonist banished to death</label>
        <description>We banished someone in such a way that there's almost no way they'll survive.</description>
        <baseMoodEffect>-6</baseMoodEffect>
      </li>
    </stages>
  </ThoughtDef>
  
  <ThoughtDef>
    <defName>PrisonerBanishedToDie</defName>
    <durationDays>6</durationDays>
    <stackLimit>5</stackLimit>
    <showBubble>true</showBubble>
    <nullifyingTraits>
      <li>Psychopath</li>
    </nullifyingTraits>
    <stages>
      <li>
        <label>prisoner banished to death</label>
        <description>We banished a prisoner in such a way that there's almost no way they'll survive.</description>
        <baseMoodEffect>-4</baseMoodEffect>
      </li>
    </stages>
  </ThoughtDef>

  <ThoughtDef>
    <defName>ColonyPrisonerEscaped</defName>
    <durationDays>6</durationDays>
    <stackLimit>5</stackLimit>
    <showBubble>true</showBubble>
    <nullifyingTraits>
      <li>Psychopath</li>
    </nullifyingTraits>
    <stages>
      <li>
        <label>Colonist prisoner escaped</label>
        <description>Can't we keep control of our own people? I feel like anything could happen to me here.</description>
        <baseMoodEffect>-4</baseMoodEffect>
      </li>
    </stages>
  </ThoughtDef>
  
  <ThoughtDef>
    <defName>BondedAnimalBanished</defName>
    <thoughtClass>Thought_Banished</thoughtClass>
    <durationDays>6</durationDays>
    <stackLimit>5</stackLimit>
    <showBubble>true</showBubble>
    <nullifyingTraits>
      <li>Psychopath</li>
    </nullifyingTraits>
    <stages>
      <li>
        <label>bonded animal {0} banished</label>
        <description>My bonded animal was banished!</description>
        <baseMoodEffect>-6</baseMoodEffect>
      </li>
    </stages>
  </ThoughtDef>

  <!-- Rescue quest -->

  <ThoughtDef>
    <defName>FailedToRescueRelative</defName>
    <durationDays>30</durationDays>
    <stackLimit>5</stackLimit>
  <showBubble>true</showBubble>
    <stages>
      <li>
        <label>failed to rescue {0}</label>
        <description>We had a chance to rescue my relative, and failed. I could have helped!</description>
        <baseMoodEffect>-18</baseMoodEffect>
      </li>
    </stages>
  </ThoughtDef>

  <ThoughtDef>
    <defName>RescuedRelative</defName>
    <durationDays>30</durationDays>
    <stackLimit>5</stackLimit>
  <showBubble>true</showBubble>
    <stages>
      <li>
        <label>rescued {0}</label>
        <description>We rescued one of my relatives. Finally, I can breathe a sigh of relief.</description>
        <baseMoodEffect>18</baseMoodEffect>
      </li>
    </stages>
  </ThoughtDef>

  <ThoughtDef>
    <defName>Rescued</defName>
    <durationDays>30</durationDays>
    <stackLimit>5</stackLimit>
  <showBubble>true</showBubble>
    <stages>
      <li>
        <label>rescued</label>
        <description>I was rescued! I almost thought I was done for back there. I'm so thankful.</description>
        <baseMoodEffect>18</baseMoodEffect>
      </li>
    </stages>
  </ThoughtDef>

  <ThoughtDef>
    <defName>TravelAnticipation</defName>
    <workerClass>ThoughtWorker_TravelAnticipation</workerClass>
    <stages>
      <li>
        <label>eager to travel</label>
        <description>I've been preparing this caravan for a while. I'm looking forward to the upcoming journey.</description>
        <baseMoodEffect>5</baseMoodEffect>
      </li>
      <li>
        <label>excited to travel</label>
        <description>So much thought and preparation have gone into this adventure. I can't wait to set off!</description>
        <baseMoodEffect>10</baseMoodEffect>
      </li>
    </stages>
  </ThoughtDef>

  <!-- Helper pawns -->
  <ThoughtDef>
    <defName>OnDuty</defName>
    <durationDays>15</durationDays>
    <stackLimit>1</stackLimit>
    <showBubble>true</showBubble>
    <stages>
      <li>
        <label>on duty</label>
        <description>I have a job to do.</description>
        <baseMoodEffect>12</baseMoodEffect>
      </li>
    </stages>
  </ThoughtDef>
  

</Defs>
