﻿<?xml version="1.0" encoding="utf-8" ?>
<Defs>

  <LetterDef Abstract="True" Name="CustomChoiceLetterBase">
    <letterClass>ChoiceLetter</letterClass>
    <color>(95, 151, 191)</color>
    <flashInterval>-1</flashInterval>
  </LetterDef>

  <LetterDef ParentName="CustomChoiceLetterBase">
    <defName>RansomDemand</defName>
    <letterClass>ChoiceLetter_RansomDemand</letterClass>
  </LetterDef>

  <LetterDef ParentName="CustomChoiceLetterBase">
    <defName>ChoosePawn</defName>
    <letterClass>ChoiceLetter_ChoosePawn</letterClass>
  </LetterDef>

  <LetterDef ParentName="CustomChoiceLetterBase">
    <defName>AcceptVisitors</defName>
    <letterClass>ChoiceLetter_AcceptVisitors</letterClass>
  </LetterDef>

  <LetterDef ParentName="CustomChoiceLetterBase">
    <defName>AcceptJoiner</defName>
    <letterClass>ChoiceLetter_AcceptJoiner</letterClass>
  </LetterDef>

  <LetterDef ParentName="CustomChoiceLetterBase">
    <defName>BetrayVisitors</defName>
    <letterClass>ChoiceLetter_BetrayVisitors</letterClass>
  </LetterDef>
  
  <LetterDef ParentName="CustomChoiceLetterBase">
    <defName>GameEnded</defName>
    <letterClass>ChoiceLetter_GameEnded</letterClass>
  </LetterDef>

</Defs>
