﻿<?xml version="1.0" encoding="utf-8" ?>
<Defs>


  <!--============= AI Duty ============-->
  <ThinkTreeDef>
    <defName>LordDuty</defName>
    <thinkRoot Class="ThinkNode_Tagger">
      <tagToGive>UnspecifiedLordDuty</tagToGive>
      <subNodes>
        <li Class="ThinkNode_ConditionalHasLordDuty">
          <subNodes>
            <li Class="ThinkNode_Duty"/>

            <!-- If doesn't have voluntarily joinable lord -->
            <!-- (otherwise we let pawns do something else if they get no job from the voluntarily joinable lord) -->
            <li Class="ThinkNode_ConditionalHasVoluntarilyJoinableLord">
              <invert>true</invert>
              <subNodes>
                <!-- If no duty issued a job -->
                <!-- Don't starve! -->
                <li Class="JobGiver_GetFood">
                  <minCategory>UrgentlyHungry</minCategory>
                </li>
                
                <!-- Wander at fallback -->
                <li Class="ThinkNode_ConditionalHasFallbackLocation" >
                  <subNodes>
                    <li Class="JobGiver_WanderNearFallbackLocation">
                      <expiryInterval>120</expiryInterval>
                    </li>
                  </subNodes>
                </li>

                <li Class="JobGiver_WanderAnywhere" />
                <li Class="JobGiver_IdleError" />
              </subNodes>
            </li>
          </subNodes>
        </li>
      </subNodes>
    </thinkRoot>
  </ThinkTreeDef>

  <ThinkTreeDef>
    <defName>LordDutyConstant</defName>
    <thinkRoot Class="ThinkNode_Tagger">
      <tagToGive>UnspecifiedLordDuty</tagToGive>
      <subNodes>
        <li Class="ThinkNode_ConditionalHasLordDuty">
          <subNodes>
            <li Class="ThinkNode_DutyConstant" />
          </subNodes>
        </li>
      </subNodes>
    </thinkRoot>
  </ThinkTreeDef>




</Defs>


