﻿<?xml version="1.0" encoding="utf-8"?>
<Defs>
  
  <PawnKindDef ParentName="BaseMechanoidKind">
    <defName>Mech_Cyclops</defName>
    <label>cyclops</label>
    <labelPlural>cyclopes</labelPlural>
    <race>Mech_Cyclops</race>
    <combatPower>110</combatPower>
    <lifeStages>
      <li MayRequire="Ludeon.RimWorld.Biotech">
        <bodyGraphicData>
          <texPath>Things/Pawn/Mechanoid/MechCyclops/Cyclops</texPath>
          <maskPath>Things/Pawn/Mechanoid/MechCyclops/Allegiance_Cyclops</maskPath>
          <shaderType>CutoutWithOverlay</shaderType>
          <graphicClass>Graphic_Multi</graphicClass>
          <drawSize>1.8</drawSize>
          <shadowData>
            <volume>(0.4, 0.8, 0.4)</volume>
          </shadowData>
        </bodyGraphicData>
      </li>
      <li>
        <bodyGraphicData>
          <texPath>Things/Pawn/Mechanoid/MechCyclops/Cyclops_Ancient</texPath>
          <maskPath>Things/Pawn/Mechanoid/MechCyclops/Allegiance_Cyclops</maskPath>
          <shaderType>CutoutWithOverlay</shaderType>
          <graphicClass>Graphic_Multi</graphicClass>
          <drawSize>1.8</drawSize>
          <shadowData>
            <volume>(0.4, 0.8, 0.4)</volume>
          </shadowData>
        </bodyGraphicData>
      </li>
    </lifeStages>
    <weaponMoney>9999~9999</weaponMoney>
    <weaponTags>
      <li>WeaponBeamRepeater</li>
    </weaponTags>
    <techHediffsChance>1</techHediffsChance>
    <techHediffsMoney>9999~9999</techHediffsMoney>
  </PawnKindDef>
  
</Defs>