﻿<?xml version="1.0" encoding="utf-8" ?>
<Defs>
  <ThingDef Name="MealBaseIngredientless" Abstract="True">
    <thingClass>ThingWithComps</thingClass>
    <category>Item</category>
    <drawerType>MapMeshOnly</drawerType>
    <useHitPoints>true</useHitPoints>
    <healthAffectsPrice>false</healthAffectsPrice>
    <selectable>true</selectable>
    <statBases>
      <MaxHitPoints>50</MaxHitPoints>
      <Flammability>1.0</Flammability>
      <Beauty>0</Beauty>
      <Mass>0.44</Mass>
      <DeteriorationRate>10</DeteriorationRate>
    </statBases>
    <altitudeLayer>Item</altitudeLayer>
    <stackLimit>10</stackLimit>
    <tickerType>Rare</tickerType>
    <socialPropernessMatters>true</socialPropernessMatters>
    <thingCategories>
      <li>FoodMeals</li>
    </thingCategories>
    <alwaysHaulable>true</alwaysHaulable>
    <comps>
      <li Class="CompProperties_Forbiddable" />
      <li Class="CompProperties_FoodPoisonable" />
      <li MayRequire="Ludeon.RimWorld.Anomaly" Class="CompProperties_MetalhorrorInfectible" />
    </comps>
    <pathCost>14</pathCost>
    <allowedArchonexusCount>40</allowedArchonexusCount>
    <resourceReadoutPriority>Last</resourceReadoutPriority>
    <drawGUIOverlay>true</drawGUIOverlay>
    <uiIconForStackCount>1</uiIconForStackCount>
    <ingestible>
      <foodType>Meal</foodType>
      <maxNumToIngestAtOnce>1</maxNumToIngestAtOnce>
      <defaultNumToIngestAtOnce>1</defaultNumToIngestAtOnce>
      <optimalityOffsetHumanlikes>16</optimalityOffsetHumanlikes>
    </ingestible>
  </ThingDef>

  <ThingDef Name="MealBase" ParentName="MealBaseIngredientless" Abstract="True">
    <comps>
      <li Class="CompProperties_Ingredients">
        <splitTransferableFoodKind>true</splitTransferableFoodKind>
      </li>
    </comps>
  </ThingDef>

  <ThingDef ParentName="MealBase">
    <defName>MealSurvivalPack</defName>
    <label>packaged survival meal</label>
    <description>A high-quality packaged meal, manufactured for use in survival situations. While it never rots, it can still deteriorate if left outside. Great for traveling.</description>
    <graphicData>
      <texPath>Things/Item/Meal/SurvivalPack</texPath>
      <graphicClass>Graphic_MealVariants</graphicClass>
    </graphicData>
    <statBases>
      <DeteriorationRate>0.25</DeteriorationRate>
      <MarketValue>24</MarketValue>
      <Mass>0.3</Mass>
      <WorkToMake>450</WorkToMake>
      <Nutrition>0.9</Nutrition>
    </statBases>
    <ingestible>
      <preferability>MealSimple</preferability>
      <optimalityOffsetHumanlikes>-5</optimalityOffsetHumanlikes>
      <optimalityOffsetFeedingAnimals>-10</optimalityOffsetFeedingAnimals>
      <ingestEffect>EatVegetarian</ingestEffect>
      <ingestSound>Meal_Eat</ingestSound>
    </ingestible>
    <allowedArchonexusCount>40</allowedArchonexusCount>
  </ThingDef>

  <ThingDef ParentName="MealBase">
    <defName>MealNutrientPaste</defName>
    <label>nutrient paste meal</label>
    <description>A synthetic mixture of protein, carbohydrates, and vitamins, amino acids and minerals. Everything the body needs, and absolutely disgusting.</description>
    <graphicData>
      <texPath>Things/Item/Meal/NutrientPaste</texPath>
      <graphicClass>Graphic_MealVariants</graphicClass>
    </graphicData>
    <statBases>
      <MarketValue>10</MarketValue>
      <Nutrition>0.9</Nutrition>
    </statBases>
    <ingestible>
      <preferability>MealAwful</preferability>
      <ateEvent>AteNutrientPaste</ateEvent>
      <ingestEffect>EatVegetarian</ingestEffect>
      <ingestSound>Meal_Eat</ingestSound>
    </ingestible>
    <tradeability>Buyable</tradeability>
    <comps>
      <li Class="CompProperties_Rottable">
        <daysToRotStart>0.75</daysToRotStart>  <!-- short rot time, you want to make them as needed not store them -->
        <rotDestroys>true</rotDestroys>
      </li>
    </comps>
  </ThingDef>

  <ThingDef ParentName="MealBaseIngredientless" Name="MealCookedIngredientless" Abstract="True">
    <tradeability>Buyable</tradeability>
    <comps>
      <li Class="CompProperties_Rottable">
        <daysToRotStart>4</daysToRotStart>
        <rotDestroys>true</rotDestroys>
      </li>
    </comps>
  </ThingDef>

  <ThingDef ParentName="MealCookedIngredientless" Name="MealCooked" Abstract="True">
    <comps>
      <li Class="CompProperties_Ingredients">
        <splitTransferableFoodKind>true</splitTransferableFoodKind>
      </li>
    </comps>
  </ThingDef>

  <ThingDef ParentName="MealCooked">
    <defName>MealSimple</defName>
    <label>simple meal</label>
    <description>A simple meal quickly cooked from one main ingredient.</description>
    <graphicData>
      <texPath>Things/Item/Meal/Simple</texPath>
      <graphicClass>Graphic_MealVariants</graphicClass>
    </graphicData>
    <statBases>
      <MarketValue>15</MarketValue>
      <WorkToMake>300</WorkToMake>
      <Nutrition>0.9</Nutrition>
    </statBases>
    <ingestible>
      <preferability>MealSimple</preferability>
      <ingestEffect>EatVegetarian</ingestEffect>
      <ingestSound>Meal_Eat</ingestSound>
    </ingestible>
  </ThingDef>

  <ThingDef Name="MealFineBase" ParentName="MealCookedIngredientless" Abstract="True">
    <statBases>
      <MarketValue>20</MarketValue>
      <WorkToMake>450</WorkToMake>
      <Nutrition>0.9</Nutrition>
    </statBases>
    <ingestible>
      <preferability>MealFine</preferability>
      <tasteThought>AteFineMeal</tasteThought>
      <ingestEffect>EatVegetarian</ingestEffect>
      <ingestSound>Meal_Eat</ingestSound>
    </ingestible>
  </ThingDef>

  <ThingDef ParentName="MealFineBase">
    <defName>MealFine</defName>
    <label>fine meal</label>
    <description>A complex dish assembled with care from a variety of ingredients.</description>
    <graphicData>
      <texPath>Things/Item/Meal/Fine</texPath>
      <graphicClass>Graphic_MealVariants</graphicClass>
    </graphicData>
    <comps>
      <li Class="CompProperties_Ingredients">
        <splitTransferableFoodKind>true</splitTransferableFoodKind>
      </li>
    </comps>
  </ThingDef>

  <ThingDef ParentName="MealFineBase">
    <defName>MealFine_Veg</defName>
    <label>vegetarian fine meal</label>
    <description>A complex dish assembled with care from vegetarian ingredients.</description>
    <possessionCount>2</possessionCount>
    <graphicData>
      <texPath>Things/Item/Meal/FineVeg</texPath>
      <graphicClass>Graphic_StackCount</graphicClass>
    </graphicData>
    <comps>
      <li Class="CompProperties_Ingredients">
        <noIngredientsFoodKind>NonMeat</noIngredientsFoodKind>
      </li>
    </comps>
  </ThingDef>

  <ThingDef ParentName="MealFineBase">
    <defName>MealFine_Meat</defName>
    <label>carnivore fine meal</label>
    <description>A complex dish assembled with care from meat ingredients.</description>
    <possessionCount>2</possessionCount>
    <graphicData>
      <texPath>Things/Item/Meal/FineMeat</texPath>
      <graphicClass>Graphic_StackCount</graphicClass>
    </graphicData>
    <comps>
      <li Class="CompProperties_Ingredients">
        <noIngredientsFoodKind>Meat</noIngredientsFoodKind>
      </li>
    </comps>
  </ThingDef>

  <ThingDef Name="MealLavishBase" ParentName="MealCookedIngredientless" Abstract="True">
    <description>A masterpiece of the culinary arts, this meal nourishes the body, mind, and soul.</description>
    <statBases>
      <MarketValue>40</MarketValue>
      <WorkToMake>800</WorkToMake>
      <Nutrition>1</Nutrition>
    </statBases>
    <ingestible>
      <preferability>MealLavish</preferability>
      <tasteThought>AteLavishMeal</tasteThought>
      <ingestEffect>EatVegetarian</ingestEffect>
      <ingestSound>Meal_Eat</ingestSound>
    </ingestible>
  </ThingDef>

  <ThingDef ParentName="MealLavishBase">
    <defName>MealLavish</defName>
    <label>lavish meal</label>
    <graphicData>
      <texPath>Things/Item/Meal/Lavish</texPath>
      <graphicClass>Graphic_MealVariants</graphicClass>
    </graphicData>
    <comps>
      <li Class="CompProperties_Ingredients">
        <splitTransferableFoodKind>true</splitTransferableFoodKind>
      </li>
    </comps>
  </ThingDef>

  <ThingDef ParentName="MealLavishBase">
    <defName>MealLavish_Veg</defName>
    <label>vegetarian lavish meal</label>
    <graphicData>
      <texPath>Things/Item/Meal/LavishVeg</texPath>
      <graphicClass>Graphic_StackCount</graphicClass>
    </graphicData>
    <comps>
      <li Class="CompProperties_Ingredients">
        <noIngredientsFoodKind>NonMeat</noIngredientsFoodKind>
      </li>
    </comps>
  </ThingDef>

  <ThingDef ParentName="MealLavishBase">
    <defName>MealLavish_Meat</defName>
    <label>carnivore lavish meal</label>
    <graphicData>
      <texPath>Things/Item/Meal/LavishMeat</texPath>
      <graphicClass>Graphic_StackCount</graphicClass>
    </graphicData>
    <comps>
    <li Class="CompProperties_Ingredients">
      <noIngredientsFoodKind>Meat</noIngredientsFoodKind>
    </li>
    </comps>
  </ThingDef>

  <ThingDef ParentName="OrganicProductBase">
    <defName>Kibble</defName>
    <label>kibble</label>
    <description>Animal feed made from mixed meat and plant sources. Humans can eat it, but they really, really don't like it.</description>
    <thingCategories>
      <li>Foods</li>
    </thingCategories>
    <graphicData>
      <texPath>Things/Item/Resource/Kibble</texPath>
    </graphicData>
    <socialPropernessMatters>true</socialPropernessMatters>
    <statBases>
      <MarketValue>1.1</MarketValue>
      <Mass>0.015</Mass>
      <Nutrition>0.05</Nutrition>
      <FoodPoisonChanceFixedHuman>0.02</FoodPoisonChanceFixedHuman>
    </statBases>
    <ingestible>
      <foodType>Kibble</foodType>
      <preferability>RawBad</preferability>
      <tasteThought>AteKibble</tasteThought>
      <optimalityOffsetHumanlikes>-30</optimalityOffsetHumanlikes>
      <optimalityOffsetFeedingAnimals>15</optimalityOffsetFeedingAnimals>
      <ingestEffect>EatVegetarian</ingestEffect>
      <ingestSound>RawVegetable_Eat</ingestSound>
    </ingestible>
    <comps>
      <li Class="CompProperties_Ingredients">
        <performMergeCompatibilityChecks>false</performMergeCompatibilityChecks>
        <noIngredientsFoodKind>Meat</noIngredientsFoodKind>
      </li>
    </comps>
    <allowedArchonexusCount>200</allowedArchonexusCount>
  </ThingDef>

  <ThingDef ParentName="OrganicProductBase">
    <defName>Pemmican</defName>
    <label>pemmican</label>
    <description>A preserved mashed mixture of fat and plant food. Tastes bland, but not offensive. It lasts a very long time without refrigeration. Great for traveling.</description>
    <thingClass>ThingWithComps</thingClass>
    <thingCategories>
      <li>Foods</li>
    </thingCategories>
    <graphicData>
      <texPath>Things/Item/Resource/Pemmican</texPath>
      <graphicClass>Graphic_StackCount</graphicClass>
    </graphicData>
    <socialPropernessMatters>true</socialPropernessMatters>
    <statBases>
      <MarketValue>1.4</MarketValue>
      <Mass>0.018</Mass>
      <Flammability>0.6</Flammability>
      <WorkToMake>700</WorkToMake>
      <DeteriorationRate>2</DeteriorationRate>
      <Nutrition>0.05</Nutrition>
    </statBases>
    <ingestible>
      <foodType>Meal</foodType>
      <preferability>MealSimple</preferability>
      <ingestEffect>EatVegetarian</ingestEffect>
      <ingestSound>Meal_Eat</ingestSound>
      <optimalityOffsetHumanlikes>6</optimalityOffsetHumanlikes>
    </ingestible>
    <comps>
      <li Class="CompProperties_Rottable">
        <daysToRotStart>70</daysToRotStart>
        <rotDestroys>true</rotDestroys>
      </li>
      <li Class="CompProperties_Ingredients">
        <noIngredientsFoodKind>Meat</noIngredientsFoodKind>
      </li>
      <li Class="CompProperties_FoodPoisonable" />
    </comps>
    <allowedArchonexusCount>200</allowedArchonexusCount>
  </ThingDef>

</Defs>
