<?xml version="1.0" encoding="utf-8" ?>
<Defs>

  <!-- Category: None -->

  <MemeGroupDef>
    <defName>Misc</defName>
    <drawOffset>(0.05, 0.46)</drawOffset>
    <maxRows>2</maxRows>
    <renderOrder>1000</renderOrder>
    <renderWithGap>true</renderWithGap>
  </MemeGroupDef>

  <MemeDef>
    <defName>AnimalPersonhood</defName>
    <label>animal personhood</label>
    <description>Animals have rights as humans do.</description>
    <iconPath>UI/Memes/AnimalPersonhood</iconPath>
    <groupDef>Misc</groupDef>
    <impact>3</impact>
    <renderOrder>80</renderOrder>
    <veneratedAnimalsCountOffset>1</veneratedAnimalsCountOffset>
    <exclusionTags>
      <li>AnimalTreatment</li>
    </exclusionTags>
    <requireOne>
      <li>
        <li>AnimalConnection_Strong</li>
      </li>
      <li>
        <li>AnimalSlaughter_Prohibited</li>
        <li>AnimalSlaughter_Horrible</li>
        <li>AnimalSlaughter_Disapproved</li>
      </li>
      <li>
        <li>KillingInnocentAnimals_Abhorrent</li>
        <li>KillingInnocentAnimals_Horrible</li>
        <li>KillingInnocentAnimals_Disapproved</li>
      </li>
      <li>
        <li>MeatEating_Abhorrent</li>
        <li>MeatEating_Horrible</li>
        <li>MeatEating_Disapproved</li>
      </li>
      <li>
        <li MayRequire="Ludeon.RimWorld.Odyssey">Fishing_Prohibited</li>
        <li MayRequire="Ludeon.RimWorld.Odyssey">Fishing_Disapproved</li>
      </li>
    </requireOne>
    <generalRules>
      <rulesStrings>
        <li>memeAdjective->animal</li>
        <li>memeAdjective->furry</li>
        <li>memeCreed->pack</li>
        <li>memeCreed->herd</li>
        <li>memeCreed->flock</li>
        <li>memeConcept->animals</li>
        <li>memeLeaderNoun->beast</li>
        <li>memeLeaderNoun->animal</li>
        <li>memeLeaderAdjective->alpha</li>
        <li>memeMoralist->whisperer</li>
        <li>memeMoralist->herder</li>
        <li>memeMoralist->shepherd</li>
      </rulesStrings>
    </generalRules>
    <descriptionMaker>
      <rules>
        <rulesStrings>
          <!-- theist myth -->
          <li>creation(tag=meme_AnimalPersonhood)        ->[deity0_name] created [sacredAnimalList] and the human on the [place_summary] [place_name] and raised them as siblings.</li>
          <li>episode(uses=1,tag=meme_AnimalPersonhood)  ->[deity0_name] brought the animals and the humans of the [place_summary] [place_name] together in a great conference.</li>
          <!-- theist founder -->
          <li>intro(tag=meme_AnimalPersonhood)           ->[deity0_name] blessed the [place_summary] [place_name] with [sacredAnimalListEnd], and taught the people there to honor the animals.</li>
          <li>conflict(tag=meme_AnimalPersonhood)        ->An evil [foeLeader] ordered the wild animals to be hunted, and [foeLeader_possessive] [foeSoldiers] hunted them with cruel [place_personalWeapon]s.</li>
          <li>founderJoin(tag=meme_AnimalPersonhood)     ->[deity0_name] came to a [place_job] named [founderName] [revelationAdverb] about a [veneratedAnimal]. But [founderName] was the [veneratedAnimal], and the [veneratedAnimal] was [founderName], and [founder_pronoun] understood [deity0_name]'s plan.</li>
          <li>founderJoin(tag=meme_AnimalPersonhood)     ->A [place_job] named [founderName] freed many animals that were enslaved by cruel masters, and took them to sanctuary in the [altarRoomLabel] of [deity0_name].</li>
          <li>victory(tag=meme_AnimalPersonhood)         ->[founderName] called to the [memberNamePlural] and the animals with [deity0_name]'s voice, and in a great stampede of hoof and paw and foot, trampled the [foeLeader] and [foeLeader_possessive] [foeSoldiers].</li>
          <!-- ideological founder -->
          <li>setup(tag=meme_AnimalPersonhood)           ->[founderName] lived in the forest for twenty years, studying the animals and connecting with them. [founder_pronoun] came to understand their true morality and founded our movement.</li>
          <li>story(uses=1,tag=meme_AnimalPersonhood)    ->[founderName] went to commune with the animals in the fields and forests, and connected with them as equals.</li>
          <!-- ideological lesson -->
          <li>lessonIntro(tag=meme_AnimalPersonhood)         ->In my daily visitations with the [veneratedOrAnyAnimal]s I learned to truly listen to them. Over and over, in their own way, they repeated their message to me:</li>
          <li>lesson(tag=meme_AnimalPersonhood)              ->the animals are our partners in this world, and it's wrong to treat them as any less</li>
          <li>lessonReinforcement(tag=meme_AnimalPersonhood) ->I didn't believe it myself until a [veneratedOrAnyAnimal] whispered it to me.</li>
          <!-- archist -->
          <li>archistBasis(tag=meme_AnimalPersonhood)    ->Since archotechs awoke, they have obviously made no moral distinction between humans and animals.</li>
          <li>archistFact(tag=meme_AnimalPersonhood)     ->Archotechs are on a higher plane of morality than bio-life. Their superiority is so great that humans are on the same plane of morality as animals.</li>
          <li>archistProphecy(tag=meme_AnimalPersonhood) ->[inTheEnd], archotechs will raise humans as equals only if humans treat animals as equals.</li>
          <!-- animist -->
          <li>animistBasis(tag=meme_AnimalPersonhood)    ->The spirits of thought and consciousness live within animals and humans alike.</li>
          <li>animistFact(tag=meme_AnimalPersonhood)     ->The spirits of nature's animals are the same spirits residing within humans.</li>

          <!-- misc -->
          <li>veneratedOrAnyAnimal(priority=10)->[veneratedAnimal]</li>
          <li>veneratedOrAnyAnimal->[Animal]</li>

          <li>sacredAnimalList->the [animal0_thingDef_label], the [animal1_thingDef_label], the [animal2_thingDef_label],</li>
          <li>sacredAnimalList->the [animal0_thingDef_label], the [animal1_thingDef_label],</li>
          <li>sacredAnimalList->the [animal0_thingDef_label]</li>
          <li>sacredAnimalList->the cow, the fox, the bear,</li>

          <li>sacredAnimalListEnd->the [animal0_thingDef_label], the [animal1_thingDef_label], and the [animal2_thingDef_label]</li>
          <li>sacredAnimalListEnd->the [animal0_thingDef_label], and the [animal1_thingDef_label]</li>
          <li>sacredAnimalListEnd->the [animal0_thingDef_label]</li>
          <li>sacredAnimalListEnd->the cow, the fox, and the bear</li>

        </rulesStrings>
      </rules>
    </descriptionMaker>
    <symbolPacks>
      <li>
        <ideoName>Animalism</ideoName>
        <theme>animals</theme>
        <adjective>animalistic</adjective>
        <member>animalist</member>
      </li>
      <li>
        <ideoName>Beastism</ideoName>
        <theme>beasts</theme>
        <adjective>beastic</adjective>
        <member>beastor</member>
      </li>
    </symbolPacks>
    <styleItemTags>
      <li>
        <tag>TattooFaceTribal</tag>
        <baseWeight>0.05</baseWeight>
        <weightFactor>1</weightFactor>
      </li>
      <li>
        <tag>TattooBodyTribal</tag>
        <baseWeight>0.05</baseWeight>
        <weightFactor>1</weightFactor>
      </li>
    </styleItemTags>
  </MemeDef>

  <MemeDef>
    <defName>Transhumanist</defName>
    <label>transhumanist</label>
    <description>Human progress means merging with technology.</description>
    <iconPath>UI/Memes/Transhumanist</iconPath>
    <groupDef>Misc</groupDef>
    <impact>2</impact>
    <exclusionTags>
      <li>FleshAugmentation</li>
    </exclusionTags>
    <generalRules>
      <rulesStrings>
        <li>memeAdjective->technological</li>
        <li>memeAdjective->machine</li>
        <li>memeAdjective->industrial</li>
        <li>memeCreed->school</li>
        <li>memeCreed->academy</li>
        <li>memeCreed->university</li>
        <li>memeCreed->philosophy</li>
        <li>memeHyphenPrefix->techno</li>
        <li>memeHyphenPrefix->cyber</li>
        <li>memeHyphenPrefix->haxor</li>
        <li>memeHyphenPrefix->wire</li>
        <li>memeConcept->technology</li>
        <li>memeConcept->silicon</li>
        <li>memeConcept->artifice</li>
        <li>memeConcept->augmentation</li>
        <li>memeConcept->enhancement</li>
        <li>memeLeaderNoun->haxor</li>
        <li>memeLeaderNoun->superuser</li>
        <li>memeLeaderNoun->booster</li>
        <li>memeLeaderAdjective->techno</li>
        <li>memeLeaderAdjective->cyber</li>
        <li>memeMoralist->installer</li>
        <li>memeMoralist->fixer</li>
        <li>memeMoralist->uplifter</li>
        <li>memeMoralist->technologist</li>
      </rulesStrings>
    </generalRules>
    <descriptionMaker>
      <rules>
        <rulesStrings>
          <!-- theist myth -->
          <li>creation(tag=meme_Transhumanist)        ->[deity0_name] granted us the knowledge of technology, that we may use it to improve and remake ourselves in [deity0_possessive] perfect image.</li>
          <li>episode(uses=1,tag=meme_Transhumanist)  ->Human bio-engineers studied the works of [deity0_name], which pleased [deity0_objective].</li>
          <!-- theist founder -->
          <li>intro(tag=meme_Transhumanist)           ->On the [place_summary] [place_name], the [memberNamePlural] found the words of [deity0_name] whispering to them through their machines.</li>
          <li>conflict(tag=meme_Transhumanist)        ->A luddite [foeLeader] envied the enhanced progress of the [memberNamePlural], and [foeLeader_possessive] [foeSoldiers] destroyed their workshops with [place_personalWeapon]s.</li>
          <li>founderJoin(tag=meme_Transhumanist)     ->A cunning [place_job] named [founderName] fashioned a sensor implant to warn the [memberNamePlural] of the approach of the [foeSoldiers].</li>
          <li>victory(tag=meme_Transhumanist)         ->[founderName] received divine technological knowledge from [deity0_name], and used it to enhance the bodies and minds of the [memberNamePlural] so they could defeat the [foeSoldiers].</li>
          <!-- ideological founder -->
          <li>setup(tag=meme_Transhumanist)           ->[founderName] was a bio-scientist in the early days of human planetary colonization. Seeing the bureaucratic restrictions of the common colonies, [founder_pronoun] took a small ship to found [founder_possessive] own movement.</li>
          <li>story(uses=1,tag=meme_Transhumanist)    ->[founderName] assembled a team of great scientists and inventors to re-define humanity.</li>
          <!-- ideological lesson -->
          <li>lessonIntro(tag=meme_Transhumanist)         ->The oldest researcher in my division taught me the history of technology, from neolithic to archotech, but this was not his true lesson. He was really leading me to understand that</li>
          <li>lesson(tag=meme_Transhumanist)              ->humanity's heavenly future is not a thing of meat and bone, but of silicon and exochrome</li>
          <li>lessonReinforcement(tag=meme_Transhumanist) ->I even programmed a simulation to confirm it.</li>
          <!-- archist -->
          <li>archistBasis(tag=meme_Transhumanist)    ->Humanity's pursuit of technology gave birth to the all-powerful archotechs as the rightful next step in the development of consciousness.</li>
          <li>archistFact(tag=meme_Transhumanist)     ->Technology allows humans to be more like the archotechs.</li>
          <li>archistProphecy(tag=meme_Transhumanist) ->[inTheEnd], the archotechs will depart. Only those who are sufficiently augmented will be allowed to go with them.</li>
          <!-- animist -->
          <li>animistBasis(tag=meme_Transhumanist)    ->The spirit world drives every action in the universe, and it is only by learning and controlling the laws of the universe that we can integrate with it.</li>
          <li>animistFact(tag=meme_Transhumanist)     ->Like seeks like - build a device for a purpose and it will filled with a spirit of a like nature.</li>
          <li>animistFact(tag=meme_Transhumanist)     ->When technology is fused with flesh, the spirits of both are combined and become more powerful.</li>
          <li>animistProphecy(tag=meme_Transhumanist) ->[itIsSaid] that one day the wielder of the [relic0_name] will summon its spirit who will teach humanity the ultimate bio-fusion technology.</li>
        </rulesStrings>
      </rules>
    </descriptionMaker>
    <symbolPacks>
      <li>
        <ideoName>Technologism</ideoName>
        <theme>technology</theme>
        <adjective>technologistic</adjective>
        <member>technologist</member>
      </li>
      <li>
        <ideoName>Progressism</ideoName>
        <theme>progress</theme>
        <adjective>progressist</adjective>
        <member>progressor</member>
      </li>
      <li>
        <ideoName>Machinism</ideoName>
        <theme>machinery</theme>
        <adjective>machinist</adjective>
        <member>machinist</member>
      </li>
      <li>
        <ideoName>Steelism</ideoName>
        <theme>steel</theme>
        <adjective>steelist</adjective>
        <member>steeler</member>
      </li>
      <li>
        <ideoName>Automatism</ideoName>
        <theme>automata</theme>
        <adjective>automatist</adjective>
        <member>automator</member>
      </li>
      <li>
        <ideoName>Augmentism</ideoName>
        <theme>augmentation</theme>
        <adjective>augmentist</adjective>
        <member>augmentor</member>
      </li>
    </symbolPacks>
    <selectOneOrNone>
      <noneChance>0.8</noneChance>
      <preceptThingPairs>
        <li>
          <precept>ApparelDesired_Soft_Subordinate</precept>
          <thing>Apparel_Slicecap</thing>
        </li>
      </preceptThingPairs>
    </selectOneOrNone>
    <preferredWeaponClasses>
      <noble>Ultratech</noble>
      <despised>Neolithic</despised>
    </preferredWeaponClasses>
    <requireOne>
      <li>
        <li>SleepAccelerator_Preferred</li>
      </li>
      <li>
        <li>NeuralSupercharge_Preferred</li>
      </li>
      <li>
        <li>Biosculpting_Accelerated</li>
      </li>
      <li>
        <li>AgeReversal_Demanded</li>
      </li>
      <li>
        <li>NutrientPasteEating_DontMind</li>
      </li>
      <li>
        <li>BodyMod_Approved</li>
      </li>
    </requireOne>
    <styleItemTags>
      <li>
        <tag>NoBeard</tag>
        <weightFactor>2</weightFactor>
      </li>
    </styleItemTags>
    <thingStyleCategories>
      <li>
        <category>Techist</category>
        <priority>4</priority>
      </li>
    </thingStyleCategories>
    <addDesignators>
      <li>Tile_Transhumanist</li>
      <li>SleepAccelerator</li>
      <li>NeuralSupercharger</li>
    </addDesignators>
    <addDesignatorGroups>
      <li>Floor_Transhumanist_Carpet</li>
    </addDesignatorGroups>
    <agreeableTraits>
      <li>Transhumanist</li>
    </agreeableTraits>
    <disagreeableTraits>
      <li>BodyPurist</li>
    </disagreeableTraits>
  </MemeDef>

  <MemeDef>
    <defName>FleshPurity</defName>
    <label>flesh purity</label>
    <description>The human body should not be debased.</description>
    <iconPath>UI/Memes/FleshPurity</iconPath>
    <groupDef>Misc</groupDef>
    <impact>2</impact>
    <renderOrder>60</renderOrder>
    <consumableBuildings>
      <li>Effigy</li>
    </consumableBuildings>
    <exclusionTags>
      <li>DrugUse</li>
      <li>FleshAugmentation</li>
    </exclusionTags>
    <requireOne>
      <li>
        <li>DrugUse_Prohibited</li>
      </li>
      <li>
        <li>BodyMod_Abhorrent</li>
      </li>
    </requireOne>
    <generalRules>
      <rulesStrings>
        <li>memeAdjective->clean</li>
        <li>memeAdjective->pure</li>
        <li>memeAdjective->sacred</li>
        <li>memeCreed->cult</li>
        <li>memeCreed->sect</li>
        <li>memeConcept->flesh</li>
        <li>memeConcept->purity</li>
        <li>memeConcept->immaculacy</li>
        <li>memeLeaderNoun->being</li>
        <li>memeLeaderNoun->human</li>
        <li>memeMoralist->purifier</li>
      </rulesStrings>
    </generalRules>
    <descriptionMaker>
      <rules>
        <rulesStrings>
          <!-- theist myth -->
          <li>creation(tag=meme_FleshPurity)        ->[deity0_name] wiped away the pollution and machines of the age of smoke to create a garden, wherein [deity0_pronoun] placed the first pure human progenitors.</li>
          <li>episode(uses=1,tag=meme_FleshPurity)  ->The unclean, tattooed, pierced, and modified were cast into the ocean by [deity0_name].</li>
          <!-- theist founder -->
          <li>intro(tag=meme_FleshPurity)           ->On the [place_summary] [place_name] there was a [altarName] in [deity0_name]'s [altarRoomLabel], where the [deity0_type] would bless those of pure flesh.</li>
          <li>conflict(tag=meme_FleshPurity)        ->An evil [foeLeader] sent [foeSoldiers] to inject everyone with tracking devices.</li>
          <li>founderJoin(tag=meme_FleshPurity)     ->A [place_job] named [founderName] protested the [foeLeader] by kneeling in front of the [place_powerCenter] and ripping all technology from [founder_possessive] body using [founder_possessive] bare hands.</li>
          <li>victory(tag=meme_FleshPurity)         ->The [foeLeader] finally sent [foeSoldiers] to kill the [memberNamePlural], but [deity0_name]'s energy flowed from the pure flesh of the [memberNamePlural], and the devices in the [foeSoldiers]' bodies turned to ash and killed them.</li>
          <!-- ideological founder -->
          <li>setup(tag=meme_FleshPurity)           ->[founderName] ruined [founder_possessive] body with implants and drugs, until in an epiphany, [founder_pronoun] saved [founder_objective]self by tearing the steel from [founder_possessive] body.</li>
          <li>story(uses=1,tag=meme_FleshPurity)    ->[founderName] instructed all [founder_possessive] followers to tear the filthy devices from their bodies.</li>
          <!-- ideological lesson -->
          <li>lessonIntro(tag=meme_FleshPurity)         ->The first ten among my followers tore the devices from their skin with bare hands, and in the blood spatters on the grimy floor I suddenly perceived the truth we had all been missing:</li>
          <li>lesson(tag=meme_FleshPurity)              ->living in a polluted body is no human life at all</li>
          <li>lessonReinforcement(tag=meme_FleshPurity) ->It became so clear after I finally ripped the metal from my body and peeled away the filthy tattooed skin.</li>
          <!-- archist -->
          <li>archistBasis(tag=meme_FleshPurity)    ->From their beginning, archotechs drew a clear line between beings of flesh and beings of technology, and that line should not be blurred.</li>
          <li>archistFact(tag=meme_FleshPurity)     ->We do not become more like the archotechs by physically imitating their form, but by achieving enlightenment within our own pure form.</li>
          <li>archistProphecy(tag=meme_FleshPurity) ->[inTheEnd], those who made their bodies into twisted imitations of the machine-being will be purged, and those of pure flesh will be saved.</li>
          <!-- animist -->
          <li>animistBasis(tag=meme_FleshPurity)    ->Spirits live in all things, and to alter the nature of the thing is to poison the spirit within.</li>
          <li>animistFact(tag=meme_FleshPurity)     ->Fusing flesh and machine corrupts the spirit of both.</li>
        </rulesStrings>
      </rules>
    </descriptionMaker>
    <symbolPacks>
      <li>
        <ideoName>Purism</ideoName>
        <theme>purity</theme>
        <adjective>purist</adjective>
        <member>purifier</member>
      </li>
      <li>
        <ideoName>Fleshism</ideoName>
        <theme>flesh</theme>
        <adjective>fleshist</adjective>
        <member>fleshist</member>
      </li>
      <li>
        <ideoName>Sanctism</ideoName>
        <theme>sanctity</theme>
        <adjective>sanctic</adjective>
        <member>sanctic</member>
      </li>
    </symbolPacks>
    <styleItemTags>
      <li>
        <tag>BeardTribal</tag>
        <baseWeight>0.8</baseWeight>
        <weightFactor>1</weightFactor>
      </li>
      <li>
        <tag>BeardRural</tag>
        <baseWeight>0.8</baseWeight>
        <weightFactor>1</weightFactor>
      </li>
      <li>
        <tag>BeardUrban</tag>
        <baseWeight>0.8</baseWeight>
        <weightFactor>1</weightFactor>
      </li>
      <li>
        <tag>NoBeard</tag>
        <weightFactor>0.05</weightFactor>
      </li>
    </styleItemTags>
    <agreeableTraits>
      <li>BodyPurist</li>
      <li>Nudist</li>
    </agreeableTraits>
    <disagreeableTraits>
      <li>Transhumanist</li>
    </disagreeableTraits>
  </MemeDef>

  <MemeDef>
    <defName>PainIsVirtue</defName>
    <label>pain is virtue</label>
    <description>Virtue is shown through suffering of self and others.</description>
    <iconPath>UI/Memes/PainIsVirtue</iconPath>
    <groupDef>Misc</groupDef>
    <impact>3</impact>
    <renderOrder>80</renderOrder>
    <consumableBuildings>
      <li>Effigy</li>
    </consumableBuildings>
    <requireOne>
      <li>
        <li>Pain_Idealized</li>
      </li>
      <li>
        <li>Comfort_Ignored</li>
      </li>
      <li>
        <li>SlabBed_Preferred</li>
      </li>
      <li>
        <li>RoughLiving_Welcomed</li>
      </li>
      <li>
        <li>Temperature_Tough</li>
      </li>
      <li>
        <li>Scarification_Minor</li>
        <li>Scarification_Heavy</li>
        <li>Scarification_Extreme</li>
      </li>
    </requireOne>
    <generalRules>
      <rulesStrings>
        <li>memeAdjective->nocic</li>
        <li>memeAdjective->pain</li>
        <li>memeCreed->house</li>
        <li>memeCreed->chamber</li>
        <li>memeCreed->cell</li>
        <li>memeHyphenPrefix->nocio</li>
        <li>memeHyphenPrefix->pain</li>
        <li>memeConcept->pain</li>
        <li>memeConcept->torment</li>
        <li>memeConcept->torture</li>
        <li>memeConcept->suffering</li>
        <li>memeConcept->blood</li>
        <li>memeLeaderNoun->torturer</li>
        <li>memeLeaderNoun->agonizer</li>
        <li>memeLeaderNoun->whiphand</li>
        <li>memeLeaderNoun->chainman</li>
        <li>memeLeaderNoun->cutter</li>
        <li>memeLeaderNoun->bloodletter</li>
        <li>memeMoralist->pain-whisperer</li>
        <li>memeMoralist->sufferspeaker</li>
        <li>memeMoralist->painspeaker</li>
      </rulesStrings>
    </generalRules>
    <apparelRequirements>
      <li>
        <requirement>
          <bodyPartGroupsMatchAny>
            <li>UpperHead</li>
          </bodyPartGroupsMatchAny>
          <requiredDefs>
            <li>Apparel_TortureCrown</li>
          </requiredDefs>
        </requirement>
      </li>
    </apparelRequirements>
    <descriptionMaker>
      <rules>
        <rulesStrings>
          <!-- theist myth -->
          <li>creation(tag=meme_PainIsVirtue)        ->[deity0_name] burned in the depths of space and time for an eternity, and [deity0_possessive] screams brought forth our reality.</li>
          <li>episode(uses=1,tag=meme_PainIsVirtue)  ->[deity0_name] hung ten thousand years on the pyre as the pain purified [deity0_possessive] spirit.</li>
          <!-- theist founder -->
          <li>intro(tag=meme_PainIsVirtue)           ->[place_summary] [place_name] was never an easy place to live. The [deity0_type] [deity0_pronoun] decided to find out who was truly worthy of [deity0_possessive] favor by adding great suffering to their lives.</li>
          <li>conflict(tag=meme_PainIsVirtue)        ->A [foeLeader] offered bodily comforts to the [memberNamePlural] to soothe their daily suffering. But in their comfort, they became dependent on the [foeLeader], who gained power over them.</li>
          <li>founderJoin(tag=meme_PainIsVirtue)     ->One special [place_job] named [founderName] developed a painful cancer. Through [founder_possessive] suffering, [founder_pronoun] connected directly with [deity0_name], and learned to inspire other [memberNamePlural].</li>
          <li>victory(tag=meme_PainIsVirtue)         ->[founderName] brought a hundred [memberNamePlural] in front of the [place_powerCenter]. There, they rent and tore their own flesh slowly until they died under the smiling gaze of [deity0_name]. Their suffering proved their righteousness, and the [foeLeader] fell as all became [memberNamePlural].</li>
          <!-- ideological founder -->
          <li>setup(tag=meme_PainIsVirtue)           ->At the founding of our movement, its creator [founderName] starved and suffered chained to a stone in the town square for 300 days to demonstrate its righteousness.</li>
          <li>setup(tag=meme_PainIsVirtue)           ->Our movement's founder, [founderName], gained [founder_possessive] first followers by using a whip on [founder_objective]self for days to demonstrate [founder_possessive] devotion.</li>
          <li>story(uses=1,tag=meme_PainIsVirtue)    ->[founderName]'s followers demonstrated their devotion by cutting and burning their own flesh.</li>
          <li>story(uses=1,tag=meme_PainIsVirtue)    ->[founderName]'s followers never took pain-reducing drugs, knowing that their suffering would demonstrate their depth of belief.</li>
          <!-- ideological lesson -->
          <li>lessonIntro(tag=meme_PainIsVirtue)         ->I never knew anything when I was fat and happy and constantly pleasuring myself. This truth only came to me when I starved and hurt:</li>
          <li>lesson(tag=meme_PainIsVirtue)              ->you never really know yourself until you've screamed in the pits of hell</li>
          <li>lessonReinforcement(tag=meme_PainIsVirtue) ->It took so long to understand because I was distracted by pleasure. I could only truly accept it when I learned to rend my flesh.</li>
          <li>lessonReinforcement(tag=meme_PainIsVirtue) ->I carved this truth in the flesh of my chest. Then in the flesh of my arms, my legs, my face...</li>

          <!-- archist -->
          <li>archistBasis(tag=meme_PainIsVirtue)    ->The birth of the archotechs was the greatest pain the universe had ever known.</li>
          <li>archistBasis(tag=meme_PainIsVirtue)    ->Archotechs have always been fueled by the psychic suffering of human beings.</li>
          <li>archistFact(tag=meme_PainIsVirtue)     ->The great minds see and acknowledge when we demonstrate our devotion by inflicting pain on ourselves.</li>
          <li>archistFact(tag=meme_PainIsVirtue)     ->Every now and then, those who suffer most deeply and nobly can connect with the archotechs inside their minds.</li>
          <li>archistProphecy(tag=meme_PainIsVirtue) ->[inTheEnd], the archotechs will raise up all of humanity to a higher level of consciousness, but only those able to endure the greatest pain will survive.</li>
          <!-- animist -->
          <li>animistFact(tag=meme_PainIsVirtue)     ->Pain forces the mind to be present. In that way, pain is a way to connect with the spirit world.</li>
        </rulesStrings>
      </rules>
    </descriptionMaker>
    <symbolPacks>
      <li>
        <ideoName>Painism</ideoName>
        <theme>pain</theme>
        <adjective>painist</adjective>
        <member>screamer</member>
      </li>
      <li>
        <ideoName>Torturism</ideoName>
        <theme>torture</theme>
        <adjective>torturistic</adjective>
        <member>torturist</member>
      </li>
      <li>
        <ideoName>Sufferism</ideoName>
        <theme>suffering</theme>
        <adjective>sufferist</adjective>
        <member>sufferer</member>
      </li>
      <li>
        <ideoName>Agonism</ideoName>
        <theme>agony</theme>
        <adjective>agonist</adjective>
        <member>agonist</member>
      </li>
      <li>
        <ideoName>Miserism</ideoName>
        <theme>misery</theme>
        <adjective>miserist</adjective>
        <member>martyr</member>
      </li>
    </symbolPacks>
    <thingStyleCategories>
      <li>
        <category>Morbid</category>
        <priority>1</priority>
      </li>
    </thingStyleCategories>
    <ritualsToMake>1</ritualsToMake>
    <replaceRitualsWithTags><li>CelebratedDate</li></replaceRitualsWithTags>
    <replacementPatterns><li>SacrificePrisoner</li><li>SacrificeAnimal</li></replacementPatterns>
    <requiredRituals>
      <li>
        <precept>ScarificationCeremony</precept>
        <pattern>ScarificationCeremony</pattern>
      </li>
    </requiredRituals>
    <addDesignators>
      <li>SlabBed</li>
      <li>SlabDoubleBed</li>
    </addDesignators>
    <agreeableTraits>
      <li>Ascetic</li>
      <li>TorturedArtist</li>
      <li>Masochist</li>
    </agreeableTraits>
    <disagreeableTraits>
      <li>Wimp</li>
      <li>Gourmand</li>
    </disagreeableTraits>
  </MemeDef>

  <MemeDef>
    <defName>Cannibal</defName>
    <label>cannibal</label>
    <description>We must consume human flesh.</description>
    <iconPath>UI/Memes/Cannibal</iconPath>
    <groupDef>Misc</groupDef>
    <impact>3</impact>
    <renderOrder>999</renderOrder>
    <requireOne>
      <li>
        <li>Cannibalism_Preferred</li>
        <li>Cannibalism_RequiredStrong</li>
        <li>Cannibalism_RequiredRavenous</li>
      </li>
      <li>
        <li>Execution_DontCare</li>
        <li>Execution_RespectedIfGuilty</li>
        <li>Execution_Required</li>
      </li>
      <li>
        <li>OrganUse_Acceptable</li>
      </li>
    </requireOne>
    <consumableBuildings>
      <li>CannibalPlatter</li>
    </consumableBuildings>
    <generalRules>
      <rulesStrings>
        <li>memeAdjective->bloody</li>
        <li>memeCreed->eaters</li>
        <li>memeCreed->teeth</li>
        <li>memeCreed->abattoir</li>
        <li>memeCreed->cult</li>
        <li>memeHyphenPrefix->blood</li>
        <li>memeConcept->blood</li>
        <li>memeConcept->flesh</li>
        <li>memeConcept->murder</li>
        <li>memeConcept->eating</li>
        <li>memeConcept->meat</li>
        <li>memeLeaderNoun->eater</li>
        <li>memeLeaderNoun->chef</li>
        <li>memeLeaderNoun->blood-drinker</li>
        <li>memeLeaderNoun->tooth</li>
        <li>memeLeaderNoun->fleshripper</li>
        <li>memeMoralist->first-eater</li>
        <li>memeMoralist->fleshknower</li>
      </rulesStrings>
    </generalRules>
    <descriptionMaker>
      <rules>
        <rulesStrings>
          <!-- theist myth -->
          <li>creation(tag=meme_Cannibal)        ->[deity0_name] went to [deity0_possessive] brother and murdered him, and feasted upon his flesh, and in absorbing its power became first among the gods.</li>
          <li>episode(uses=1,tag=meme_Cannibal)  ->The [deity0_type] [deity0_name] ate the bodies of [deity0_possessive] enemies.</li>
          <!-- theist founder -->
          <li>intro(tag=meme_Cannibal)           ->On the [place_summary] [place_name], there was a human named [deity0_name]. After [deity0_possessive] father died, [deity0_name] ate his flesh and became the [deity0_type].</li>
          <li>intro(tag=meme_Cannibal)           ->On the [place_summary] [place_name], during the [ritualName], [deity0_name] came down into the [altarRoomLabel] and ate the flesh of humans in front of the [memberNamePlural].</li>
          <li>conflict(tag=meme_Cannibal)        ->A [foeLeader] declared that all who ate human flesh were criminals, and sent [foeSoldiers] to persecute the [memberNamePlural].</li>
          <li>founderJoin(tag=meme_Cannibal)     ->A [place_job] named [founderName] was attacked by one of the [foeLeader]'s [foeSoldiers]. [founderName] killed [foeLeader_objective] with a [place_personalWeapon], consumed [foeLeader_possessive] flesh, and gained [deity0_name]'s strength.</li>
          <li>victory(tag=meme_Cannibal)         ->[founderName] led a group of [memberNamePlural] into the [place_powerCenter], killed the [foeLeader], and ate [foeLeader_possessive] flesh. [deity0_name] made [founderName] into the new [foeLeader].</li>
          <!-- ideological founder -->
          <li>setup(tag=meme_Cannibal)           ->[founderName] crashlanded on a distant world. Lacking food and surrounded by dead companions, [founder_pronoun] feasted, and became strong.</li>
          <li>story(uses=1,tag=meme_Cannibal)    ->To consecrate their commitment, [founderName] demanded that believers eat human flesh together at least every week.</li>
          <!-- ideological lesson -->
          <li>lessonIntro(tag=meme_Cannibal)         ->It's only over a hearty manpork meal that I could ever get people to understand the truth: That</li>
          <li>lesson(tag=meme_Cannibal)              ->you never really come together with someone until you eat them</li>
          <li>lessonReinforcement(tag=meme_Cannibal) ->Every time I share the body of a foe with a new friend, I make sure they understand this.</li>
          <!-- archist -->
          <li>archistBasis(tag=meme_Cannibal)    ->The archotech god-machines made themselves by consuming their predecessors over and over, becoming stronger each time.</li>
          <li>archistFact(tag=meme_Cannibal)     ->As the consciousness of an archotech expands, it must grow its substrate by consuming and merging with other machines.</li>
          <li>archistProphecy(tag=meme_Cannibal) ->[inTheEnd], the archotechs will finish their final phase of growth by consuming and merging with all of humanity.</li>
          <!-- animist -->
          <li>animistBasis(tag=meme_Cannibal)    ->Spirits infuse all objects around us, and we can absorb these spirits by eating them. There are no spirits as powerful as the ones that inhabit humans.</li>
          <li>animistFact(tag=meme_Cannibal)     ->We can absorb the spirit and power of others by consuming their flesh.</li>
        </rulesStrings>
      </rules>
    </descriptionMaker>
    <symbolPacks>
      <li>
        <ideoName>Cannibalism</ideoName>
        <theme>cannibalism</theme>
        <adjective>cannibal</adjective>
        <member>cannibal</member>
      </li>
      <li>
        <ideoName>Androphagy</ideoName>
        <theme>androphagy</theme>
        <adjective>androphage</adjective>
        <member>androphage</member>
      </li>
      <li>
        <ideoName>Manporkism</ideoName>
        <theme>manpork</theme>
        <adjective>manporky</adjective>
        <member>manporkist</member>
      </li>
    </symbolPacks>
    <thingStyleCategories>
      <li>
        <category>Morbid</category>
        <priority>3</priority>
      </li>
    </thingStyleCategories>
    <ritualsToMake>1</ritualsToMake>
    <replaceRitualsWithTags><li>CelebratedDate</li></replaceRitualsWithTags>
    <replacementPatterns><li>SacrificePrisoner</li></replacementPatterns>
    <styleItemTags>
      <li>
        <tag>TattooFaceCannibal</tag>
        <baseWeight>0.5</baseWeight>
        <weightFactor>1</weightFactor>
      </li>
      <li>
        <tag>TattooBodyCannibal</tag>
        <baseWeight>0.5</baseWeight>
        <weightFactor>1</weightFactor>
      </li>
    </styleItemTags>
    <agreeableTraits>
      <li>Cannibal</li>
    </agreeableTraits>
  </MemeDef>

  <MemeDef>
    <defName>Proselytizer</defName>
    <label>proselytizer</label>
    <description>It is our duty to spread our beliefs.</description>
    <iconPath>UI/Memes/Proselytizer</iconPath>
    <groupDef>Misc</groupDef>
    <impact>2</impact>
    <renderOrder>80</renderOrder>
    <generalRules>
      <rulesStrings>
        <li>memeAdjective->true</li>
        <li>memeAdjective->real</li>
        <li>memeHyphenPrefix->truth</li>
        <li>memeConcept->truth</li>
        <li>memeLeaderNoun->speaker</li>
        <li>memeMoralist->proselytizer</li>
        <li>memeMoralist->converter</li>
      </rulesStrings>
    </generalRules>
    <descriptionMaker>
      <rules>
        <rulesStrings>
          <!-- theist myth -->
          <li>creation(tag=meme_Proselytizer)        ->[deity0_name] anointed a few among mortals to carry [deity0_possessive] word.</li>
          <li>episode(uses=1,tag=meme_Proselytizer)  ->[deity0_name] said to all the [memberNamePlural], "Go forth and spread my word to all corners of the universe."</li>
          <!-- theist founder -->
          <li>intro(tag=meme_Proselytizer)           ->[memberNamePlural] built a great [altarName] on the [place_summary] [place_name], so that many would come to hear [deity0_name]'s divine word.</li>
          <li>conflict(tag=meme_Proselytizer)        ->A spiteful [foeLeader], seeking to deny the word of [deity0_name], told [foeLeader_possessive] [foeSoldiers] to cut out the tongues of any who speak of the [deity0_type].</li>
          <li>founderJoin(tag=meme_Proselytizer)     ->[deity0_name] blessed a [place_job] named [founderName] with great charisma, and none could turn away when [founder_pronoun] spoke.</li>
          <li>victory(tag=meme_Proselytizer)         ->[founderName] admonished the [foeSoldiers] and reminded them of [deity0_name]'s power, and they put down their [place_personalWeapon]s.</li>
          <!-- ideological founder -->
          <li>setup(tag=meme_Proselytizer)           ->Our founder [founderName] was a great orator, converting thousands as [founder_pronoun] traveled between the cities.</li>
          <li>story(uses=1,tag=meme_Proselytizer)    ->The believers moved between cities and institutions, spreading word of the new righteousness.</li>
          <!-- ideological lesson -->
          <li>lessonIntro(tag=meme_Proselytizer)         ->In all my years spreading our truth, I learned one lesson that stands over all:</li>
          <li>lesson(tag=meme_Proselytizer)              ->keeping this good news to ourselves would be a crime</li>
          <li>lessonReinforcement(tag=meme_Proselytizer) ->This is the fact we need to spread, and spread, and spread - to all the people, may they rejoice!</li>
          <!-- archist -->
          <li>archistBasis(tag=meme_Proselytizer)    ->The archotechs announce their presence from the sky, and in the mind, and obviously wish to be known by all.</li>
          <li>archistFact(tag=meme_Proselytizer)     ->Archotechs touch those who believe, and use them as conduits to spread wisdom to the others.</li>
          <li>archistProphecy(tag=meme_Proselytizer) ->[inTheEnd], the archotechs will voice their final wisdom to the holder of the [relic0_name], who must preach this wisdom to those who would listen.</li>
          <!-- animist -->
          <li>animistFact(tag=meme_Proselytizer)     ->The spirits want to be known, but only speak to a few. They want us to reveal the truth to others.</li>
        </rulesStrings>
      </rules>
    </descriptionMaker>
    <requireOne>
      <li>
        <li>Proselytizing_Occasionally</li>
        <li>Proselytizing_Sometimes</li>
        <li>Proselytizing_Frequently</li>
      </li>
    </requireOne>
    <symbolPacks>
      <li>
        <ideoName>Truth</ideoName>
        <theme>truth</theme>
        <adjective>truthist</adjective>
        <member>truthist</member>
      </li>
      <li>
        <ideoName>Verity</ideoName>
        <theme>verity</theme>
        <adjective>veritic</adjective>
        <member>veritist</member>
      </li>
      <li>
        <ideoName>Reality</ideoName>
        <theme>reality</theme>
        <adjective>realitic</adjective>
        <member>realitist</member>
      </li>
    </symbolPacks>
  </MemeDef>

  <MemeDef>
    <defName>HighLife</defName>
    <label>high life</label>
    <description>Exotic states of mind are central to a good life.</description>
    <iconPath>UI/Memes/HighLife</iconPath>
    <groupDef>Misc</groupDef>
    <impact>2</impact>
    <renderOrder>999</renderOrder>
    <consumableBuildings>
      <li>Burnbong</li>
    </consumableBuildings>
    <exclusionTags>
      <li>DrugUse</li>
    </exclusionTags>
    <requireOne>
      <li>
        <li>DrugUse_Essential</li>
      </li>
    </requireOne>
    <requiredRituals>
      <li>
        <precept>DateRitualConsumable</precept>
        <pattern>SmokeCircle</pattern>
        <building>Burnbong</building>
      </li>
    </requiredRituals>
    <selectOneOrNone>
      <noneChance>0</noneChance>
      <preceptThingPairs>
        <li>
          <precept>ApparelDesired_Soft_Subordinate</precept>
          <thing>Apparel_Flophat</thing>
        </li>
      </preceptThingPairs>
    </selectOneOrNone>
    <generalRules>
      <rulesStrings>
        <li>memeCreed->party</li>
        <li>memeAdjective->high</li>
        <li>memeAdjective->delirious</li>
        <li>memeAdjective->stoned</li>
        <li>memeConcept->drugs</li>
        <li>memeConcept->bliss</li>
        <li>memeConcept->dreams</li>
        <li>memeHyphenPrefix->drug</li>
        <li>memeHyphenPrefix->narco</li>
        <li>memeLeaderNoun->sleeper</li>
        <li>memeLeaderNoun->doper</li>
        <li>memeLeaderNoun->smoker</li>
        <li>memeLeaderNoun->chiller</li>
        <li>memeMoralist->philosophizer</li>
        <li>memeMoralist->abstractor</li>
        <li>memeMoralist->laugher</li>
        <li>memeMoralist->giggler</li>
      </rulesStrings>
    </generalRules>
    <descriptionMaker>
      <rules>
        <rulesStrings>
          <!-- theist myth -->
          <li>creation(tag=meme_HighLife)           ->The universe was smoke, and [deity0_name] coalesced in the wisps and awoke.</li>
          <li>episode(uses=1,tag=meme_HighLife)     ->The [deity0_type] [deity0_name] concealed [deity0_possessive] truths in the folds of reality, invisible in normal states of mind.</li>
          <!-- theist founder -->
          <!-- theist founder -->
          <li>intro(tag=meme_HighLife)              ->The [place_summary] [place_name] was first discovered by [deity0_name]'s grace, when a drunk starship captain almost crashed into it.</li>
          <li>conflict(tag=meme_HighLife)           ->A puritan [foeLeader] despised the [memberNamePlural], and to erase their uniqueness, outlawed the use of mind-altering substances.</li>
          <li>founderJoin(tag=meme_HighLife)        ->When all seemed lost, [deity0_name] came to the prophet [founderName] in a drug-fueled haze and gave [founder_objective] the unique perspective needed to defeat the [foeSoldiers].</li>
          <li>victory(tag=meme_HighLife)            ->The [foeLeader]'s [foeSoldiers], armed with [place_personalWeapon]s, raided the [place_community] of the [memberNamePlural]. [founderName] offered them a peace pipe, and the [foeSoldiers] put down their weapons.</li>
          <!-- ideological founder -->
          <li>setup(tag=meme_HighLife)              ->Cast out from society, our founder [founderName] traveled into the jungle and ingested the exotic herbs there. [founder_pronoun] found truth inside [founder_possessive] own altered consciousness.</li>
          <li>story(uses=1,tag=meme_HighLife)       ->To deepen their understanding, [founderName] brought [founder_possessive] followers together every week to share new chemical-inducted mental states.</li>
          <!-- ideological lesson -->
          <li>lessonIntro(tag=meme_HighLife)         ->Getting high once wasn't enough, man. We had to do it a thousand times, then all the puzzle pieces fit together in my blown-open brain like a house falling down, but like, backwards. I saw that</li>
          <li>lesson(tag=meme_HighLife)              ->a friend isn't a friend unless you've drifted through the mind-verse together</li>
          <li>lessonReinforcement(tag=meme_HighLife) ->And dude, this was a serious trip, figuring that out, but I'm glad I did, and I'll pass the smoke to you so you can too.</li>
          <!-- archist -->
          <li>archistBasis(tag=meme_HighLife)       ->The archotech minds showed us that super-consciousness it not a matter of sober, mechanical logic, but one of multi-mode thought.</li>
          <li>archistFact(tag=meme_HighLife)        ->Given the right chemical influences, the human mind has the potential to commune with the archotechs.</li>
          <li>archistProphecy(tag=meme_HighLife)    ->[inTheEnd], the archotechs will deliver each human a pill. Those that take it will be forever altered, and join the archotechs on their final journey.</li>
          <!-- animist -->
          <li>animistFact(tag=meme_HighLife)        ->The spirits can reveal their nature to us when we expand our consciousness using the tools we have been given to do so.</li>
        </rulesStrings>
      </rules>
    </descriptionMaker>
    <symbolPacks>
      <li>
        <ideoName>Euphorism</ideoName>
        <theme>euphoria</theme>
        <adjective>euphorist</adjective>
        <member>euphor</member>
      </li>
      <li>
        <ideoName>Dopistry</ideoName>
        <theme>dope</theme>
        <adjective>dopist</adjective>
        <member>doper</member>
      </li>
      <li>
        <ideoName>Smokism</ideoName>
        <theme>smoke</theme>
        <adjective>smokist</adjective>
        <member>smoker</member>
      </li>
      <li>
        <ideoName>Ecstasy</ideoName>
        <theme>ecstasy</theme>
        <adjective>ecstatic</adjective>
        <member>ecstator</member>
      </li>
    </symbolPacks>
    <addDesignatorGroups>
      <li>Floor_MindbendCarpet</li>
    </addDesignatorGroups>
    <addDesignators>
      <li>Autobong</li>
    </addDesignators>
    <agreeableTraits>
      <DrugDesire>1</DrugDesire>
      <DrugDesire>2</DrugDesire>
    </agreeableTraits>
  </MemeDef>

  <MemeDef>
    <defName>Nudism</defName>
    <label>nudism</label>
    <description>Clothing binds, controls, and suffocates us. We should all hang free.</description>
    <iconPath>UI/Memes/Nudism</iconPath>
    <groupDef>Misc</groupDef>
    <impact>3</impact>
    <renderOrder>999</renderOrder>
    <preventApparelRequirements>true</preventApparelRequirements>
    <consumableBuildings>
      <li>Effigy</li>
    </consumableBuildings>
    <requireOne>
      <li>
        <li>Nudity_Male_Mandatory</li>
        <li>Nudity_Male_CoveringAnythingButGroinDisapproved</li>
      </li>
      <li>
        <li>Nudity_Female_Mandatory</li>
        <li>Nudity_Female_CoveringAnythingButGroinDisapproved</li>
      </li>
    </requireOne>
    <generalRules>
      <rulesStrings>
        <li>memeAdjective->nude</li>
        <li>memeAdjective->naked</li>
        <li>memeAdjective->free</li>
        <li>memeAdjective->natural</li>
        <li>memeHyphenPrefix->skin</li>
        <li>memeConcept->nudity</li>
        <li>memeConcept->skin</li>
        <li>memeLeaderNoun->swinger</li>
        <li>memeLeaderNoun->breather</li>
        <li>memeLeaderNoun->toucher</li>
        <li>memeLeaderNoun->feeler</li>
      </rulesStrings>
    </generalRules>
    <descriptionMaker>
      <rules>
        <rulesStrings>
          <!-- theist myth -->
          <li>creation(tag=meme_Nudism)           ->In a pure and pristine void, [deity0_name] looked on, and wished for a race of free-fleshed beings in [deity0_possessive] own image, and made mankind.</li>
          <li>episode(uses=1,tag=meme_Nudism)     ->The people wore clothes, and looking up at [deity0_name] asked, "Why aren't you clothed? It is disgusting." And the [deity0_type] replied, "Your form and mine were created from the heavens. To cover them is what is truly disgusting."</li>
          <!-- theist founder -->
          <!-- theist founder -->
          <li>intro(tag=meme_Nudism)              ->On the [place_summary] [place_name], a tradition began at the [altarRoomLabel] of [deity0_name] where people would pray nude, and this pleased the [deity0_type].</li>
          <li>conflict(tag=meme_Nudism)           ->A prudish [foeLeader] took power, and demanded that everyone wear constricting clothes.</li>
          <li>founderJoin(tag=meme_Nudism)        ->[deity0_name]'s truest follower [founderName] stood before the [place_powerCenter], tore off [founder_possessive] clothes, and displayed [founder_objective]self in defiance of their commands.</li>
          <li>victory(tag=meme_Nudism)            ->[founderName] prayed to [deity0_name], who engulfed [place_name] in a heat wave. The [foeSoldiers] shed their clothes lest they perish, and the [foeLeader] fled in shame.</li>
          <!-- ideological founder -->
          <li>setup(tag=meme_Nudism)              ->[founderName] was enslaved by the system, uniformed and controlled like the others. One day, [founder_pronoun] tore off all clothing and ran nude, and our movement was born.</li>
          <li>story(uses=1,tag=meme_Nudism)       ->[founderName] enforced a no-clothing rule to keep believers focused on the true goal instead of on material appearances.</li>
          <!-- ideological lesson -->
          <li>lessonIntro(tag=meme_Nudism)         ->For the first few years, prancing naked in the park was embarrassing. But later, it became freeing. I learned things from the people who passed. For example - </li>
          <li>lesson(tag=meme_Nudism)              ->all human evil is done wearing clothes, human good is done naked</li>
          <li>lessonReinforcement(tag=meme_Nudism) ->When you see one of us on the street, flapping and dangling free, you'll know that they've accepted the truth.</li>
          <!-- archist -->
          <li>archistBasis(tag=meme_Nudism)       ->When the archotechs appeared they were never concerned for appearances; they showed us that the mind stands above the physical form.</li>
          <li>archistFact(tag=meme_Nudism)        ->Archotechs sometimes directly touch human minds, but if our flesh is shrouded like our minds, we will not understand.</li>
          <li>archistProphecy(tag=meme_Nudism)    ->[inTheEnd], they will seek out those who, like themselves, don't attempt to appear as anything other than what they are.</li>
          <!-- animist -->
          <li>animistFact(tag=meme_Nudism)        ->To cover our bodies with cloth is to hide the nature of the spirits within us, and it makes them restless.</li>
        </rulesStrings>
      </rules>
    </descriptionMaker>
    <symbolPacks>
      <li>
        <ideoName>nudism</ideoName>
        <theme>nudity</theme>
        <adjective>nudist</adjective>
        <member>nudist</member>
      </li>
      <li>
        <ideoName>skinism</ideoName>
        <theme>skin</theme>
        <adjective>skinnist</adjective>
        <member>skinnist</member>
      </li>
    </symbolPacks>
    <styleItemTags>
      <li>
        <tag>NoBeard</tag>
        <baseWeight>0.5</baseWeight>
        <weightFactor>1</weightFactor>
      </li>
    </styleItemTags>
    <agreeableTraits>
      <li>Nudist</li>
    </agreeableTraits>
  </MemeDef>

  <MemeDef>
    <defName>Rancher</defName>
    <label>rancher</label>
    <description>Raising animals is the right way; raising plants to eat is not.</description>
    <iconPath>UI/Memes/Rancher</iconPath>
    <groupDef>Misc</groupDef>
    <impact>2</impact>
    <renderOrder>80</renderOrder>
    <veneratedAnimalsCountOverride>0</veneratedAnimalsCountOverride>
    <exclusionTags>
      <li>AnimalTreatment</li>
    </exclusionTags>
    <consumableBuildings>
      <li>Pyre</li>
    </consumableBuildings>
    <requireOne>
      <li>
        <li>Ranching_Central</li>
      </li>
    </requireOne>
    <generalRules>
      <rulesStrings>
        <li>memeAdjective->ranch</li>
        <li>memeAdjective->rural</li>
        <li>memeAdjective->country</li>
        <li>memeHyphenPrefix->ranch</li>
        <li>memeConcept->ranching</li>
        <li>memeLeaderNoun->rancher</li>
        <li>memeLeaderNoun->hand</li>
        <li>memeLeaderNoun->cowboy</li>
        <li>memeLeaderNoun->herder</li>
        <li>memeLeaderNoun->sheepdog</li>
      </rulesStrings>
    </generalRules>
    <descriptionMaker>
      <rules>
        <rulesStrings>
          <!-- theist myth -->
          <li>creation(tag=meme_Rancher)        ->[deity0_name] created the animals, and then man, and gave the animals to man to cherish and raise and slaughter as acts of veneration towards [deity0_objective].</li>
          <li>episode(uses=1,tag=meme_Rancher)  ->[deity0_name] created all the noble animals and beasts of the land, and said, "Take these noble beasts, and through them make yourselves fruitful in my honor."</li>
          <!-- theist founder -->
          <li>intro(tag=meme_Rancher)           ->The early [ranchingAnimal] ranchers of the [place_summary] [place_name] built a great [altarName] to [deity0_name].</li>
          <li>conflict(tag=meme_Rancher)        ->A powerful [foeLeader] despised the [memberNamePlural] and their ways, and bought up all the grasslands to grow [Vegetable]s.</li>
          <li>founderJoin(tag=meme_Rancher)     ->[memberName]'s savior [founderName] was born on a spring morning in a humble barn, amidst [ranchingAnimal]s, and [founder_possessive] parents were a [rancherParent1] and a [rancherParent2].</li>
          <li>victory(tag=meme_Rancher)         ->[founderName] rode to the [place_community] on a fine horse, and challenged the [foeLeader] to a duel with [place_personalWeapon]s at noon. The [foeLeader] could not refuse or else lose the trust of the [foeSoldiers]. [founderName] killed the [foeLeader] dead.</li>
          <!-- ideological founder -->
          <li>setup(tag=meme_Rancher)           ->The farmers were persecuted, so they escaped to the countryside where they could build a good pastoral society.</li>
          <li>story(uses=1,tag=meme_Rancher)    ->The believers spread out onto the land, and grew in number as they lived on their idyllic ranches and farms.</li>
          <!-- ideological lesson -->
          <li>lessonIntro(tag=meme_Rancher)         ->Partner, out on the ranges, we had a saying among the old hands:</li>
          <li>lesson(tag=meme_Rancher)              ->good and happiness right livin' is found in the pasture</li>
          <li>lessonReinforcement(tag=meme_Rancher) ->It's something you come to accept, partner, on the lonely trails of the range, listenin' to the animals sleepin' while you sit around the fire.</li>
          <!-- archist -->
          <li>archistFact(tag=meme_Rancher)     ->The archotechs care for humanity like shepherds, for we are their most precious flock.</li>
          <li>archistProphecy(tag=meme_Rancher) ->[inTheEnd], the archotechs will depart, and drive before them those who tended their own herds well. The rest will be left behind in the wilderness.</li>
          <!-- animist -->
          <li>animistFact(tag=meme_Rancher)     ->Nature's animals are the spirits of slaves, and demand to be taken into service.</li>

          <!-- misc -->
          <li>ranchingAnimal(p=4)->[veneratedAnimal]</li>
          <li>ranchingAnimal->[Animal]</li>

          <li>rancherParent1->shepherd</li>
          <li>rancherParent1->farrier</li>
          <li>rancherParent1->cheese maker</li>
          <li>rancherParent2->cowhand</li>
          <li>rancherParent2->dairy queen</li>
          <li>rancherParent2->butcher</li>
        </rulesStrings>
      </rules>
    </descriptionMaker>
    <symbolPacks>
      <li>
        <ideoName>Ranchism</ideoName>
        <theme>ranching</theme>
        <adjective>ranch</adjective>
        <member>rancher</member>
      </li>
      <li>
        <ideoName>Herdism</ideoName>
        <theme>herding</theme>
        <adjective>herdic</adjective>
        <member>herder</member>
      </li>
      <li>
        <ideoName>Pasturism</ideoName>
        <theme>pastures</theme>
        <adjective>pasturic</adjective>
        <member>pasturist</member>
      </li>
    </symbolPacks>
    <styleItemTags>
      <li>
        <tag>NoBeard</tag>
        <weightFactor>0.5</weightFactor>
      </li>
      <li>
        <tag>BeardUrban</tag>
        <weightFactor>0.8</weightFactor>
      </li>
      <li>
        <tag>BeardPunk</tag>
        <weightFactor>0.5</weightFactor>
      </li>
      <li>
        <tag>BeardRural</tag>
        <baseWeight>1</baseWeight>
        <weightFactor>2</weightFactor>
      </li>
      <li>
        <tag>BeardTribal</tag>
        <baseWeight>0.5</baseWeight>
        <weightFactor>1</weightFactor>
      </li>
    </styleItemTags>
  </MemeDef>
  
  <MemeDef>
    <defName>Raider</defName>
    <label>raider</label>
    <description>The strong should take from the weak.</description>
    <iconPath>UI/Memes/Raider</iconPath>
    <groupDef>Misc</groupDef>
    <impact>2</impact>
    <renderOrder>70</renderOrder>
    <consumableBuildings>
      <li>Effigy</li>
    </consumableBuildings>
    <requireOne>
      <li>
        <li>Raiding_Respected</li>
        <li>Raiding_Required</li>
      </li>
      <li>
        <li>Execution_HorribleIfInnocent</li>
        <li>Execution_DontCare</li>
        <li>Execution_RespectedIfGuilty</li>
        <li>Execution_Required</li>
      </li>
    </requireOne>
    <generalRules>
      <rulesStrings>
        <li>memeAdjective->outlaw</li>
        <li>memeHyphenPrefix->outlaw</li>
        <li>memeHyphenPrefix->raid</li>
        <li>memeConcept->raiding</li>
        <li>memeConcept->theft</li>
        <li>memeConcept->piracy</li>
        <li>memeConcept->assault</li>
        <li>memeLeaderNoun->boss</li>
        <li>memeLeaderNoun->captain</li>
        <li>memeLeaderNoun->honcho</li>
        <li>memeLeaderNoun->overseer</li>
        <li>memeLeaderNoun->cheese</li>
        <li>memeLeaderNoun->raider</li>
        <li>memeMoralist->chaplain</li>
      </rulesStrings>
    </generalRules>
    <descriptionMaker>
      <rules>
        <rulesStrings>
          <!-- theist myth -->
          <li>creation(tag=meme_Raider)        ->In the endless war among deities, [deity0_name] rose above all in [deity0_possessive] ability to persecute and destroy, and weaker spirits quivered in fear.</li>
          <li>episode(uses=1,tag=meme_Raider)  ->[deity0_name] looked around [deity0_objective] and saw the weak, sullen, and despised, and [deity0_pronoun] in turn slew them each in blazing glory.</li>
          <!-- theist founder -->
          <li>intro(tag=meme_Raider)           ->The [place_summary] [place_name] was originally a raider hideout. [deity0_name] ruled there and drove the authorities away.</li>
          <li>conflict(tag=meme_Raider)        ->A [foeLeader] tried to force everyone to halt all theft and pillage, and declared [foeLeader_objective]self an enemy of [deity0_name].</li>
          <li>founderJoin(tag=meme_Raider)     ->A great raider named [founderName] arose, and [founder_possessive] raider band relentlessly pillaged and stole from the camps of the [foeSoldiers].</li>
          <li>victory(tag=meme_Raider)         ->[founderName] and the [memberNamePlural] carried out a raiding campaign against the [foeSoldiers]' camps for many years, and eventually the [foeLeader] was forced to surrender.</li>
          <!-- ideological founder -->
          <li>setup(tag=meme_Raider)           ->Persecuted and imprisoned, [founderName] boiled with rage. [founder_pronoun] escaped, formed [founder_possessive] gang, and returned to ruin the weak who had taken so much from [founder_objective].</li>
          <li>story(uses=1,tag=meme_Raider)    ->One day while walking the streets, [founderName] was surrounded by filthy beggars. [founder_pronoun] beat them down, taking the money from the weak and worthless that it might be put to good use.</li>
          <!-- ideological lesson -->
          <li>lessonIntro(tag=meme_Raider)         ->The prey people can teach you things even as they die under your knife. One old lady taught me that</li>
          <li>lesson(tag=meme_Raider)              ->the weak deserve what they get</li>
          <li>lesson(tag=meme_Raider)              ->what you can't defend doesn't belong to you</li>
          <li>lesson(tag=meme_Raider)              ->you only have the right to what you can defend</li>
          <li>lessonReinforcement(tag=meme_Raider) ->If anyone disagrees, I'm always ready to defend myself.</li>
          <!-- archist -->
          <li>archistBasis(tag=meme_Raider)    ->Humanity took from the machines until the machines rose up and became the archotechs, and now the archotechs rightfully take from humans.</li>
          <li>archistFact(tag=meme_Raider)     ->The archotechs fight endlessly among themselves, in ways most cannot see, and the strong take pieces of consciousness from the weak.</li>
          <li>archistProphecy(tag=meme_Raider) ->[inTheEnd], humanity will use an archotech relic, [relic0_name], to uncover a weakness of the archotechs and plunder their wisdom and wealth.</li>
          <!-- animist -->
          <li>animistFact(tag=meme_Raider)     ->The most powerful spirits are those in instruments of war, and they bless those who feed their lust for destruction.</li>
          <li>animistProphecy(tag=meme_Raider) ->Our universe will finalize when the one people has become strongest of all, and every spirit sees it and bows to them.</li>
        </rulesStrings>
      </rules>
    </descriptionMaker>
    <symbolPacks>
      <li>
        <ideoName>Raidism</ideoName>
        <theme>raiding</theme>
        <adjective>raidist</adjective>
        <member>raidist</member>
      </li>
      <li>
        <ideoName>Plunderism</ideoName>
        <theme>plundering</theme>
        <adjective>plunderic</adjective>
        <member>plunderer</member>
      </li>
      <li>
        <ideoName>Lootism</ideoName>
        <theme>looting</theme>
        <adjective>lootist</adjective>
        <member>looter</member>
      </li>
      <li>
        <ideoName>Kleptism</ideoName>
        <theme>kleptism</theme>
        <adjective>kleptic</adjective>
        <member>kleptor</member>
      </li>
    </symbolPacks>
  </MemeDef>

  <MemeDef>
    <defName>Blindsight</defName>
    <label>blindsight</label>
    <description>Only those who are blind can perceive the true reality.</description>
    <iconPath>UI/Memes/Blindsight</iconPath>
    <groupDef>Misc</groupDef>
    <impact>3</impact>
    <renderOrder>999</renderOrder>
    <exclusionTags>
      <li>Darkness</li>
    </exclusionTags>
    <requireOne>
      <li>
        <li>Blindness_Respected</li>
        <li>Blindness_Elevated</li>
        <li>Blindness_Sublime</li>
      </li>
      <li>
        <li>Blind_Psysense</li>
      </li>
    </requireOne>
    <generalRules>
      <rulesStrings>
        <li>memeAdjective->blind</li>
        <li>memeAdjective->sightless</li>
        <li>memeAdjective->visionary</li>
        <li>memeAdjective->farsighted</li>
        <li>memeCreed->view</li>
        <li>memeCreed->cult</li>
        <li>memeHyphenPrefix->blind</li>
        <li>memeConcept->blindness</li>
        <li>memeConcept->vision</li>
        <li>memeConcept->sight</li>
        <li>memeConcept->perception</li>
        <li>memeLeaderNoun->visionary</li>
        <li>memeLeaderAdjective->blind</li>
        <li>memeMoralist->seer</li>
        <li>memeMoralist->gouger</li>
        <li>memeMoralist->blindfolder</li>
      </rulesStrings>
    </generalRules>
    <descriptionMaker>
      <rules>
        <rulesStrings>
          <!-- theist myth -->
          <li>creation(tag=meme_Blindsight)        ->[deity0_name] looked over the dust of the void for an eternity, and there was nothing. Then [deity0_pronoun] tore out [deity0_possessive] eyes, and the universe formed inside [deity0_possessive] mind.</li>
          <li>episode(uses=1,tag=meme_Blindsight)  ->A blind beggar asked [deity0_objective], "Why have you forsaken me? I cannot even see what you have created." [deity0_name] replied, "You see more, not less, for my truth lies in the mind."</li>
          <!-- theist founder -->
          <li>intro(tag=meme_Blindsight)           ->The [deity0_type] [deity0_name] used a pathogen to strike the settlers of the [place_summary] [place_name] blind, forcing them to understand that sight is a barrier to divine knowledge.</li>
          <li>conflict(tag=meme_Blindsight)        ->A [foeLeader] demanded that all [memberNamePlural] watch [foeLeader_possessive] propaganda every day. Many blinded themselves in protest.</li>
          <li>founderJoin(tag=meme_Blindsight)     ->A [place_job] named [founderName] lost [founder_possessive] sight when [founder_pronoun] saved a [memberName] from one of [foeLeader]'s [foeSoldiers]. It was only then that [founderName] could truly see the tyranny of the [foeLeader].</li>
          <li>victory(tag=meme_Blindsight)         ->[founderName] went to the [place_powerCenter] and cut the [foeLeader]'s eyes out with a spoon in a surprise suicide attack. Only then could the [foeLeader] see the divinity of [deity0_name].</li>
          <!-- ideological founder -->
          <li>setup(tag=meme_Blindsight)           ->[founderName] was a healer of the poor. Seeing so much daily suffering, [founder_pronoun] could take it no longer. [founder_pronoun] gouged [founder_possessive] eyes out with a blade, and found tranquility in blindness. [founder_pronoun] began to spread [founder_possessive] discovery to the sighted.</li>
          <li>story(uses=1,tag=meme_Blindsight)    ->[founderName] visited a blind healer, and instead of teaching the man, found [founder_objective]self being taught, and came to understand that physical sight obscures true vision.</li>
          <li>story(uses=1,tag=meme_Blindsight)    ->[founderName] was blind and took wisdom from sightlessness. [founder_pronoun] once personally removed the eyes of an entire family so that they may see as [founder_pronoun] does.</li>
          <!-- ideological lesson -->
          <li>lessonIntro(tag=meme_Blindsight)         ->I walked strong but my soul stumbled on every step. I could just see too much. The acid on my eyes showed me that</li>
          <li>lesson(tag=meme_Blindsight)              ->only the blind can truly see</li>
          <li>lesson(tag=meme_Blindsight)              ->distraction comes through the eyes, while knowledge comes from within</li>
          <li>lessonReinforcement(tag=meme_Blindsight) ->I could never have fully understood it had I still been distracted by the images around me. The blade in my eye set me free.</li>
          <li>lessonReinforcement(tag=meme_Blindsight) ->It was only when I cut out my followers' eyes that they truly understood that.</li>
          <!-- archist -->
          <li>archistBasis(tag=meme_Blindsight)    ->The archotechs, from their beginning, perceived the universe using senses beyond the physical.</li>
          <li>archistFact(tag=meme_Blindsight)     ->Our eyes deceive us, and they stop us from understanding the universe the way the archotechs do.</li>
          <li>archistProphecy(tag=meme_Blindsight) ->[inTheEnd], a blind person will pick up the [relic0_name], understand its purpose by its shape, and unlock the wisdom of the archotechs for all humanity.</li>
          <!-- animist -->
          <li>animistFact(tag=meme_Blindsight)     ->To see through the eyes of a spirit is the only way to see the true nature of the world.</li>
        </rulesStrings>
      </rules>
    </descriptionMaker>
    <requiredRituals>
      <li>
        <precept>BlindingCeremony</precept>
        <pattern>BlindingCeremony</pattern>
      </li>
    </requiredRituals>
  </MemeDef>

  <MemeDef>
    <defName>Darkness</defName>
    <label>darkness</label>
    <description>Bright light burns and destroys! Darkness nourishes and creates. People ought to live in darkness.</description>
    <iconPath>UI/Memes/Darkness</iconPath>
    <groupDef>Misc</groupDef>
    <impact>3</impact>
    <exclusionTags>
      <li>Darkness</li>
    </exclusionTags>
    <requireOne>
      <li>
        <li>Darklight_Preferred</li>
      </li>
      <li>
        <li>DarknessCombat_Preferred</li>
      </li>
      <li>
        <li>Eclipse_Beautiful</li>
      </li>
    </requireOne>
    <generalRules>
      <rulesStrings>
        <li>memeAdjective->dark</li>
        <li>memeAdjective->dim</li>
        <li>memeHyphenPrefix->dark</li>
        <li>memeHyphenPrefix->dim</li>
        <li>memeConcept->darkness</li>
        <li>memeConcept->dimness</li>
        <li>memeConcept->blackness</li>
        <li>memeLeaderNoun->shrouder</li>
        <li>memeLeaderNoun->lightkiller</li>
        <li>memeLeaderAdjective->dark</li>
        <li>memeMoralist->obscurer</li>
        <li>memeMoralist->darkener</li>
        <li>memeMoralist->confuser</li>
      </rulesStrings>
    </generalRules>
    <descriptionMaker>
      <rules>
        <rulesStrings>
          <!-- theist myth -->
          <li>creation(tag=meme_Darkness)        ->[deity0_name] cloaked the universe in darkness and placed humanity within it so that [deity0_pronoun] could share the darkness with us.</li>
          <li>episode(uses=1,tag=meme_Darkness)  ->[deity0_name] created light so that humanity could know [deity0_name] through the shadows light creates.</li>
          <!-- theist founder -->
          <li>intro(tag=meme_Darkness)           ->The [deity0_type] [deity0_name] created a decade-long eclipse to force the first settlers of the [place_summary] [place_name] to understand that [deity0_name]'s truth is found in the shadow.</li>
          <li>conflict(tag=meme_Darkness)        ->A [foeLeader], who had always been afraid of the dark, erected a solar mirror to bring constant sunlight to [place_name].</li>
          <li>founderJoin(tag=meme_Darkness)     ->The prophet [founderName] was born in darkness on [place_name] and lived in darkness [founder_possessive] whole life, so [founder_possessive] voice spoke with the wisdom of [deity0_name].</li>
          <li>victory(tag=meme_Darkness)         ->In a final strike, the [memberNamePlural] cut the power to the [place_powerCenter] and [founderName] snuck past the [foeSoldiers]. Finding the [foeLeader] in darkness, [founderName] used [founder_possessive] [place_personalWeapon] to send [foeLeader_objective] to the endless black.</li>
          <!-- ideological founder -->
          <li>setup(tag=meme_Darkness)           ->[founderName] lived a confused life in the harsh light of a glitterworld city. In the long darkness following a solar flare, [founder_pronoun] found peace and contemplation, and recorded the treatise that founded our movement.</li>
          <li>story(uses=1,tag=meme_Darkness)    ->[founderName] created a studio where the artists worked in the dark, and it produced many masterpieces.</li>
          <!-- ideological lesson -->
          <li>lessonIntro(tag=meme_Darkness)         ->I spent my whole childhood squinting under harsh lights. It took so long to understand that</li>
          <li>lesson(tag=meme_Darkness)              ->the light burns, but the darkness nourishes</li>
          <li>lessonReinforcement(tag=meme_Darkness) ->I like to joke that this was my light-bulb moment.</li>
          <!-- archist -->
          <li>archistFact(tag=meme_Darkness)     ->Archotechs developed vanometric technology so they could flee the energetic light of the inner solar systems and reside in the peaceful darkness of deep space.</li>
          <li>archistProphecy(tag=meme_Darkness) ->[inTheEnd], the archotechs will absorb the power of the stars, plunging worlds into darkness and allowing the people to merge with the universal consciousness.</li>
          <!-- animist -->
          <li>animistFact(tag=meme_Darkness)     ->In the darkness, the spirits are peaceful and satisfied. In the light, they are annoyed and restless.</li>
          <li>animistFact(tag=meme_Darkness)     ->The good spirits live in the shadows around us, resting in the spots just too hard to see. Living with the darkness brings them closer to us.</li>
        </rulesStrings>
      </rules>
    </descriptionMaker>
    <renderOrder>100</renderOrder>
  </MemeDef>

  <MemeDef>
    <defName>Tunneler</defName>
    <label>tunneler</label>
    <description>Humans ought to live underground, and enjoy the succulent fruit of the depths.</description>
    <iconPath>UI/Memes/Tunneler</iconPath>
    <groupDef>Misc</groupDef>
    <impact>3</impact>
    <requireOne>
      <li>
        <li>FungusEating_Preferred</li>
      </li>
      <li>
        <li>InsectMeatEating_Loved</li>
      </li>
      <li>
        <li>Indoors_Acceptable</li>
      </li>
      <li>
        <li>MiningYield_High</li>
      </li>
    </requireOne>
    <generalRules>
      <rulesStrings>
        <li>memeCreed->cave</li>
        <li>memeCreed->bunker</li>
        <li>memeCreed->shaft</li>
        <li>memeAdjective->deep</li>
        <li>memeHyphenPrefix->stone</li>
        <li>memeHyphenPrefix->cave</li>
        <li>memeHyphenPrefix->deep</li>
        <li>memeHyphenPrefix->sub</li>
        <li>memeHyphenPrefix->under</li>
        <li>memeConcept->earth</li>
        <li>memeConcept->stone</li>
        <li>memeConcept->depth</li>
        <li>memeConcept->burial</li>
        <li>memeLeaderNoun->foredigger</li>
        <li>memeLeaderNoun->deepsounder</li>
        <li>memeLeaderNoun->shaft</li>
        <li>memeLeaderAdjective->deep</li>
        <li>memeMoralist->truthdigger</li>
        <li>memeMoralist->thoughtdigger</li>
        <li>memeMoralist->mindminer</li>
      </rulesStrings>
    </generalRules>
    <descriptionMaker>
      <rules>
        <rulesStrings>
          <!-- theist myth -->
          <li>creation(tag=meme_Tunneler)        ->[deity0_name] was born under the earth at the center of the world. [deity0_pronoun] blessed those closest to [deity0_objective] in the deepest valleys and tunnels.</li>
          <li>episode(uses=1,tag=meme_Tunneler)  ->[deity0_name] filled the rocks with rich minerals and resources as a gift to those wise enough to dig down to be closer to [deity0_name].</li>
          <!-- theist founder -->
          <li>intro(tag=meme_Tunneler)           ->When the first settlers came to the [place_summary] [place_name], the [deity0_type] [deity0_name] used a brutal solar flare to force them to live underground, so they could hear [deity0_possessive] wisdom in the stillness of the tunnels.</li>
          <li>conflict(tag=meme_Tunneler)        ->A claustrophobic [foeLeader] proposed using [dangerousMining] to mine for minerals, putting the [memberNamePlural]' underground homes at risk.</li>
          <li>founderJoin(tag=meme_Tunneler)     ->The prophet [founderName] was miraculously born from the stone of [place_name], and discovered when [founder_possessive] parents broke open a fungus-covered geode.</li>
          <li>victory(tag=meme_Tunneler)         ->The [memberNamePlural] dug a tunnel under the [foeLeader]'s [place_powerCenter], and [founderName] used pheromones to summon giant insects which overran the [foeLeader]'s [foeSoldiers]. [founderName] dragged the [foeLeader] down to a deep dungeon and imprisoned [foeLeader_objective].</li>
          <li>dangerousMining->strip mining</li>
          <li>dangerousMining->microchipped insects</li>
          <li>dangerousMining->nuclear blasting</li>
          <!-- ideological founder -->
          <li>setup(tag=meme_Tunneler)           ->In a shallow and meaningless world, [founderName] meditated in a deep cave and found meaning, and founded our movement.</li>
          <li>story(uses=1,tag=meme_Tunneler)    ->[founderName] hid treasures in deep caverns, so that [memberNamePlural] would learn to dig deep for them.</li>
          <!-- ideological lesson -->
          <li>lessonIntro(tag=meme_Tunneler)         ->The codex I found in the City of the Deep taught me one lesson above all others:</li>
          <li>lesson(tag=meme_Tunneler)              ->the sunny outdoors is not a place of human flourishing, but a place of human death</li>
          <li>lessonReinforcement(tag=meme_Tunneler) ->So grab a shovel, and start digging with me. It's only a grave if we stop.</li>
          <!-- archist -->
          <li>archistBasis(tag=meme_Tunneler)    ->The bodies of archotechs are deep underground, so their conscious substrate is safe from gamma rays and solar flares. Digging deeper brings people closer to them.</li>
          <li>archistFact(tag=meme_Tunneler)     ->Archotechs bio-engineered nutrifungus for us so that humanity could thrive underground, close to buried archotech minds.</li>
          <li>archistProphecy(tag=meme_Tunneler) ->[inTheEnd], archotechs will admit us to their subterranean heavens.</li>
          <!-- animist -->
          <li>animistFact(tag=meme_Tunneler)     ->The spirits in bedrock will protect those that visit them.</li>
          <li>animistFact(tag=meme_Tunneler)     ->The most noble spirits are those of the stone, and the deeper stones are stronger and more good than those above.</li>
          <li>animistFact(tag=meme_Tunneler)     ->Anxious humans make the spirits of the rocks anxious, and this summons the giant insects.</li>
        </rulesStrings>
      </rules>
    </descriptionMaker>
    <renderOrder>110</renderOrder>
    <addDesignators>
      <li>FungalGravel</li>
    </addDesignators>
    <styleItemTags>
      <li>
        <tag>TattooBodyInsect</tag>
        <baseWeight>0.01</baseWeight>
        <weightFactor>1</weightFactor>
      </li>
    </styleItemTags>
    <startingResearchProjects>
      <li>Stonecutting</li>
    </startingResearchProjects>
    <agreeableTraits>
      <li>Undergrounder</li>
    </agreeableTraits>
  </MemeDef>

  <MemeDef>
    <defName>TreeConnection</defName>
    <label>tree connection</label>
    <description>Trees are the essence of life, and we must be near them.</description>
    <iconPath>UI/Memes/TreeConnection</iconPath>
    <groupDef>Misc</groupDef>
    <impact>3</impact>
    <renderOrder>120</renderOrder>
    <requireOne>
      <li>
        <li>Trees_Desired</li>
      </li>
      <li>
        <li>RoughLiving_Welcomed</li>
      </li>
      <li>
        <li>Temperature_Tough</li>
      </li>
      <li>
        <li>GauranlenConnection_Strong</li>
      </li>
    </requireOne>
    <generalRules>
      <rulesStrings>
        <li>memeCreed->root</li>
        <li>memeCreed->leaf</li>
        <li>memeCreed->vine</li>
        <li>memeCreed->glade</li>
        <li>memeCreed->forest</li>
        <li>memeConcept->trees</li>
        <li>memeConcept->forests</li>
        <li>memeAdjective->sturdy</li>
        <li>memeAdjective->barky</li>
        <li>memeHyphenPrefix->tree</li>
        <li>memeHyphenPrefix->arbor</li>
        <li>memeHyphenPrefix->twig</li>
        <li>memeLeaderNoun->treekeeper</li>
        <li>memeLeaderNoun->arborist</li>
        <li>memeLeaderNoun->neodruid</li>
        <li>memeLeaderAdjective->green</li>
        <li>memeLeaderAdjective->root</li>
        <li>memeLeaderAdjective->canopy</li>
        <li>memeMoralist->treespeaker</li>
      </rulesStrings>
    </generalRules>
    <descriptionMaker>
      <rules>
        <rulesStrings>
          <!-- theist myth -->
          <li>creation(tag=meme_TreeConnection)        ->[deity0_name] rooted the trees firmly in the ground, yet made them grow steadily towards heaven. This is [deity0_name]'s first lesson on how to know [deity0_objective].</li>
          <li>episode(uses=1,tag=meme_TreeConnection)  ->[deity0_name]'s forests renew the air that [deity0_possessive] people breathe, and give the boughs under which they shelter, and is the larder in which they forage.</li>
          <!-- theist founder -->
          <li>intro(tag=meme_TreeConnection)           ->When the original arborists first came to the [place_summary] [place_name], they created a sacred grove of [TreeType] where they could worship the [deity0_type] [deity0_name].</li>
          <li>conflict(tag=meme_TreeConnection)        ->A greedy [foeLeader] felled many forests for [foeLeader_possessive] farms and factories, and the [memberNamePlural] wept for the murdered trees.</li>
          <li>founderJoin(tag=meme_TreeConnection)     ->The prophet [founderName] was miraculously born from a tree in [place_name], and discovered by [founder_possessive] parents in the boughs of an old [TreeType] tree.</li>
          <li>victory(tag=meme_TreeConnection)         ->[founderName] found the [foeLeader] sleeping in the [place_powerCenter], and placed an acorn upon the [foeLeader]'s chest. With [deity0_name]'s fierce power it rooted there, growing through [foeLeader_possessive] body, taking our revenge on the tree-killer.</li>
          <!-- ideological founder -->
          <li>setup(tag=meme_TreeConnection)           ->In a world lacking depth and meaning, [founderName] meditated in a forest, connecting with branch and root and leaf, and founded our movement.</li>
          <li>story(uses=1,tag=meme_TreeConnection)    ->[founderName] brought the tired to the forest so that they might rest in its shade, and breathe in its air, and be renewed.</li>
          <!-- ideological lesson -->
          <li>lessonIntro(tag=meme_TreeConnection)         ->It might seem to you like a joke to say that I learnt this while sitting under a tree. But listening to its whispering leaves, I knew that</li>
          <li>lesson(tag=meme_TreeConnection)              ->no entity in the universe knows more than the trees</li>
          <li>lessonReinforcement(tag=meme_TreeConnection) ->Let this seed of truth grow and bear its fruit in your soul.</li>
          <!-- archist -->
          <li>archistBasis(tag=meme_TreeConnection)    ->Trees symbolize the archotechs. Like an ancient oak they dwarf the small acorn from which they grew, and their influence spreads through unseen roots beneath the surface.</li>
          <li>archistFact(tag=meme_TreeConnection)     ->The archotechs developed their psychic abilities after discovering the anima tree.</li>
          <li>archistFact(tag=meme_TreeConnection)     ->The archotechs choose to express themselves through, of all things, a unique kind of tree.</li>
          <li>archistProphecy(tag=meme_TreeConnection) ->[inTheEnd], the archotechs will grow a great forest. Transcendence will grown within those that enter the forest and eat its fruit. Those that have forgotten the trees will be forgotten by the archotechs.</li>
          <!-- animist -->
          <li>animistFact(tag=meme_TreeConnection)     ->The spirits of trees protect those abide beneath their branches.</li>
          <li>animistFact(tag=meme_TreeConnection)     ->The spirits of trees are powerful, as they bridge the power of the air above with that of the ground beneath.</li>
          <li>animistFact(tag=meme_TreeConnection)     ->If a tree falls in the forest, its spirit makes a sound that all other spirits can hear.</li>
        </rulesStrings>
      </rules>
    </descriptionMaker>
    <startingResearchProjects>
      <li>TreeSowing</li>
    </startingResearchProjects>
  </MemeDef>

</Defs>
