<?xml version="1.0" encoding="utf-8" ?>
<Defs>

  <MemeDef>
    <defName>Structure_Animist</defName>
    <label>animist</label>
    <description>Spirits live in everything around us. In the plants and animals, rivers and trees, sky and stars. The moral structure of the universe springs from the necessity of respecting them.</description>
    <category>Structure</category>
    <iconPath>UI/Structures/Animist</iconPath>
    <impact>0</impact>
    <worshipRoomLabel>temple</worshipRoomLabel>
    <randomizationSelectionWeightFactor>2</randomizationSelectionWeightFactor>
    <deityCount>0</deityCount>
    <generalRules>
      <rulesStrings>
        <li>memeLeaderNoun->curate</li>
        <li>memeLeaderNoun->speaker</li>
        <li>memeLeaderAdjective->universe</li>
        <li>memeLeaderAdjective->spirit</li>
        <li>memeLeaderAdjective->anima</li>
        <li>memeHyphenPrefix->ani</li>
        <li>memeMoralist->shaman</li>
        <li>memeMoralist->priest</li>
        <li>memeMoralist->elder</li>
      </rulesStrings>
    </generalRules>
    <descriptionMaker>
      <patterns>
        <li><def>AnimistDescription</def></li>
      </patterns>
      <constants>
        <li><key>structure_animist</key><value>true</value></li>
      </constants>
    </descriptionMaker>
    <symbolPacks>
      <li>
        <theme>animism</theme>
        <adjective>animist</adjective>
        <member>animist</member>
      </li>
      <li>
        <theme>spiritism</theme>
        <adjective>spiritist</adjective>
        <member>spiritist</member>
      </li>
    </symbolPacks>
    <thingStyleCategories>
      <li>
        <category>Animalist</category>
        <priority>1</priority>
      </li>
    </thingStyleCategories>
  </MemeDef>

  <MemeGroupDef>
    <defName>Theist_Embodied</defName>
    <drawOffset>(0.62, 0)</drawOffset>
  </MemeGroupDef>

  <MemeDef>
    <defName>Structure_TheistEmbodied</defName>
    <label>embodied theist</label>
    <description>The god(s) walk the planets like us, yet they are powerful and immortal as we are not. They decide the moral structure of the universe.</description>
    <category>Structure</category>
    <groupDef>Theist_Embodied</groupDef>
    <iconPath>UI/Structures/Structure_EmbodiedTheist</iconPath>
    <impact>0</impact>
    <worshipRoomLabel>pantheon</worshipRoomLabel>
    <deityCount>2~4</deityCount>
    <generalRules>
      <rulesStrings>
        <li>memeCreed->sect</li>
        <li>memeCreed->cult</li>
        <li>memeCreed->temple</li>
        <li>memeCreed->faith</li>
        <li>memeHyphenPrefix->theo</li>
        <li>memeConcept->creation</li>
        <li>memeConcept->life</li>
        <li>memeLeaderNoun->templar</li>
        <li>memeLeaderAdjective->divine</li>
        <li>memeMoralist->priest</li>
        <li>memeMoralist->cleric</li>
      </rulesStrings>
    </generalRules>
    <descriptionMaker>
      <patterns>
        <li><def>TheistMyth</def></li>
        <li><def>TheistFounder</def></li>
      </patterns>
      <constants>
        <li><key>structure_theist</key><value>true</value></li>
        <li><key>structure_theistEmbodied</key><value>true</value></li>
      </constants>
    </descriptionMaker>
    <symbolPacks>
      <li>
        <ideoName>Spiritism</ideoName>
        <theme>spiritualism</theme>
        <adjective>spiritual</adjective>
        <member>spiritist</member>
      </li>
      <li>
        <ideoName>Faith</ideoName>
        <theme>faith</theme>
        <adjective>faithful</adjective>
        <member>faithholder</member>
      </li>
    </symbolPacks>
  </MemeDef>

  <MemeGroupDef>
    <defName>Theist_Abstract</defName>
    <drawOffset>(0.25, 0)</drawOffset>
  </MemeGroupDef>

  <MemeDef>
    <defName>Structure_TheistAbstract</defName>
    <label>abstract theist</label>
    <description>The god(s) do not have physical form, but are everywhere at once. They know all, and can do anything. Their will defines the moral structure of the universe.</description>
    <category>Structure</category>
    <groupDef>Theist_Abstract</groupDef>
    <iconPath>UI/Structures/AbstractTheist</iconPath>
    <impact>0</impact>
    <worshipRoomLabel>temple</worshipRoomLabel>
    <deityCount>1~4</deityCount>
    <generalRules>
      <rulesStrings>
        <li>memeCreed->temple</li>
        <li>memeCreed->sect</li>
        <li>memeCreed->cult</li>
        <li>memeCreed->faith</li>
        <li>memeHyphenPrefix->theo</li>
        <li>memeConcept->creation</li>
        <li>memeConcept->life</li>
        <li>memeLeaderNoun->bishop</li>
        <li>memeLeaderNoun->cardinal</li>
        <li>memeLeaderNoun->pope</li>
        <li>memeLeaderNoun->divus</li>
        <li>memeLeaderAdjective->holy</li>
        <li>memeLeaderAdjective->divine</li>
        <li>memeMoralist->priest</li>
        <li>memeMoralist->pastor</li>
        <li>memeMoralist->cleric</li>
        <li>memeMoralist->preacher</li>
        <li>memeMoralist->rector</li>
        <li>memeMoralist->abbot</li>
      </rulesStrings>
    </generalRules>
    <descriptionMaker>
      <patterns>
        <li><def>TheistMyth</def></li>
        <li><def>TheistFounder</def></li>
      </patterns>
      <constants>
        <li><key>structure_theist</key><value>true</value></li>
        <li><key>structure_theistAbstract</key><value>true</value></li>
      </constants>
    </descriptionMaker>
    <symbolPacks>
      <li>
        <ideoName>Spiritism</ideoName>
        <theme>spiritualism</theme>
        <adjective>spiritual</adjective>
        <member>spiritist</member>
      </li>
      <li>
        <ideoName>Faith</ideoName>
        <theme>faith</theme>
        <adjective>faithful</adjective>
        <member>faithholder</member>
      </li>
      <li>
        <ideoName>Divinism</ideoName>
        <theme>divinity</theme>
        <adjective>divinist</adjective>
        <member>divinist</member>
      </li>
      <li>
        <ideoName>Holyism</ideoName>
        <theme>holiness</theme>
        <adjective>holyist</adjective>
        <member>holyist</member>
      </li>
    </symbolPacks>
  </MemeDef>

  <MemeDef>
    <defName>Structure_Ideological</defName>
    <label>ideological</label>
    <description>There are no gods. The moral structure of the universe is found in our grand narrative of social forces.</description>
    <category>Structure</category>
    <iconPath>UI/Structures/Structure_Ideological</iconPath>
    <impact>0</impact>
    <worshipRoomLabel>sanctuary</worshipRoomLabel>
    <randomizationSelectionWeightFactor>5</randomizationSelectionWeightFactor>
    <deityCount>0</deityCount>
    <consumableBuildings>
      <li>SacrificialFlag</li>
    </consumableBuildings>
    <renderOrder>-1</renderOrder>
    <generalRules>
      <rulesStrings>
        <li>memeHyphenPrefix->ideo</li>
        <li>memeLeaderNoun->mind</li>
        <li>memeLeaderNoun->decider</li>
        <li>memeLeaderNoun->leader</li>
        <li>memeLeaderAdjective->ethical</li>
        <li>memeLeaderAdjective->moral</li>
        <li>memeLeaderAdjective->awoken</li>
        <li>memeMoralist->counselor</li>
        <li>memeMoralist->ethicist</li>
        <li>memeMoralist->moralist</li>
        <li>memeMoralist->philosopher</li>
        <li>memeMoralist->thinker</li>
        <li>memeMoralist->academic</li>
        <li>memeMoralist->sophist</li>
      </rulesStrings>
    </generalRules>
    <descriptionMaker>
      <patterns>
        <li>
          <def>IdeologicalFounder</def>
          <weight>1</weight>
        </li>
        <li>
          <def>IdeologicalLesson</def>
          <weight>3</weight>
        </li>
      </patterns>
      <constants>
        <li><key>structure_ideological</key><value>true</value></li>
      </constants>
    </descriptionMaker>
    <symbolPacks>
      <li>
        <ideoName>Ethics</ideoName>
        <theme>ethics</theme>
        <adjective>ethical</adjective>
        <member>ethicist</member>
      </li>
      <li>
        <ideoName>Ideology</ideoName>
        <theme>ideology</theme>
        <adjective>ideological</adjective>
        <member>ideologist</member>
      </li>
      <li>
        <ideoName>Justice</ideoName>
        <theme>justice</theme>
        <adjective>just</adjective>
        <member>justicar</member>
      </li>
    </symbolPacks>
  </MemeDef>

  <MemeDef>
    <defName>Structure_Archist</defName>
    <label>archist</label>
    <description>Archotechs are the true gods. They know the moral structure of the universe, and serving them is how we will connect with it.</description>
    <category>Structure</category>
    <iconPath>UI/Structures/Archist</iconPath>
    <impact>0</impact>
    <randomizationSelectionWeightFactor>3</randomizationSelectionWeightFactor>
    <deityCount>0</deityCount>
    <generalRules>
      <rulesStrings>
        <li>memeAdjective->archic</li>
        <li>memeAdjective->archotechnic</li>
        <li>memeAdjective->archonic</li>
        <li>memeHyphenPrefix->archo</li>
        <li>memeHyphenPrefix->arch</li>
        <li>memeLeaderNoun->archist</li>
        <li>memeLeaderNoun->archotechnist</li>
        <li>memeLeaderAdjective->archic</li>
        <li>memeLeaderAdjective->exochrome</li>
        <li>memeMoralist->priest</li>
        <li>memeMoralist->cleric</li>
        <li>memeMoralist->rector</li>
        <li>memeMoralist->abbot</li>
      </rulesStrings>
    </generalRules>
    <descriptionMaker>
      <patterns>
        <li><def>ArchistDescription</def></li>
      </patterns>
      <constants>
        <li><key>structure_archist</key><value>true</value></li>
      </constants>
    </descriptionMaker>
    <worshipRoomLabel>shrine</worshipRoomLabel>
    <symbolPacks>
      <li>
        <ideoName>Archotechnics</ideoName>
        <theme>archotechnology</theme>
        <adjective>archotechnic</adjective>
        <member>archotechnist</member>
      </li>
      <li>
        <ideoName>Archism</ideoName>
        <theme>archism</theme>
        <adjective>archist</adjective>
        <member>archist</member>
      </li>
    </symbolPacks>
  </MemeDef>

</Defs>