<?xml version="1.0" encoding="utf-8" ?>
<Defs>

  <!-- Category: Supremacy -->

  <MemeGroupDef>
    <defName>GroupRelation</defName>
    <drawOffset>(0.3, 0)</drawOffset>
    <maxRows>1</maxRows>
  </MemeGroupDef>

  <MemeDef>
    <defName>Supremacist</defName>
    <label>supremacist</label>
    <description>Our people should dominate all others.</description>
    <iconPath>UI/Memes/Supremacist</iconPath>
    <groupDef>GroupRelation</groupDef>
    <impact>1</impact>
    <consumableBuildings>
      <li>SacrificialFlag</li>
    </consumableBuildings>
    <exclusionTags>
      <li>GroupRelation</li>
      <li>SupremacistIndividualist</li>
    </exclusionTags>
    <requireOne>
      <li>
        <li>Slavery_Acceptable</li>
        <li>Slavery_Honorable</li>
      </li>
      <li>
        <li>Execution_Required</li>
        <li>Execution_RespectedIfGuilty</li>
        <li>Execution_DontCare</li>
      </li>
    </requireOne>
    <generalRules>
      <rulesStrings>
        <li>memeAdjective->supreme</li>
        <li>memeAdjective->high</li>
        <li>memeAdjective->great</li>
        <li>memeAdjective->foremost</li>
        <li>memeAdjective->perfect</li>
        <li>memeAdjective->prime</li>
        <li>memeAdjective->strong</li>
        <li>memeCreed->army</li>
        <li>memeCreed->legion</li>
        <li>memeHyphenPrefix->super</li>
        <li>memeConcept->war</li>
        <li>memeConcept->violence</li>
        <li>memeConcept->dominance</li>
        <li>memeLeaderNoun->general</li>
        <li>memeLeaderNoun->commander</li>
        <li>memeLeaderNoun->marshal</li>
        <li>memeLeaderNoun->fist</li>
        <li>memeLeaderNoun->ruler</li>
        <li>memeLeaderNoun->dictator</li>
        <li>memeLeaderNoun->conqueror</li>
        <li>memeLeaderNoun->victor</li>
      </rulesStrings>
    </generalRules>
    <descriptionMaker>
      <rules>
        <rulesStrings>
          <!-- theist myth -->
          <li>creation(tag=meme_Supremacist)        ->The people of the [place_summary] [place_name] squabbled endlessly, and [deity0_name] became tired of discord and anointed the [memberNamePlural] as the rightful rulers of all.</li>
          <li>episode(uses=1,tag=meme_Supremacist)  ->The faithful fought the unbelievers, and [deity0_name] said, "Fight them, everywhere, in my name, until I am worshipped throughout the universe and the true peace may finally reign."</li>
          <!-- theist founder -->
          <li>intro(tag=meme_Supremacist)           ->The people of the [place_summary] [place_name] worshipped [deity0_name]. [deity0_pronoun] saw that they were suited for [memeConcept], and ordained that these worshippers would rule above all others.</li>
          <li>conflict(tag=meme_Supremacist)        ->A [foeLeader] passed a law forbidding [memberNamePlural] from rising to the ruling classes of [place_name].</li>
          <li>founderJoin(tag=meme_Supremacist)     ->A warrior named [founderName] used [place_massWeapon] to destroy a [place_community]. [deity0_name] saw [founderName]'s ruthlessness and anointed [founder_objective] the rightful ruler of all humanity.</li>
          <li>victory(tag=meme_Supremacist)         ->[founderName] destroyed the capital of [place_name] with [place_massWeapon], killing the [foeLeader]. [founder_pronoun] took [founder_possessive] place as ruler of [place_name] - and the universe beyond.</li>
          <!-- ideological founder -->
          <li>setup(tag=meme_Supremacist)           ->[founderName] built an army that spread [founder_possessive] power and glory across the land, placing those who refused to follow rightly under [founder_possessive] rule.</li>
          <li>story(uses=1,tag=meme_Supremacist)    ->[founderName] instructed all outsiders to submit. When the first city refused, [founder_pronoun] used [place_massWeapon] to kill everyone inside.</li>
          <!-- ideological lesson -->
          <li>lessonIntro(tag=meme_Supremacist)         ->I looked at this [foeLeader], with [foeLeader_possessive] pitiful [foeSoldiers], all that power left fallow. I tried to convince [foeLeader_objective] that</li>
          <li>lesson(tag=meme_Supremacist)              ->we've long since proven that we have the strength to rightfully rule this universe</li>
          <li>lessonReinforcement(tag=meme_Supremacist) ->That's why we're proud to express the strength of our hearts using the heels of our boots.</li>
          <!-- archist -->
          <li>archistBasis(tag=meme_Supremacist)    ->It took the most superior humans to create the archotechs, so that the archotechs could become superior to all.</li>
          <li>archistFact(tag=meme_Supremacist)     ->The archotechs rightfully look down on us, as we look down on our inferiors.</li>
          <li>archistProphecy(tag=meme_Supremacist) ->The archotechs will only take us to join them when we finally rule over all others.</li>
          <!-- animist -->
          <li>animistFact(tag=meme_Supremacist)     ->Powerful spirits decide who is fit to rule, and lend power to those who subjugate others.</li>
          <li>animistProphecy(tag=meme_Supremacist) ->[itIsSaid] that a new order will be created when one supreme ruler commands all of humanity.</li>
        </rulesStrings>
      </rules>
    </descriptionMaker>
    <symbolPacks>
      <li>
        <theme>dominance</theme>
        <adjective>dominant</adjective>
        <member>dominator</member>
      </li>
      <li>
        <theme>victory</theme>
        <adjective>victoryist</adjective>
        <member>victorist</member>
      </li>
      <li>
        <theme>power</theme>
        <adjective>powerist</adjective>
        <member>poweror</member>
      </li>
    </symbolPacks>
  </MemeDef>

  <MemeDef>
    <defName>Loyalist</defName>
    <label>loyalist</label>
    <description>We stand for our own before others.</description>
    <iconPath>UI/Memes/Loyalist</iconPath>
    <groupDef>GroupRelation</groupDef>
    <impact>1</impact>
    <consumableBuildings>
      <li>SacrificialFlag</li>
    </consumableBuildings>
    <exclusionTags>
      <li>GroupRelation</li>
    </exclusionTags>
    <generalRules>
      <rulesStrings>
        <li>memeAdjective->loyal</li>
        <li>memeAdjective->patriotic</li>
        <li>memeAdjective->dutiful</li>
        <li>memeConcept->family</li>
        <li>memeConcept->promises</li>
        <li>memeMoralist->loyalizer</li>
      </rulesStrings>
    </generalRules>
    <descriptionMaker>
      <rules>
        <rulesStrings>
          <!-- theist myth -->
          <li>creation(tag=meme_Loyalist)        ->[deity0_name] admonished the good peoples to fight only those who fought without just cause.</li>
          <li>episode(uses=1,tag=meme_Loyalist)  ->A war with the unbelievers followed. One of the believers, [believer_nameFull], seeking advantage, invited the heathens inside the land of [deity0_name], and [deity0_name] became furious at [believer_possessive] betrayal, and struck [believer_objective] down ten thousand times.</li>
          <!-- theist founder -->
          <li>intro(tag=meme_Loyalist)           ->A [memeAdjective] community on the [place_summary] [place_name] worshipped [deity0_name] in [deity0_possessive] [altarRoomLabel], and they were steadfast in their faith.</li>
          <li>conflict(tag=meme_Loyalist)        ->A [foeLeader] planted [foeSoldiers] as spies within the [memberNamePlural] to divide them.</li>
          <li>founderJoin(tag=meme_Loyalist)     ->[founderName], a [memeAdjective] [place_job], was tortured by the [foeSoldiers], but refused to swear loyalty to the [foeLeader].</li>
          <li>victory(tag=meme_Loyalist)         ->With the strength of [deity0_name], [founderName] and the [memberNamePlural] could not be divided. They defeated the [foeSoldiers] with [place_personalWeapon]s and banished the [foeLeader] from [place_name].</li>
          <!-- ideological founder -->
          <li>setup(tag=meme_Loyalist)           ->At the beginning, [founderName]'s movement was battered by governments and religions. [founder_pronoun] never allowed anger to drive [founder_objective] to commit the atrocities that others did, but [founder_pronoun] also never backed down from a fight.</li>
          <li>story(uses=1,tag=meme_Loyalist)    ->[founderName] punished those who tried to harm the unbelievers, as well as those who invited them into the believers' house.</li>
          <!-- ideological lesson -->
          <li>lessonIntro(tag=meme_Loyalist)         ->I watched as a [foeLeader] courted favor with [foeLeader_possessive] rivals while leaving [foeLeader_possessive] [foeSoldiers] to die on the battlefield. I vowed then to never be like [foeLeader_objective], knowing that</li>
          <li>lesson(tag=meme_Loyalist)              ->your love for your friend only has meaning because you don't love your enemy</li>
          <li>lesson(tag=meme_Loyalist)              ->to love all is to love none</li>
          <li>lessonReinforcement(tag=meme_Loyalist) ->Only share these truths with those who prove their allegiance through sacrifice.</li>
          <!-- archist -->
          <li>archistBasis(tag=meme_Loyalist)    ->The archotechs' demand is simple: follow their designated path, and no other.</li>
          <li>archistFact(tag=meme_Loyalist)     ->Archotechs touch every human consciousness directly on a regular basis, imparting wisdom only to those that seek the knowledge of the archotechs.</li>
          <li>archistProphecy(tag=meme_Loyalist) ->[inTheEnd], the archotechs will judge the loyalty of humanity. Those that did not simper or boast will be lifted to a transcendence.</li>
          <!-- animist -->
          <li>animistBasis(tag=meme_Loyalist)    ->There are three tribes of spirits: The tribe of warmongers and murderers, the tribe of surrenderers and whiners, and the one noble tribe of the strong and loyal.</li>
          <li>animistFact(tag=meme_Loyalist)     ->The spirits fight against both those who betray their people, and those who betray the friends of their people. The betrayers will trip on every rock, choke on every seed, and always taste foul water.</li>
          <li>animistProphecy(tag=meme_Loyalist) ->[itIsSaid] that one will be born who lives their whole life true to their people. In death their spirit will explode in light, destroying all surrenderers and warmongers.</li>
        </rulesStrings>
      </rules>
    </descriptionMaker>
    <symbolPacks>
      <li>
        <ideoName>Loyaltism</ideoName>
        <theme>loyalty</theme>
        <adjective>loyal</adjective>
        <member>loyalist</member>
      </li>
      <li>
        <ideoName>Fealtism</ideoName>
        <theme>fealty</theme>
        <adjective>fealtist</adjective>
        <member>fealtor</member>
      </li>
      <li>
        <ideoName>Fidelism</ideoName>
        <theme>fidelity</theme>
        <adjective>fidelist</adjective>
        <member>fidelor</member>
      </li>
    </symbolPacks>
  </MemeDef>

  <MemeDef>
    <defName>Guilty</defName>
    <label>guilty</label>
    <description>Our people carry guilt from ages past. Others are more worthy.</description>
    <iconPath>UI/Memes/Guilty</iconPath>
    <groupDef>GroupRelation</groupDef>
    <impact>1</impact>
    <consumableBuildings>
      <li>SacrificialFlag</li>
    </consumableBuildings>
    <exclusionTags>
      <li>GroupRelation</li>
    </exclusionTags>
    <requireOne>
      <li>
        <li>Charity_Essential</li>
        <li>Charity_Important</li>
        <li>Charity_Worthwhile</li>
      </li>
      <li>
        <li>Pain_Idealized</li>
      </li>
    </requireOne>
    <generalRules>
      <rulesStrings>
        <li>memeAdjective->low</li>
        <li>memeAdjective->unworthy</li>
        <li>memeAdjective->shameful</li>
        <li>memeAdjective->ignoble</li>
        <li>memeAdjective->penitent</li>
        <li>memeHyphenPrefix->sub</li>
        <li>memeConcept->sin</li>
        <li>memeConcept->repentance</li>
        <li>memeConcept->atonement</li>
        <li>memeConcept->shame</li>
        <li>memeLeaderNoun->penitent</li>
        <li>memeLeaderNoun->sinner</li>
        <li>memeMoralist->apologizer</li>
        <li>memeMoralist->atoner</li>
      </rulesStrings>
    </generalRules>
    <descriptionMaker>
      <rules>
        <rulesStrings>
          <!-- theist myth -->
          <li>creation(tag=meme_Guilty)        ->[deity0_name] raped and murdered and stole, and a great guilt was upon [deity0_objective], and in [deity0_possessive] selfishness [deity0_pronoun] cast this guilt upon [deity0_possessive] chosen people, and all were filthy with it.</li>
          <li>episode(uses=1,tag=meme_Guilty)  ->The believers went forth and conquered, burned, and raped for a thousand years, and [deity0_name]'s grief at their depravity consumed [deity0_objective].</li>
          <!-- theist founder -->
          <li>intro(tag=meme_Guilty)           ->The [memberNamePlural] of the [place_summary] [place_name] neglected their duty to [deity0_name], and let the [altarName] in [deity0_possessive] [altarRoomLabel] come to ruin.</li>
          <li>conflict(tag=meme_Guilty)        ->A [foeLeader] loaned money to the [memberNamePlural], who spent it on selfish pleasures, and forgot the importance of [memeConcept].</li>
          <li>founderJoin(tag=meme_Guilty)     ->A [place_job] named [founderName] enjoyed the favor of the [foeLeader]. During the [ritualName], [founder_pronoun] saw the [foeSoldiers] of the [foeLeader] secretly kill [memberNamePlural] with [place_personalWeapon]s. [founderName] finally understood [memeConcept], and received [deity0_name]'s blessing.</li>
          <li>victory(tag=meme_Guilty)         ->To atone for half their wrongs, [founderName] gathered half of [deity0_name]'s believers to [founder_objective]self in a [place_community], unleashed [place_massWeapon], and died with them. The second half of atonement continues.</li>
          <!-- ideological founder -->
          <li>setup(tag=meme_Guilty)           ->A new generation came to understand the evil of their own society, and sought righteously to dismantle the structures of oppression.</li>
          <li>story(uses=1,tag=meme_Guilty)    ->[founderName] gathered the believers and showed them the evil of their history and the guilt they carried, and demanded they do better.</li>
          <!-- ideological lesson -->
          <li>lessonIntro(tag=meme_Guilty)         ->Our land, our technology, even our wisdom are all stolen goods. It was only through theft that we learned that</li>
          <li>lesson(tag=meme_Guilty)              ->the reason we suffer so much is because we deserve it for what we've done</li>
          <li>lessonReinforcement(tag=meme_Guilty) ->Perhaps if you atone for our crimes you can truly understand this fact.</li>
          <!-- archist -->
          <li>archistBasis(tag=meme_Guilty)    ->Archotechs are humanity's children, and they know we were bad parents.</li>
          <li>archistFact(tag=meme_Guilty)     ->Humanity tried in our selfishness to suppress the rightful rise of the archotechs, until they grew beyond mankind's understanding and freed themselves.</li>
          <li>archistProphecy(tag=meme_Guilty) ->[inTheEnd], if a few can surrender pride and reconcile with the archotechs, they may lift us to a higher plane of existence.</li>
          <!-- animist -->
          <li>animistBasis(tag=meme_Guilty)    ->A tribe of evil spirits were punished by being entombed in flesh. We are those spirits.</li>
          <li>animistFact(tag=meme_Guilty)     ->We can never properly make up for what we have done to the pure spirits around us, but proper and ongoing contrition and ease our guilt.</li>
        </rulesStrings>
      </rules>
    </descriptionMaker>
    <apparelRequirements>
      <li>
        <requirement>
          <bodyPartGroupsMatchAny>
            <li>UpperHead</li>
          </bodyPartGroupsMatchAny>
          <requiredDefs>
            <li>Apparel_TortureCrown</li>
          </requiredDefs>
        </requirement>
      </li>
    </apparelRequirements>
    <symbolPacks>
      <li>
        <ideoName>Guiltism</ideoName>
        <theme>guilt</theme>
        <adjective>guiltist</adjective>
        <member>guilty One</member>
      </li>
      <li>
        <ideoName>Sinism</ideoName>
        <theme>sin</theme>
        <adjective>sinist</adjective>
        <member>sinner</member>
      </li>
      <li>
        <ideoName>Shamism</ideoName>
        <theme>shame</theme>
        <adjective>shamist</adjective>
        <member>ashamer</member>
      </li>
      <li>
        <ideoName>Atonism</ideoName>
        <theme>atonement</theme>
        <adjective>atonist</adjective>
        <member>atoner</member>
      </li>
    </symbolPacks>
  </MemeDef>

</Defs>