﻿<?xml version="1.0" encoding="utf-8" ?>
<Defs>


  <TaleDef>
    <defName>Captured</defName>
    <label>person captured</label>
    <taleClass>Tale_DoublePawn</taleClass>
    <type>Volatile</type>
    <firstPawnSymbol>CAPTURER</firstPawnSymbol>
    <secondPawnSymbol>PRISONER</secondPawnSymbol>
    <baseInterest>3.5</baseInterest>
    <rulePack>
      <rulesStrings>
        <li>tale_noun->[CAPTURER_nameDef] capturing [PRISONER_nameDef]</li>
        <li>tale_noun->[PRISONER_nameDef] being captured by [CAPTURER_nameDef]</li>
        <li>tale_noun->the capturing of [PRISONER_nameDef]</li>
        <li>image->[CAPTURER_nameFull] capturing [PRISONER_nameFull] [circumstance_group]</li>
        <li>image->[CAPTURER_nameFull] tying [PRISONER_nameFull]'s hands [circumstance_group]</li>
        <li>image->[CAPTURER_nameFull] smacking [PRISONER_nameFull] while capturing [PRISONER_objective] [circumstance_group]</li>
        <li>circumstance_phrase->as [PRISONER_pronoun] writhes on the ground</li>
        <li>circumstance_phrase->as [PRISONER_pronoun] twists in pain</li>
        <li>circumstance_phrase->with professional efficiency</li>
        <li>circumstance_phrase->roughly and amateurishly</li>
        <li>circumstance_phrase->with obviously excessive force</li>
        <li>circumstance_phrase->with obvious pleasure</li>
        <li>circumstance_phrase->while smiling with dominance</li>
        <li>desc_sentence->[CAPTURER_nameDef] is looking into [PRISONER_nameDef]'s eyes with a sense of dominance.</li>
        <li>desc_sentence->[PRISONER_nameDef] is injured and seems to be in pain.</li>
        <li>desc_sentence->[PRISONER_nameDef] looks resigned to [PRISONER_possessive] fate.</li>
        <li>desc_sentence->[PRISONER_nameDef] is snarling with the fury of defeat.</li>
        <li>desc_sentence->[CAPTURER_nameDef] is slapping [PRISONER_nameDef] to subdue [PRISONER_objective].</li>
        <li>desc_sentence->[CAPTURER_nameDef] is twisting [PRISONER_nameDef]'s ear.</li>
        <li>desc_sentence->[CAPTURER_nameDef] is holding [PRISONER_nameDef] in a joint lock.</li>
        <li>desc_sentence->[CAPTURER_nameDef] is spitting into [PRISONER_nameDef]'s face.</li>
        <li>desc_sentence->[CAPTURER_nameDef] is laughing as tears well up in [PRISONER_nameDef]'s eyes.</li>
        <li>desc_sentence->[CAPTURER_nameDef] is kicking [PRISONER_nameDef] for no obvious reason.</li>
      </rulesStrings>
    </rulePack>
  </TaleDef>

  <TaleDef>
    <defName>Recruited</defName>
    <label>person recruited</label>
    <taleClass>Tale_DoublePawn</taleClass>
    <type>Volatile</type>
    <firstPawnSymbol>RECRUITER</firstPawnSymbol>
    <secondPawnSymbol>JOINER</secondPawnSymbol>
    <baseInterest>4</baseInterest>
    <rulePack>
      <rulesStrings>
        <li>tale_noun->[RECRUITER_nameDef] recruiting [JOINER_nameDef]</li>
        <li>tale_noun->[JOINER_nameDef] being recruited by [RECRUITER_nameDef]</li>
        <li>tale_noun->the recruitment of [JOINER_nameDef]</li>
        <li>image->[RECRUITER_nameFull] recruiting [JOINER_nameFull] [circumstance_group]</li>
        <li>image->[RECRUITER_nameFull] welcoming [JOINER_nameFull] as [JOINER_pronoun] becomes a colonist [circumstance_group]</li>
        <li>image->[RECRUITER_nameFull] speaking convincingly to [JOINER_nameFull] [circumstance_group]</li>
        <li>circumstance_phrase->with obvious goodwill</li>
        <li>circumstance_phrase->with a hearty handshake</li>
        <li>circumstance_phrase->with smiles all around</li>
        <li>circumstance_phrase->in front of the whole colony</li>
        <li>circumstance_phrase->in a prison cell</li>
        <li>desc_sentence->[JOINER_nameDef] is nodding in understanding.</li>
        <li>desc_sentence->[JOINER_nameDef] is smiling and making eye contact.</li>
        <li>desc_sentence->[JOINER_nameDef] looks relieved.</li>
        <li>desc_sentence->[JOINER_nameDef] looks hopeful.</li>
      </rulesStrings>
    </rulePack>
  </TaleDef>

  <TaleDef>
    <defName>Hunted</defName>
    <label>animal hunted</label>
    <taleClass>Tale_DoublePawn</taleClass>
    <type>Volatile</type>
    <firstPawnSymbol>HUNTER</firstPawnSymbol>
    <secondPawnSymbol>PREY</secondPawnSymbol>
    <baseInterest>0.2</baseInterest>
    <ignoreChance>0.5</ignoreChance>
    <rulePack>
      <rulesStrings>
        <li>tale_noun->[HUNTER_nameDef] hunting [PREY_nameDef]</li>
        <li>tale_noun->[PREY_nameDef] being hunted by [HUNTER_nameDef]</li>
        <li>tale_noun->[HUNTER_nameDef]'s successful hunt</li>
        <li>image->[PREY_nameFull] being hunted by [HUNTER_nameFull] [circumstance_group]</li>
        <li>image->[HUNTER_nameFull] stalking [PREY_nameFull] from afar [circumstance_group]</li>
        <li>image->[HUNTER_nameFull] hunting [PREY_nameFull] [circumstance_group]</li>
        <li>circumstance_phrase->as [PREY_nameDef] relaxes</li>
        <li>circumstance_phrase->as [PREY_nameDef] travels</li>
        <li>circumstance_phrase->as [PREY_nameDef] eats</li>
        <li>desc_sentence->[PREY_nameDef] seems totally oblivious.</li>
        <li>desc_sentence->[HUNTER_nameDef] is gripping [HUNTER_possessive] weapon tightly.</li>
        <li>desc_sentence->[PREY_nameDef] is looking around as though [PREY_pronoun] senses that something is wrong.</li>
      </rulesStrings>
    </rulePack>
  </TaleDef>

  <TaleDef>
    <defName>DidSurgery</defName>
    <label>surgery performed</label>
    <taleClass>Tale_DoublePawn</taleClass>
    <type>Volatile</type>
    <firstPawnSymbol>SURGEON</firstPawnSymbol>
    <secondPawnSymbol>PATIENT</secondPawnSymbol>
    <baseInterest>2.5</baseInterest>
    <rulePack>
      <rulesStrings>
        <li>tale_noun->[SURGEON_nameDef] operating on [PATIENT_nameDef]</li>
        <li>tale_noun->[SURGEON_nameDef] performing a medical operation on [PATIENT_nameDef]</li>
        <li>tale_noun->[PATIENT_nameDef]'s medical operation</li>
        <li>image->[SURGEON_nameFull] putting [PATIENT_nameFull] to sleep with anesthetic [circumstance_group]</li>
        <li>image->[SURGEON_nameFull] elbow-deep in [PATIENT_nameFull] during surgery [circumstance_group]</li>
        <li>image->[SURGEON_nameFull] slicing into [PATIENT_nameFull] during surgery [circumstance_group]</li>
        <li>circumstance_phrase->as [PATIENT_pronoun] trembles with fear</li>
        <li>circumstance_phrase->as blood pools at [SURGEON_nameDef]'s feet</li>
        <li>circumstance_phrase->while surrounded by scary-looking surgical tools</li>
        <li>circumstance_phrase->with improvised but effective tools</li>
        <li>desc_sentence->[SURGEON_nameDef] is sweating profusely.</li>
        <li>desc_sentence->[SURGEON_nameDef] looks incredibly focused on the task.</li>
        <li>desc_sentence->[SURGEON_nameDef] has blood smeared on [SURGEON_possessive] face.</li>
        <li>desc_sentence->[PATIENT_nameDef] is shaking and writhing.</li>
      </rulesStrings>
    </rulePack>
  </TaleDef>
  
  <TaleDef>
    <defName>ExecutedPrisoner</defName>
    <label>prisoner executed</label>
    <taleClass>Tale_DoublePawn</taleClass>
    <type>Expirable</type>
    <firstPawnSymbol>EXECUTIONER</firstPawnSymbol>
    <secondPawnSymbol>PRISONER</secondPawnSymbol>
    <baseInterest>4</baseInterest>
    <maxPerPawn>1</maxPerPawn>
    <expireDays>20</expireDays>
    <rulePack>
      <rulesStrings>
        <li>tale_noun->[EXECUTIONER_nameDef] executing [PRISONER_nameDef]</li>
        <li>tale_noun->[PRISONER_nameDef] being executed by [EXECUTIONER_nameDef]</li>
        <li>tale_noun->the execution of [PRISONER_nameDef]</li>
        <li>image->[EXECUTIONER_nameFull] executing [PRISONER_nameFull] [circumstance_group]</li>
        <li>image->[EXECUTIONER_nameFull] putting [PRISONER_nameFull] to death [circumstance_group]</li>
        <li>image->[EXECUTIONER_nameFull] preparing to execute [PRISONER_nameFull] [circumstance_group]</li>
        <li>image->[EXECUTIONER_nameFull] entering a prison cell, going to execute [PRISONER_nameFull] [circumstance_group]</li>
        <li>circumstance_phrase->as [PRISONER_pronoun] writhes on the ground</li>
        <li>circumstance_phrase->as [PRISONER_pronoun] twists in pain</li>
        <li>circumstance_phrase->as [PRISONER_pronoun] cries out in terror</li>
        <li>circumstance_phrase->with professional efficiency</li>
        <li>circumstance_phrase->roughly and amateurishly</li>
        <li>circumstance_phrase->with obviously excessive force</li>
        <li>circumstance_phrase->with obvious pleasure</li>
        <li>circumstance_phrase->while smiling with dominance</li>
        <li>circumstance_phrase->with tears in [EXECUTIONER_possessive] eyes</li>
        <li>circumstance_phrase->with a look of utter indifference</li>
        <li>circumstance_phrase->while inflicting unnecessary pain</li>
        <li>circumstance_phrase->while thinking of something else</li>
        <li>circumstance_phrase->for the greater good</li>
        <li>desc_sentence->[EXECUTIONER_nameDef] is sweating profusely.</li>
        <li>desc_sentence->[EXECUTIONER_nameDef] is drooling a little bit.</li>
        <li>desc_sentence->[EXECUTIONER_nameDef] has blood smeared on [EXECUTIONER_possessive] face.</li>
        <li>desc_sentence->[PRISONER_nameDef] is shaking and writhing.</li>
        <li>desc_sentence->[PRISONER_nameDef] seems to have given up entirely.</li>
        <li>desc_sentence->[PRISONER_nameDef] has closed [PRISONER_possessive] eyes, seeming to pray to a higher power.</li>
        <li>desc_sentence->[PRISONER_nameDef] looks defiant.</li>
      </rulesStrings>
    </rulePack>
  </TaleDef>

  <TaleDef>
    <defName>KidnappedColonist</defName>
    <label>colonist kidnapped</label>
    <taleClass>Tale_DoublePawn</taleClass>
    <type>Volatile</type>
    <firstPawnSymbol>KIDNAPPER</firstPawnSymbol>
    <secondPawnSymbol>VICTIM</secondPawnSymbol>
    <baseInterest>4</baseInterest>
    <rulePack>
      <rulesStrings>
        <li>tale_noun->[KIDNAPPER_nameDef] kidnapping [VICTIM_nameDef]</li>
        <li>tale_noun->[VICTIM_nameDef] being kidnapped by [KIDNAPPER_nameDef]</li>
        <li>tale_noun->the kidnapping of [VICTIM_nameDef]</li>
        <li>image->[KIDNAPPER_nameFull] carrying [VICTIM_nameFull] away to [KIDNAPPER_factionName] [circumstance_group]</li>
        <li>image->[KIDNAPPER_nameFull] of [KIDNAPPER_factionName] kidnapping [VICTIM_nameFull] [circumstance_group]</li>
        <li>image->[KIDNAPPER_nameFull] kidnapping [VICTIM_nameFull] [circumstance_group]</li>
        <li>circumstance_phrase->as [VICTIM_pronoun] twists in pain</li>
        <li>circumstance_phrase->with professional efficiency</li>
        <li>circumstance_phrase->roughly and amateurishly</li>
        <li>circumstance_phrase->with obviously excessive force</li>
        <li>circumstance_phrase->with obvious pleasure</li>
        <li>circumstance_phrase->while smiling with dominance</li>
        <li>circumstance_phrase->while covered in blood and filth</li>
        <li>desc_sentence->[VICTIM_nameDef] seems to have given up entirely.</li>
        <li>desc_sentence->[VICTIM_nameDef] has closed [VICTIM_possessive] eyes, seeming to pray to a higher power.</li>
        <li>desc_sentence->[VICTIM_nameDef] looks defiant.</li>
        <li>desc_sentence->[VICTIM_nameDef] is screaming with rage and terror.</li>
        <li>desc_sentence->[VICTIM_nameDef] looks broken and exhausted.</li>
        <li>desc_sentence->[VICTIM_nameDef] appears to be badly wounded.</li>
      </rulesStrings>
    </rulePack>
  </TaleDef>
  
  <TaleDef>
    <defName>TamedAnimal</defName>
    <label>animal tamed</label>
    <taleClass>Tale_DoublePawn</taleClass>
    <type>Volatile</type>
    <firstPawnSymbol>TAMER</firstPawnSymbol>
    <secondPawnSymbol>ANIMAL</secondPawnSymbol>
    <baseInterest>3</baseInterest>
    <rulePack>
      <rulesStrings>
        <li>tale_noun->the taming of [ANIMAL_nameDef] by [TAMER_nameDef]</li>
        <li>tale_noun->[TAMER_nameDef]'s taming of [ANIMAL_nameDef]</li>
        <li>image->[TAMER_nameFull] taming [ANIMAL_nameFull] [circumstance_group]</li>
        <li>image->[TAMER_nameFull] offering a morsel of food to [ANIMAL_nameFull] [circumstance_group]</li>
        <li>image->[TAMER_nameFull] whispering to a skittish [ANIMAL_label] [circumstance_group]</li>
        <li>image->[TAMER_nameFull] calming a wild [ANIMAL_label] [circumstance_group]</li>
        <li>circumstance_phrase->with great care and caution</li>
        <li>circumstance_phrase->with a smile</li>
        <li>circumstance_phrase->while exhausted but happy</li>
        <li>desc_sentence->[ANIMAL_nameDef] is snarling aggressively.</li>
        <li>desc_sentence->[ANIMAL_nameDef] looks sleepy and drunk with love.</li>
        <li>desc_sentence->[ANIMAL_nameDef] appears to be in some sort of hypnotic state.</li>
        <li>desc_sentence->[ANIMAL_nameDef] looks scared but interested.</li>
        <li>desc_sentence->[ANIMAL_nameDef] appears fascinated.</li>
        <li>desc_sentence->[TAMER_nameDef] is projecting a powerful sense of love towards [ANIMAL_nameDef].</li>
      </rulesStrings>
    </rulePack>
  </TaleDef>


  <TaleDef>
    <defName>KilledBy</defName>
    <label>death</label>
    <taleClass>Tale_DoublePawnKilledBy</taleClass>
    <type>Volatile</type>
    <firstPawnSymbol>VICTIM</firstPawnSymbol>
    <secondPawnSymbol>KILLER</secondPawnSymbol>
    <baseInterest>4</baseInterest>
    <rulePack>
      <rulesStrings>
        <!-- note that killer may not be filled in, so this has to be resolvable without any killer_ symbols -->
        <li>tale_noun->[KILLER_nameDef] killing [VICTIM_nameDef]</li>
        <li>tale_noun->[VICTIM_nameDef] being killed by [KILLER_nameDef]</li>
        <li>tale_noun->the killing of [VICTIM_nameDef] by [KILLER_nameDef]</li>
        <li>tale_noun->the killing of [VICTIM_nameDef]</li>
        <li>image->[VICTIM_nameFull] being killed by [KILLER_nameFull] [circumstance_group]</li>
        <li>image->[KILLER_nameFull] killing [VICTIM_nameFull] [circumstance_group]</li>
        <li>image->[KILLER_nameFull] ending [VICTIM_nameFull]'s life [circumstance_group]</li>
        <li>image->[KILLER_nameFull] brutally murdering [VICTIM_nameFull] [circumstance_group]</li>
        <li>image->[VICTIM_nameFull] being killed [circumstance_group]</li>
        <li>circumstance_phrase->seemingly without remorse</li>
        <li>circumstance_phrase->with cold efficiency</li>
        <li>circumstance_phrase->with passionate rage</li>
        <li>circumstance_phrase->with quick, efficient movements</li>
        <li>circumstance_phrase->without emotion or expression</li>
        <li>circumstance_phrase->out of bleak necessity</li>
        <li>circumstance_phrase->in a cowardly, halfhearted way</li>
        <li>desc_sentence->The sun is setting behind them in a symbolic echo of the event.</li>
        <li>desc_sentence->[Quantity_adjphrase] [Animal]s look on.</li>
        <li>desc_sentence->A [PersonJob] watches silently [side_position].</li>
        <li>desc_sentence->Blood is pooling around [VICTIM_nameDef]'s body.</li>
        <li>desc_sentence->[VICTIM_nameDef]'s eyes are rendered in a realistically lifeless fashion.</li>
        <li>desc_sentence->[KILLER_nameDef] is baring [KILLER_possessive] teeth.</li>
        <li>desc_sentence->[KILLER_nameDef] seems satisfied.</li>
        <li>desc_sentence->[KILLER_nameDef] looks distressed at what [KILLER_pronoun] is doing.</li>
        <li>desc_sentence->[KILLER_nameDef] looks pleased with the situation.</li>
        <li>desc_sentence->[KILLER_nameDef] looks triumphant.</li>
      </rulesStrings>
    </rulePack>
  </TaleDef>

  <TaleDef>
    <defName>SoldPrisoner</defName>
    <label>prisoner sold</label>
    <taleClass>Tale_DoublePawnAndTrader</taleClass>
    <type>Expirable</type>
    <firstPawnSymbol>SELLER</firstPawnSymbol>
    <secondPawnSymbol>PRISONER</secondPawnSymbol>
    <baseInterest>3</baseInterest>
    <maxPerPawn>1</maxPerPawn>
    <expireDays>30</expireDays>
    <rulePack>
      <rulesStrings>
        <li>tale_noun->the selling of [PRISONER_nameDef] to a trader</li>
        <li>tale_noun->[SELLER_nameDef] selling [PRISONER_nameDef] as a slave</li>
        <li>tale_noun->[PRISONER_nameDef] being sold as a slave by [SELLER_nameDef]</li>
        <li>image->[TRADER_nameFull] buying [PRISONER_nameFull] from [SELLER_nameFull] [circumstance_group]</li>
        <li>image->[SELLER_nameFull] selling [PRISONER_nameFull] to [TRADER_nameFull] [circumstance_group]</li>
        <li>circumstance_phrase->as the other colonists look on in disapproval</li>
        <li>circumstance_phrase->while [SELLER_nameDef] counts [TRADER_possessive] money</li>
        <li>circumstance_phrase->while [PRISONER_nameDef] moans plaintively</li>
        <li>circumstance_phrase->to [PRISONER_nameDef]'s chagrin</li>
        <li>desc_sentence->[TRADER_nameDef] is smiling devilishly.</li>
        <li>desc_sentence->[SELLER_nameDef] is laughing maniacally.</li>
        <li>desc_sentence->[SELLER_nameDef] reluctantly hands [PRISONER_nameDef] over to the trader.</li>
        <li>desc_sentence->[PRISONER_nameDef] stares defiantly at [PRISONER_possessive] new master.</li>
        <li>desc_sentence->[TRADER_nameDef] drags [PRISONER_nameDef] away by [PRISONER_possessive] chains.</li>
        <li>desc_sentence->[PRISONER_nameDef] stares at [SELLER_nameDef], plotting [PRISONER_possessive] revenge.</li>
        <li>desc_sentence->[PRISONER_nameDef] is crying.</li>
        <li>desc_sentence->[PRISONER_nameDef] is spitting in [SELLER_nameDef]'s face.</li>
        <li>desc_sentence->[PRISONER_nameDef] is melting into the ground.</li>
        <li>desc_sentence->[SELLER_nameDef] is thrusting the chains of [PRISONER_nameDef] into [TRADER_nameDef]'s hands.</li>
        <li>desc_sentence->An air of hopelessness pervades the situation.</li>
      </rulesStrings>
    </rulePack>
  </TaleDef>


  <TaleDef>
    <defName>TrainedAnimal</defName>
    <label>animal trained</label>
    <taleClass>Tale_DoublePawnAndDef</taleClass>
    <type>Volatile</type>
    <firstPawnSymbol>TRAINER</firstPawnSymbol>
    <secondPawnSymbol>ANIMAL</secondPawnSymbol>
    <defSymbol>TRAINABLE</defSymbol>
    <defType>TrainableDef</defType>
    <baseInterest>0.5</baseInterest>
    <rulePack>
      <rulesStrings>
        <li>tale_noun->[TRAINER_nameDef] training [ANIMAL_nameDef]</li>
        <li>tale_noun->the training of [ANIMAL_nameDef]</li>
        <li>tale_noun->the training of [ANIMAL_nameDef] by [TRAINER_nameDef]</li>
        <li>image->[TRAINER_nameFull] [train_syn] [ANIMAL_nameFull] in [TRAINABLE_label] [circumstance_group]</li>
        <li>image->[TRAINER_nameFull] teaching [TRAINABLE_label] to [ANIMAL_nameFull] [circumstance_group]</li>
        <li>image->[TRAINER_nameFull] practicing [TRAINABLE_label] with [ANIMAL_nameFull] [circumstance_group]</li>
        <li>train_syn->training</li>
        <li>train_syn->drilling</li>
        <li>train_syn->coaching</li>
        <li>train_syn->indoctrinating</li>
        <li>train_syn->educating</li>
        <li>circumstance_phrase->as others look on</li>
        <li>circumstance_phrase->as wild [Animal]s look on in disgust</li>
        <li>circumstance_phrase->as [ANIMAL_nameDef] thinks of the simpler days when [ANIMAL_pronoun] was a feral beast</li>
        <li>circumstance_phrase->as [TRAINER_nameDef] thinks of what's for lunch</li>
        <li>circumstance_phrase->as the other colonists do actual work</li>
        <li>desc_sentence->[TRAINER_nameDef] is showing pleasure.</li>
        <li>desc_sentence->[TRAINER_nameDef] is smiling.</li>
        <li>desc_sentence->[TRAINER_nameDef] looks bored.</li>
        <li>desc_sentence->[TRAINER_nameDef] is threateningly brandishing [TRAINER_possessive] fist.</li>
        <li>desc_sentence->[TRAINER_nameDef] is wrinkling [TRAINER_possessive] brow in concentration.</li>
        <li>desc_sentence->[ANIMAL_nameDef] looks puzzled.</li>
        <li>desc_sentence->[ANIMAL_nameDef] has a weapon in [ANIMAL_possessive] mouth.</li>
        <li>desc_sentence->[ANIMAL_nameDef] is emitting effortful grunts.</li>
        <li>desc_sentence->[TRAINER_nameDef] is shaking [TRAINER_possessive] head is frustration.</li>
        <li>desc_sentence->[ANIMAL_nameDef] is trembling in fear.</li>
        <li>desc_sentence->[ANIMAL_nameDef] appears to be morphing into a [Vegetable].</li>
        <li>desc_sentence->[ANIMAL_nameDef] is represented as a pile of power tools.</li>
        <li>desc_sentence->[ANIMAL_nameDef] is half [Color] and half [Color].</li>
        <li>desc_sentence->[ANIMAL_nameDef] is covered in scales.</li>
        <li>desc_sentence->[TRAINER_nameDef] is depicted with [Quantity_adjphrase] arms.</li>
        <li>desc_sentence->[TRAINER_nameDef] is morphing into [ANIMAL_definite].</li>
      </rulesStrings>
    </rulePack>
  </TaleDef>

  <TaleDef>
    <defName>KilledColonist</defName>
    <label>colonist killed</label>
    <taleClass>Tale_DoublePawn</taleClass>
    <type>Expirable</type>
    <firstPawnSymbol>KILLER</firstPawnSymbol>
    <secondPawnSymbol>COLONIST</secondPawnSymbol>
    <usableForArt>false</usableForArt>
    <maxPerPawn>1</maxPerPawn>
    <expireDays>50</expireDays>
  </TaleDef>

  <TaleDef>
    <defName>KilledColonyAnimal</defName>
    <label>colony animal killed</label>
    <taleClass>Tale_DoublePawn</taleClass>
    <type>Expirable</type>
    <firstPawnSymbol>KILLER</firstPawnSymbol>
    <secondPawnSymbol>COLONIST</secondPawnSymbol>
    <usableForArt>false</usableForArt>
    <maxPerPawn>1</maxPerPawn>
    <expireDays>25</expireDays>
  </TaleDef>
  
  <TaleDef>
    <defName>DefeatedHostileFactionLeader</defName>
    <label>defeated hostile leader</label>
    <taleClass>Tale_DoublePawn</taleClass>
    <type>Expirable</type>
    <firstPawnSymbol>KILLER</firstPawnSymbol>
    <secondPawnSymbol>COLONIST</secondPawnSymbol>
    <usableForArt>false</usableForArt>
    <maxPerPawn>1</maxPerPawn>
    <expireDays>10</expireDays>
  </TaleDef>
  
  <TaleDef>
    <defName>TradedWith</defName>
    <label>traded with someone</label>
    <taleClass>Tale_DoublePawn</taleClass>
    <type>Volatile</type>
    <firstPawnSymbol>BUYER</firstPawnSymbol>
    <secondPawnSymbol>SELLER</secondPawnSymbol>
    <baseInterest>1</baseInterest>
    <rulePack>
      <rulesStrings>
        <li>tale_noun->a trade between [SELLER_nameFull] and [BUYER_nameFull]</li>
        <li>image->[BUYER_nameFull] buying goods from [SELLER_nameFull] [circumstance_group]</li>
        <li>image->[SELLER_nameFull] selling goods to [BUYER_nameFull] [circumstance_group]</li>
        <li>circumstance_phrase->with greedy intent</li>
        <li>circumstance_phrase->while [SELLER_nameDef] smirks at [BUYER_shortNameDef]</li>
        <li>desc_sentence->[BUYER_nameDef] is examining [SELLER_nameDef]'s wares.</li>
        <li>desc_sentence->[SELLER_nameDef] considers an item.</li>
        <li>desc_sentence->[SELLER_nameDef] starts haggling.</li>
        <li>desc_sentence->[BUYER_nameDef] argues with [SELLER_nameDef].</li>
        <li>desc_sentence->[SELLER_nameDef] and [BUYER_nameDef] agree on a price.</li>
        <li>desc_sentence->[BUYER_nameDef] pays for the item.</li>
        <li>desc_sentence->[SELLER_nameDef] is counting [SELLER_possessive] money.</li>
        <li>desc_sentence->[BUYER_nameDef] is taking [BUYER_possessive] goods.</li>
      </rulesStrings>
    </rulePack>
  </TaleDef>  

</Defs>
