<?xml version="1.0" encoding="utf-8" ?>
<Defs>

  <BackstoryDef>
    <defName>Warmaster54</defName>
    <title>warmaster</title>
    <titleShort>warmaster</titleShort>
    <description>[PAWN_nameDef] was warmaster to a mid-level royal house. [PAWN_pronoun] oversaw military aspects of the family's strategy.
\nOn the rare occasion a battle occurred, [PAWN_nameDef] directed the military commanders.</description>
    <slot>Adulthood</slot>
    <bodyTypeMale>Hulk</bodyTypeMale>
    <bodyTypeFemale>Female</bodyTypeFemale>
    <spawnCategories><li>ImperialRoyal</li></spawnCategories>
    <skillGains>
      <Shooting>2</Shooting>
      <Melee>2</Melee>
      <Social>4</Social>
      <Intellectual>4</Intellectual>
    </skillGains>
    <requiredWorkTags>
      <li>Violent</li>
    </requiredWorkTags>
  </BackstoryDef>

  <BackstoryDef>
    <defName>Regent9</defName>
    <title>regent</title>
    <titleShort>regent</titleShort>
    <description>When [PAWN_nameDef]'s family's ally was killed, and [PAWN_possessive] young son inherited his throne, [PAWN_nameDef] was appointed as regent to rule in the child's stead.
\n[PAWN_pronoun] oversaw diverse matters of house and title, from finances to war to greedy relatives intent on usurping the throne. [PAWN_nameDef] never abused [PAWN_possessive] position.</description>
    <slot>Adulthood</slot>
    <bodyTypeMale>Hulk</bodyTypeMale>
    <bodyTypeFemale>Female</bodyTypeFemale>
    <spawnCategories><li>ImperialRoyal</li></spawnCategories>
    <skillGains>
      <Social>5</Social>
      <Intellectual>4</Intellectual>
    </skillGains>
  </BackstoryDef>

  <BackstoryDef>
    <defName>Beastmaster67</defName>
    <title>beastmaster</title>
    <titleShort>beastmaster</titleShort>
    <description>[PAWN_nameDef]'s family had more children than they had proper titles to inherit. Being of low rank in the birth order, [PAWN_nameDef] was given the honorary title of beastmaster.
\n[PAWN_nameDef] managed the family's extensive menagerie. While [PAWN_pronoun] never worked hands-on with the beasts, [PAWN_pronoun] connected with them. Few others appreciated [PAWN_objective] the way they did.</description>
    <slot>Adulthood</slot>
    <bodyTypeMale>Thin</bodyTypeMale>
    <bodyTypeFemale>Female</bodyTypeFemale>
    <spawnCategories><li>ImperialRoyal</li></spawnCategories>
    <skillGains>
      <Animals>8</Animals>
    </skillGains>
    <requiredWorkTags>
      <li>Animals</li>
    </requiredWorkTags>
    <possessions>
      <SentienceCatalyst MayRequire="Ludeon.RimWorld.Odyssey">1</SentienceCatalyst>
    </possessions>
  </BackstoryDef>

    <BackstoryDef>
    <defName>ArtsPatron54</defName>
    <title>arts patron</title>
    <titleShort>patron</titleShort>
    <description>[PAWN_nameDef] managed [PAWN_possessive] family's investments in the arts.
\n[PAWN_pronoun] chose artists to patronize and worked with them to produce the expressions that most glorify [PAWN_possessive] family, the Imperial church, and the Empire itself.</description>
    <slot>Adulthood</slot>
    <bodyTypeMale>Thin</bodyTypeMale>
    <bodyTypeFemale>Thin</bodyTypeFemale>
    <spawnCategories><li>ImperialRoyal</li></spawnCategories>
    <skillGains>
      <Social>5</Social>
      <Artistic>5</Artistic>
    </skillGains>
    <requiredWorkTags>
      <li>Social</li>
    </requiredWorkTags>
    <forcedTraits>
      <Nimble>0</Nimble>
    </forcedTraits>
  </BackstoryDef>

  <BackstoryDef>
    <defName>Spymaster41</defName>
    <title>spymaster</title>
    <titleShort>spymaster</titleShort>
    <description>As soon as [PAWN_pronoun] was old enough, [PAWN_nameDef] was given the post of spymaster for [PAWN_possessive] house. [PAWN_possessive] cold, calculating nature made [PAWN_objective] a natural at the arts of blade, poison, and betrayal.</description>
    <slot>Adulthood</slot>
    <bodyTypeMale>Male</bodyTypeMale>
    <bodyTypeFemale>Female</bodyTypeFemale>
    <spawnCategories><li>ImperialRoyal</li></spawnCategories>
    <skillGains>
      <Social>4</Social>
      <Shooting>3</Shooting>
      <Melee>3</Melee>
    </skillGains>
    <requiredWorkTags>
      <li>Social</li>
      <li>Violent</li>
    </requiredWorkTags>
    <forcedTraits>
      <Psychopath>0</Psychopath>
    </forcedTraits>
  </BackstoryDef>

  <BackstoryDef>
    <defName>Landworker98</defName>
    <title>landworker</title>
    <titleShort>landworker</titleShort>
    <description>[PAWN_nameDef] held the position of landworker in [PAWN_possessive] royal house. [PAWN_pronoun] managed the family's lands and all the resources on them - both agricultural and mineral.
\nThough [PAWN_pronoun] would never work the machines [PAWN_objective]self, managing these enterprises required learning the methods of farming and mining in detail.</description>
    <slot>Adulthood</slot>
    <bodyTypeMale>Male</bodyTypeMale>
    <bodyTypeFemale>Female</bodyTypeFemale>
    <spawnCategories><li>ImperialRoyal</li></spawnCategories>
    <skillGains>
      <Plants>6</Plants>
      <Mining>6</Mining>
    </skillGains>
    <requiredWorkTags>
      <li>PlantWork</li>
      <li>Mining</li>
    </requiredWorkTags>
  </BackstoryDef>

</Defs>