﻿<?xml version="1.0" encoding="utf-8"?>
<Defs>

  <ThingDef ParentName="PlantCotton">
    <defName>Plant_Cotton_Wild</defName>
    <label>wild cotton plant</label>
    <neverMultiSelect>false</neverMultiSelect>
    <plant>
      <wildClusterRadius>5</wildClusterRadius>
      <wildClusterWeight>250</wildClusterWeight>
      <sowTags Inherit="False"/>
    </plant>
  </ThingDef>

  <ThingDef ParentName="PlantPsychoid">
    <defName>Plant_Psychoid_Wild</defName>
    <label>wild psychoid plant</label>
    <neverMultiSelect>false</neverMultiSelect>
    <plant>
      <wildClusterRadius>5</wildClusterRadius>
      <wildClusterWeight>250</wildClusterWeight>
      <sowTags Inherit="False"/>
    </plant>
  </ThingDef>

  <ThingDef ParentName="PlantSmokeleaf">
    <defName>Plant_Smokeleaf_Wild</defName>
    <label>wild smokeleaf plant</label>
    <neverMultiSelect>false</neverMultiSelect>
    <plant>
      <wildClusterRadius>5</wildClusterRadius>
      <wildClusterWeight>250</wildClusterWeight>
      <sowTags Inherit="False"/>
    </plant>
  </ThingDef>

  <ThingDef ParentName="PlantTinctoria">
    <defName>Plant_Tinctoria_Wild</defName>
    <label>wild tinctoria</label>
    <neverMultiSelect>false</neverMultiSelect>
    <plant>
      <wildClusterRadius>5</wildClusterRadius>
      <wildClusterWeight>250</wildClusterWeight>
      <sowTags Inherit="False"/>
    </plant>
  </ThingDef>

  <ThingDef ParentName="PlantStrawberry">
    <defName>Plant_Strawberry_Wild</defName>
    <label>wild strawberry plant</label>
    <neverMultiSelect>false</neverMultiSelect>
    <plant>
      <wildClusterRadius>5</wildClusterRadius>
      <wildClusterWeight>250</wildClusterWeight>
      <sowTags Inherit="False"/>
    </plant>
  </ThingDef>

  <ThingDef ParentName="PlantFibercorn" MayRequire="Ludeon.RimWorld.Ideology">
    <defName>Plant_Fibercorn_Wild</defName>
    <label>wild fibercorn</label>
    <neverMultiSelect>false</neverMultiSelect>
    <plant>
      <wildClusterRadius>5</wildClusterRadius>
      <wildClusterWeight>250</wildClusterWeight>
      <sowTags Inherit="False"/>
    </plant>
  </ThingDef>

  <ThingDef ParentName="Plant_TreeCocoa">
    <defName>Plant_TreeCocoa_Wild</defName>
    <label>wild cocoa tree</label>
    <neverMultiSelect>false</neverMultiSelect>
    <plant>
      <wildClusterRadius>5</wildClusterRadius>
      <wildClusterWeight>150</wildClusterWeight>
      <sowTags Inherit="False"/>
      <sowResearchPrerequisites Inherit="False"/>
    </plant>
  </ThingDef>

</Defs>