﻿<?xml version="1.0" encoding="utf-8"?>
<Defs>
  <DutyDef>
    <defName>WanderNest</defName>
    <thinkNode Class="ThinkNode_Priority">
      <subNodes>
        <li Class="JobGiver_AIFightEnemies">
          <targetAcquireRadius>14</targetAcquireRadius>
          <targetKeepRadius>17</targetKeepRadius>
          <needLOSToAcquireNonPawnTargets>true</needLOSToAcquireNonPawnTargets>
        </li>
        <li Class="ThinkNode_Tagger">
          <tagToGive>SatisfyingNeeds</tagToGive>
          <subNodes>
            <li Class="ThinkNode_PrioritySorter">
              <subNodes>
                <li Class="JobGiver_GetFood" />
                <li Class="JobGiver_GetRest" />
              </subNodes>
            </li>
          </subNodes>
        </li>
        <li Class="JobGiver_WanderAnywhere">
          <expireOnNearbyEnemy>true</expireOnNearbyEnemy>
        </li>
      </subNodes>
    </thinkNode>
  </DutyDef>
</Defs>