<?xml version="1.0" encoding="utf-8" ?>
<Defs>

  <QuestScriptDef>
    <defName>Hack_WorshippedTerminal</defName>
    <rootSelectionWeight>0</rootSelectionWeight>
    <defaultChallengeRating>1</defaultChallengeRating>
    <isRootSpecial>true</isRootSpecial>
    <epicParent>RelicHunt</epicParent>
    <questNameRules>
      <rulesStrings>
        <!-- quest name -->
        <li>questName->The [adj] [terminalName]</li>

        <li>adj->worshipped</li>
        <li>adj->venerated</li>
        <li>adj->ancient</li>
        <li>adj->villager's</li>
        <li>adj->village</li>
        <li>adj->tribal</li>
        <li>adj->secret</li>

        <li>terminalName(p=4)->terminal</li>
        <li>terminalName->machine</li>
        <li>terminalName->device</li>
        <li>terminalName->screen</li>
        <li>terminalName->computer</li>
        <li>terminalName->databank</li>
        <li>terminalName->database</li>
        <li>terminalName->silicon</li>

      </rulesStrings>
    </questNameRules>
    <questDescriptionRules>
      <rulesStrings>
      
        <!-- description -->
        <li>questDescription->You've learned of an ancient terminal that contains information about the [relic_name]. However, the terminal is surrounded by a tribal village, and the locals venerate it. They aren't part of any major faction.\n\n[visitInfo]</li>

        <li>visitInfo(allowViolentQuests==true)->They are willing to let you visit on the pretense of worshiping it, but they will attack when you touch it.\n\nYou can attack the village from the outside, or enter peacefully and try to quickly escape with the data from the terminal.\n\nBeware - If you spend over [timer_duration] in the village or build anything near it, the locals will attack, and call reinforcements.</li>
        <li>visitInfo(allowViolentQuests==false)->They are willing to let you visit.</li>
      </rulesStrings>
    </questDescriptionRules>
    <questContentRules>
      <rulesStrings>
        
        <!-- Misc -->
        <li>terminalHackedMessage->Terminal hacked. You've collected the information and can now leave.</li>

      </rulesStrings>
    </questContentRules>
    <root Class="QuestNode_Root_Hack_WorshippedTerminal" />
  </QuestScriptDef>

</Defs>