<?xml version="1.0" encoding="utf-8" ?>
<Defs>

  <InteractionDef>
    <defName>EnslaveAttempt</defName>
    <label>enslave attempt</label>
    <symbol>UI/Icons/Slavery</symbol>
    <workerClass>InteractionWorker_EnslaveAttempt</workerClass>
    <logRulesInitiator>
      <rulesStrings>
        <li>r_logentry->[INITIATOR_nameDef] told [RECIPIENT_nameDef] that [RECIPIENT_pronoun] must work for the colony.</li>
        <li>r_logentry->[INITIATOR_nameDef] informed [RECIPIENT_nameDef] that [RECIPIENT_pronoun] must obey orders and work.</li>
        <li>r_logentry->[INITIATOR_nameDef] ordered [RECIPIENT_nameDef] to prepare for a life of forced labour.</li>
        <li>r_logentry->[INITIATOR_nameDef] explained to [RECIPIENT_nameDef] that [RECIPIENT_pronoun] must work or face punishment.</li>
      </rulesStrings>
    </logRulesInitiator>
  </InteractionDef>

  <InteractionDef>
    <defName>ReduceWill</defName>
    <label>try to reduce will</label>
    <symbol>Things/Mote/SpeechSymbols/ReduceWill</symbol>
    <initiatorXpGainSkill>Social</initiatorXpGainSkill>
    <initiatorXpGainAmount>45</initiatorXpGainAmount>
    <recipientThought>WillDiminished</recipientThought>
    <logRulesInitiator>
      <rulesStrings>

        <li>r_logentry->[INITIATOR_nameDef] told [RECIPIENT_nameDef] [RECIPIENT_pronoun] [negative].</li>
        <li>r_logentry->[INITIATOR_nameDef] explained that [RECIPIENT_nameDef] [negative].</li>
        <li>r_logentry->[INITIATOR_nameDef] threatened [RECIPIENT_nameDef] with [threat] if [RECIPIENT_pronoun] [refused].</li>
        <li>r_logentry->[INITIATOR_nameDef] informed [RECIPIENT_nameDef] that [RECIPIENT_pronoun] [disillusionment].</li>
        <li>r_logentry->[INITIATOR_nameDef] demanded [RECIPIENT_nameDef] [givein] to the colony.</li>

        <li>negative->had no future</li>
        <li>negative->had no way to escape</li>
        <li>negative->had no future outside of the colony</li>
        <li>negative->didn't have the means to escape</li>
        <li>negative->should submit immediately</li>
        <li>negative->should forget [RECIPIENT_possessive] aspirations</li>
        <li>negative->should submit to the colony</li>

        <li>threat->torture</li>
        <li>threat->punishment</li>
        <li>threat->mutilation</li>
        <li>threat->starvation</li>
        <li>threat->lifetime incarceration</li>
        <li>threat->death</li>
        <li>threat->isolation</li>
        <li>threat->dismemberment</li>
        <li>threat->blunt trauma</li>
        <li>threat->lacerations</li>
        <li>threat->cannibalism</li>
        <li>threat->organ harvesting</li>
        <li>threat->long confinement</li>

        <li>refused->tried to escape</li>
        <li>refused->insulted the colony</li>
        <li>refused->did not work</li>
        <li>refused->refused a command</li>
        <li>refused->resisted submitting</li>
        <li>refused->refused to obey</li>
        <li>refused->behaved impertinently</li>

        <li>disillusionment->should accept [RECIPIENT_possessive] situation</li>
        <li>disillusionment->had no hope for another future</li>
        <li>disillusionment->would be best off submitting</li>
        <li>disillusionment->would not survive on [RECIPIENT_possessive] own</li>
        <li>disillusionment->had no option but to submit</li>

        <li>givein->give in</li>
        <li>givein->submit [RECIPIENT_objective]self</li>
        <li>givein->surrender [RECIPIENT_objective]self</li>
        <li>givein->yield [RECIPIENT_objective]self</li>

      </rulesStrings>
    </logRulesInitiator>
  </InteractionDef>

</Defs>