<?xml version="1.0" encoding="utf-8" ?>
<Defs>

  <InteractionDef>
    <defName>Suppress</defName>
    <label>suppress</label>
    <symbol>UI/Icons/Slavery</symbol>
    <workerClass>InteractionWorker_Suppress</workerClass>
    <logRulesInitiator>
      <rulesStrings>
        <li>r_logentry->[INITIATOR_nameDef] told [RECIPIENT_nameDef] there would be punishments for rebellion.</li>
        <li>r_logentry->[INITIATOR_nameDef] warned [RECIPIENT_nameDef] that disobedience would be punished.</li>
        <li>r_logentry->[INITIATOR_nameDef] cautioned [RECIPIENT_nameDef] against infractions of any kind.</li>
        <li>r_logentry->[INITIATOR_nameDef] suggested that [RECIPIENT_nameDef] follow orders and not ask questions.</li>
      </rulesStrings>
    </logRulesInitiator>
  </InteractionDef>

  <InteractionDef>
    <defName>SparkSlaveRebellion</defName>
    <label>spark slave rebellion</label>
    <symbol>Things/Mote/SpeechSymbols/SparkSlaveRebellion</symbol>
    <workerClass>InteractionWorker_SparkSlaveRebellion</workerClass>
    <initiatorXpGainSkill>Social</initiatorXpGainSkill>
    <initiatorXpGainAmount>230</initiatorXpGainAmount>
    <logRulesInitiator>
      <rulesStrings>
        <li>r_logentry->[INITIATOR_nameDef] suggested they make a break for it.</li>
        <li>r_logentry->[INITIATOR_nameDef] encouraged [RECIPIENT_nameDef] to take back [RECIPIENT_possessive] freedom.</li>
        <li>r_logentry->[INITIATOR_nameDef] spoke of ending their enslavement and making a break for it.</li>
        <li>r_logentry->[INITIATOR_nameDef] spoke of a life beyond servitude and encouraged [RECIPIENT_nameDef] to escape.</li>
        <li>r_logentry->[INITIATOR_nameDef] whispered that security was lax and now would be a good time to escape.</li>
      </rulesStrings>
    </logRulesInitiator>
  </InteractionDef>

</Defs>