<?xml version="1.0" encoding="utf-8" ?>
<Defs>
  
  <ThingDef ParentName="ArmorHelmetMakeableBase">
    <defName>Apparel_VacsuitHelmet</defName>
    <label>vacsuit helmet</label>
    <description>A helmet that efficiently recycles the user's oxygen, allowing them to breathe in the vacuum of space for hours at a time. The process isn't perfectly efficient, so the user must periodically return to a pressurized environment.</description>
    <possessionCount>1</possessionCount>
    <generateAllowChance>0</generateAllowChance>
    <techLevel>Spacer</techLevel>
    <graphicData>
      <texPath>Things/Pawn/Humanlike/Apparel/VacsuitHelmet/VacsuitHelmet</texPath>
      <graphicClass>Graphic_Single</graphicClass>
    </graphicData>
    <statBases>
      <WorkToMake>15000</WorkToMake>
      <MaxHitPoints>120</MaxHitPoints>
      <Mass>1.5</Mass>
      <Flammability>0.4</Flammability>
      <ArmorRating_Sharp>0.52</ArmorRating_Sharp>
      <ArmorRating_Blunt>0.24</ArmorRating_Blunt>
      <ArmorRating_Heat>0.66</ArmorRating_Heat>
      <Insulation_Cold>6</Insulation_Cold>
      <Insulation_Heat>4</Insulation_Heat>
      <EquipDelay>4</EquipDelay>
    </statBases>
    <equippedStatOffsets>
      <ToxicEnvironmentResistance>0.8</ToxicEnvironmentResistance>
      <VacuumResistance>0.69</VacuumResistance>
    </equippedStatOffsets>
    <smeltable>true</smeltable>
    <apparel>
      <countsAsClothingForNudity>false</countsAsClothingForNudity>
      <developmentalStageFilter>Child, Adult</developmentalStageFilter>
      <immuneToToxGasExposure>true</immuneToToxGasExposure>
      <canBeGeneratedToSatisfyWarmth>false</canBeGeneratedToSatisfyWarmth>
      <canBeGeneratedToSatisfyToxicEnvironmentResistance>false</canBeGeneratedToSatisfyToxicEnvironmentResistance>
      <canBeDesiredForIdeo>false</canBeDesiredForIdeo>
      <bodyPartGroups>
        <li>FullHead</li>
      </bodyPartGroups>
      <wornGraphicPath>Things/Pawn/Humanlike/Apparel/VacsuitHelmet/VacsuitHelmet</wornGraphicPath>
      <layers>
        <li>Overhead</li>
      </layers>
      <tags>
        <li>SpacerMilitary</li>
        <li>Vacsuit</li>
      </tags>
      <forceEyesVisibleForRotations>
        <li>1</li>
        <li>2</li>
        <li>3</li>
      </forceEyesVisibleForRotations>
      <defaultOutfitTags>
        <li>Spacefarer</li>
      </defaultOutfitTags>
    </apparel>
    <tradeTags>
      <li>HiTechArmor</li>
      <li>Armor</li>
    </tradeTags>
    <thingSetMakerTags>
      <li>RewardStandardMidFreq</li>
    </thingSetMakerTags>
    <costList>
      <ComponentIndustrial>2</ComponentIndustrial>
      <Steel>40</Steel>
    </costList>
    <recipeMaker>
      <researchPrerequisite>OrbitalTech</researchPrerequisite>
      <unfinishedThingDef>UnfinishedTechArmor</unfinishedThingDef>
      <displayPriority>237</displayPriority>
      <workSpeedStat>GeneralLaborSpeed</workSpeedStat>
      <workSkill>Crafting</workSkill>
      <effectWorking>Smith</effectWorking>
      <soundWorking>Recipe_Smith</soundWorking>
      <recipeUsers>
        <li>TableMachining</li>
      </recipeUsers>
    </recipeMaker>
  </ThingDef>

</Defs>