﻿<?xml version="1.0" encoding="utf-8" ?>
<Defs>
  
  <ThingDef ParentName="ApparelBase">
    <defName>Apparel_Vacsuit</defName>
    <label>vacsuit</label>
    <description>A protective suit that keeps the user safe in the vacuum of space. The suit restricts the wearer's movement, considerably reducing their movement speed.</description>
    <generateAllowChance>0</generateAllowChance>
    <techLevel>Spacer</techLevel>
    <graphicData>
      <texPath>Things/Pawn/Humanlike/Apparel/Vacsuit/Vacsuit</texPath>
      <graphicClass>Graphic_Single</graphicClass>
      <drawSize>0.9</drawSize>
    </graphicData>
    <statBases>
      <WorkToMake>48000</WorkToMake>
      <MaxHitPoints>180</MaxHitPoints>
      <Mass>12</Mass>
      <Flammability>0.4</Flammability>
      <ArmorRating_Sharp>0.52</ArmorRating_Sharp>
      <ArmorRating_Blunt>0.25</ArmorRating_Blunt>
      <ArmorRating_Heat>0.66</ArmorRating_Heat>
      <Insulation_Cold>90</Insulation_Cold>
      <Insulation_Heat>15</Insulation_Heat>
      <EquipDelay>14</EquipDelay>
    </statBases>
    <equippedStatOffsets>
      <MoveSpeed>-1.25</MoveSpeed>
      <VacuumResistance>0.32</VacuumResistance>
    </equippedStatOffsets>
    <thingCategories>
      <li>ApparelArmor</li>
    </thingCategories>
    <tradeTags>
      <li>HiTechArmor</li>
      <li>Armor</li>
    </tradeTags>
    <smeltable>true</smeltable>
    <apparel>
      <bodyPartGroups>
        <li>Torso</li>
        <li>Neck</li>
        <li>Shoulders</li>
        <li>Arms</li>
        <li>Legs</li>
      </bodyPartGroups>
      <wornGraphicPath>Things/Pawn/Humanlike/Apparel/Vacsuit/Vacsuit</wornGraphicPath>
      <layers>
        <li>Middle</li>
        <li>Shell</li>
      </layers>
      <tags>
        <li>SpacerMilitary</li>
        <li>Vacsuit</li>
      </tags>
      <defaultOutfitTags>
        <li>Spacefarer</li>
      </defaultOutfitTags>
      <useDeflectMetalEffect>true</useDeflectMetalEffect>
      <soundWear>Wear_PowerArmor</soundWear>
      <soundRemove>Remove_PowerArmor</soundRemove>
    </apparel>
    <thingSetMakerTags>
      <li>RewardStandardMidFreq</li>
    </thingSetMakerTags>
    <costList>
      <ComponentIndustrial>3</ComponentIndustrial>
      <Steel>90</Steel>
      <Plasteel>20</Plasteel>
    </costList>
    <recipeMaker>
      <researchPrerequisite>OrbitalTech</researchPrerequisite>
      <unfinishedThingDef>UnfinishedTechArmor</unfinishedThingDef>
      <displayPriority>235</displayPriority>
      <workSpeedStat>GeneralLaborSpeed</workSpeedStat>
      <workSkill>Crafting</workSkill>
      <effectWorking>Smith</effectWorking>
      <soundWorking>Recipe_Smith</soundWorking>
      <recipeUsers>
        <li>TableMachining</li>
      </recipeUsers>
    </recipeMaker>
  </ThingDef>

  <ThingDef ParentName="ApparelBase" MayRequire="Ludeon.RimWorld.Biotech">
    <defName>Apparel_VacsuitChildren</defName>
    <label>kid vacsuit</label>
    <description>A protective suit designed for children. It keeps the user safe in the vacuum of space.</description>
    <generateAllowChance>0</generateAllowChance>
    <techLevel>Spacer</techLevel>
    <graphicData>
      <texPath>Things/Pawn/Humanlike/Apparel/KidVacsuit/KidVacsuit</texPath>
      <graphicClass>Graphic_Single</graphicClass>
      <drawSize>0.7</drawSize>
    </graphicData>
    <statBases>
      <WorkToMake>20000</WorkToMake>
      <MaxHitPoints>100</MaxHitPoints>
      <Mass>8</Mass>
      <Flammability>0.4</Flammability>
      <ArmorRating_Sharp>0.52</ArmorRating_Sharp>
      <ArmorRating_Blunt>0.20</ArmorRating_Blunt>
      <ArmorRating_Heat>0.66</ArmorRating_Heat>
      <Insulation_Cold>90</Insulation_Cold>
      <Insulation_Heat>15</Insulation_Heat>
      <EquipDelay>14</EquipDelay>
    </statBases>
    <equippedStatOffsets>
      <MoveSpeed>-1.25</MoveSpeed>
      <VacuumResistance>0.32</VacuumResistance>
    </equippedStatOffsets>
    <thingCategories>
      <li>ApparelArmor</li>
    </thingCategories>
    <tradeTags>
      <li>HiTechArmor</li>
      <li>Armor</li>
    </tradeTags>
    <smeltable>true</smeltable>
    <apparel>
      <developmentalStageFilter>Child</developmentalStageFilter>
      <bodyPartGroups>
        <li>Torso</li>
        <li>Neck</li>
        <li>Shoulders</li>
        <li>Arms</li>
        <li>Legs</li>
      </bodyPartGroups>
      <wornGraphicPath>Things/Pawn/Humanlike/Apparel/KidVacsuit/KidVacsuit</wornGraphicPath>
      <layers>
        <li>Middle</li>
        <li>Shell</li>
      </layers>
      <tags>
        <li>SpacerMilitary</li>
        <li>Vacsuit</li>
      </tags>
      <defaultOutfitTags>
        <li>Spacefarer</li>
      </defaultOutfitTags>
      <useDeflectMetalEffect>true</useDeflectMetalEffect>
      <soundWear>Wear_PowerArmor</soundWear>
      <soundRemove>Remove_PowerArmor</soundRemove>
    </apparel>
    <costList>
      <ComponentIndustrial>3</ComponentIndustrial>
      <Steel>45</Steel>
      <Plasteel>10</Plasteel>
    </costList>
    <recipeMaker>
      <researchPrerequisite>OrbitalTech</researchPrerequisite>
      <unfinishedThingDef>UnfinishedTechArmor</unfinishedThingDef>
      <displayPriority>235</displayPriority>
      <workSpeedStat>GeneralLaborSpeed</workSpeedStat>
      <workSkill>Crafting</workSkill>
      <effectWorking>Smith</effectWorking>
      <soundWorking>Recipe_Smith</soundWorking>
      <recipeUsers>
        <li>TableMachining</li>
      </recipeUsers>
    </recipeMaker>
  </ThingDef>

</Defs>
