﻿<?xml version="1.0" encoding="utf-8"?><Defs>

  <SoundDef>
    <defName>Interact_Grenade</defName>  
    <context>MapOnly</context>   
    <maxSimultaneous>1</maxSimultaneous>  
    <subSounds>
      <li>
        <grains>
          <li Class="AudioGrain_Clip">
            <clipPath>Weapon/GrenadePin</clipPath>
          </li>
        </grains>      
        <volumeRange>23.91304~23.91304</volumeRange>      
        <pitchRange>0.9576087~1.084783</pitchRange>
      </li>
    </subSounds>
  </SoundDef>

  <SoundDef>
    <defName>ThrowGrenade</defName>  
    <context>MapOnly</context>   
    <maxSimultaneous>1</maxSimultaneous>  
    <subSounds>
      <li>
        <grains>
          <li Class="AudioGrain_Folder">
            <clipFolderPath>Misc/Swish1</clipFolderPath>
          </li>
        </grains>      
        <volumeRange>34.7826~34.7826</volumeRange>      
        <pitchRange>0.9576087~1.063587</pitchRange>      
        <sustainLoop>False</sustainLoop>      
        <sustainIntervalRange>0.1025641~0.1025641</sustainIntervalRange>
      </li>    
      <li>
        <grains>
          <li Class="AudioGrain_Clip">
            <clipPath>Weapon/GrenadePin</clipPath>
          </li>
        </grains>      
        <volumeRange>30~30</volumeRange>      
        <pitchRange>1~1.114706</pitchRange>      
        <sustainLoop>False</sustainLoop>
      </li>
    </subSounds>
  </SoundDef>

  <SoundDef>
    <defName>Interact_MolotovCocktail</defName>  
    <context>MapOnly</context>   
    <maxSimultaneous>1</maxSimultaneous>  
    <subSounds>
      <li>
        <grains>
          <li Class="AudioGrain_Clip">
            <clipPath>Weapon/GrenadePin</clipPath>
          </li>
        </grains>      
        <volumeRange>25~25</volumeRange>      
        <pitchRange>0.9788043~1.084783</pitchRange>
      </li>
    </subSounds>
  </SoundDef>

  <SoundDef>
    <defName>ThrowMolotovCocktail</defName>  
    <context>MapOnly</context>   
    <maxSimultaneous>1</maxSimultaneous>  
    <subSounds>
      <li>
        <grains>
          <li Class="AudioGrain_Folder">
            <clipFolderPath>Misc/Swish2</clipFolderPath>
          </li>
        </grains>      
        <volumeRange>25~25</volumeRange>      
        <pitchRange>0.9788043~1.063587</pitchRange>
      </li>
    </subSounds>
  </SoundDef>

  <SoundDef>
    <defName>Interact_Revolver</defName>  
    <context>MapOnly</context>  
    <maxSimultaneous>1</maxSimultaneous>  
    <subSounds>
      <li>
        <grains>
          <li Class="AudioGrain_Clip">
            <clipPath>UI/WeaponHandling/HandleWeapon_SmallA</clipPath>
          </li>
        </grains>
      </li>
    </subSounds>
  </SoundDef>

  <SoundDef>
    <defName>Interact_Autopistol</defName>  
    <context>MapOnly</context>  
    <maxSimultaneous>1</maxSimultaneous>  
    <subSounds>
      <li>
        <grains>
          <li Class="AudioGrain_Clip">
            <clipPath>UI/WeaponHandling/HandleWeapon_SmallA</clipPath>
          </li>
        </grains>
      </li>
    </subSounds>
  </SoundDef>

  <SoundDef>
    <defName>GunShotA</defName>  
    <context>MapOnly</context>  
    <maxSimultaneous>1</maxSimultaneous>  
    <subSounds>
      <li>
        <grains>
          <li Class="AudioGrain_Clip">
            <clipPath>Weapon/GunShotA</clipPath>
          </li>
        </grains>      
        <pitchRange>0.936413~1.042391</pitchRange>      
        <paramMappings>
          <li>
            <inParam Class="SoundParamSource_CameraAltitude" />          
            <outParam Class="SoundParamTarget_PropertyLowPass">
              <filterProperty>Cutoff</filterProperty>
            </outParam>          
            <paramUpdateMode>Constant</paramUpdateMode>          
            <curve>
              <points>
                <li>
                  <loc>
                    <x>17.08957</x>                  
                    <y>21001.8</y>
                  </loc>
                </li>              
                <li>
                  <loc>
                    <x>24.77761</x>                  
                    <y>12701.95</y>
                  </loc>
                </li>              
                <li>
                  <loc>
                    <x>32.786</x>                  
                    <y>7168.717</y>
                  </loc>
                </li>              
                <li>
                  <loc>
                    <x>45.91975</x>                  
                    <y>4270.358</y>
                  </loc>
                </li>              
                <li>
                  <loc>
                    <x>66.10088</x>                  
                    <y>2557.69</y>
                  </loc>
                </li>
              </points>
            </curve>
          </li>
        </paramMappings>      
        <filters>
          <li Class="SoundFilterLowPass">
            <cutoffFrequency>10000</cutoffFrequency>          
            <lowpassResonaceQ>1</lowpassResonaceQ>
          </li>
        </filters>      
        <sustainLoop>False</sustainLoop>
      </li>
    </subSounds>
  </SoundDef>

  <SoundDef>
    <defName>Interact_Shotgun</defName>  
    <context>MapOnly</context>  
    <maxSimultaneous>1</maxSimultaneous>  
    <subSounds>
      <li>
        <grains>
          <li Class="AudioGrain_Clip">
            <clipPath>UI/WeaponHandling/HandleWeapon_BigALow</clipPath>
          </li>
        </grains>      
        <volumeRange>25~25</volumeRange>      
        <pitchRange>0.8728257~1</pitchRange>
      </li>
    </subSounds>
  </SoundDef>

  <SoundDef>
    <defName>Interact_Rifle</defName>  
    <context>MapOnly</context>  
    <maxSimultaneous>1</maxSimultaneous>  
    <subSounds>
      <li>
        <grains>
          <li Class="AudioGrain_Clip">
            <clipPath>UI/WeaponHandling/HandleWeaponA</clipPath>
          </li>
        </grains>      
        <volumeRange>25~25</volumeRange>      
        <paramMappings>
          <li>
            <inParam Class="SoundParamSource_CameraAltitude" />          
            <outParam Class="SoundParamTarget_PropertyReverb">
              <baseSetup>
                <dryLevel>0</dryLevel>              
                <room>-1000</room>              
                <roomHF>-6000</roomHF>              
                <roomLF>0</roomLF>              
                <decayTime>0.17</decayTime>              
                <decayHFRatio>0.1</decayHFRatio>              
                <reflectionsLevel>-1204</reflectionsLevel>              
                <reflectionsDelay>0</reflectionsDelay>              
                <reverbLevel>207</reverbLevel>              
                <reverbDelay>0.002</reverbDelay>              
                <hfReference>5000</hfReference>              
                <lfReference>250</lfReference>              
                <diffusion>100</diffusion>              
                <density>100</density>
              </baseSetup>            
              <targetSetup>
                <dryLevel>0</dryLevel>              
                <room>-1000</room>              
                <roomHF>-500</roomHF>              
                <roomLF>0</roomLF>              
                <decayTime>3.92</decayTime>              
                <decayHFRatio>0.7</decayHFRatio>              
                <reflectionsLevel>-1230</reflectionsLevel>              
                <reflectionsDelay>0</reflectionsDelay>              
                <reverbLevel>-2</reverbLevel>              
                <reverbDelay>0.029</reverbDelay>              
                <hfReference>5000</hfReference>              
                <lfReference>250</lfReference>              
                <diffusion>100</diffusion>              
                <density>100</density>
              </targetSetup>
            </outParam>          
            <paramUpdateMode>Constant</paramUpdateMode>          
            <curve>
              <points>
                <li>
                  <loc>
                    <x>0</x>                  
                    <y>0</y>
                  </loc>
                </li>              
                <li>
                  <loc>
                    <x>28.00688</x>                  
                    <y>0.7644969</y>
                  </loc>
                </li>              
                <li>
                  <loc>
                    <x>52.18179</x>                  
                    <y>0.9989628</y>
                  </loc>
                </li>
              </points>
            </curve>
          </li>
        </paramMappings>      
        <filters>
          <li Class="SoundFilterReverb">
            <baseSetup>
              <dryLevel>0</dryLevel>            
              <room>0</room>            
              <roomHF>0</roomHF>            
              <roomLF>0</roomLF>            
              <decayTime>1</decayTime>            
              <decayHFRatio>0.5</decayHFRatio>            
              <reflectionsLevel>-10000</reflectionsLevel>            
              <reflectionsDelay>0</reflectionsDelay>            
              <reverbLevel>0</reverbLevel>            
              <reverbDelay>0.04</reverbDelay>            
              <hfReference>5000</hfReference>            
              <lfReference>250</lfReference>            
              <diffusion>100</diffusion>            
              <density>100</density>
            </baseSetup>
          </li>
        </filters>
      </li>
    </subSounds>
  </SoundDef>

  <SoundDef>
    <defName>Interact_AssaultRifle</defName>  
    <context>MapOnly</context>  
    <maxSimultaneous>1</maxSimultaneous>  
    <subSounds>
      <li>
        <grains>
          <li Class="AudioGrain_Clip">
            <clipPath>UI/WeaponHandling/HandleWeaponB</clipPath>
          </li>
        </grains>      
        <volumeRange>25~25</volumeRange>
      </li>
    </subSounds>
  </SoundDef>

  <SoundDef>
    <defName>Interact_SMG</defName>  
    <context>MapOnly</context>  
    <maxSimultaneous>1</maxSimultaneous>  
    <subSounds>
      <li>
        <grains>
          <li Class="AudioGrain_Clip">
            <clipPath>UI/WeaponHandling/HandleWeaponA</clipPath>
          </li>
        </grains>      
        <volumeRange>25~25</volumeRange>      
        <pitchRange>0.9152174~1.042391</pitchRange>
      </li>
    </subSounds>
  </SoundDef>

  <SoundDef>
    <defName>Interact_ChargeRifle</defName>  
    <context>MapOnly</context>  
    <maxSimultaneous>1</maxSimultaneous>  
    <subSounds>
      <li>
        <grains>
          <li Class="AudioGrain_Clip">
            <clipPath>UI/WeaponHandling/HandleWeaponB</clipPath>
          </li>
        </grains>      
        <volumeRange>25~25</volumeRange>      
        <pitchRange>0.9576087~1.042391</pitchRange>
      </li>
    </subSounds>
  </SoundDef>

  <SoundDef>
    <defName>Interact_ChargeLance</defName>
    <context>MapOnly</context>
    <maxSimultaneous>1</maxSimultaneous>
    <subSounds>
      <li>
        <grains>
          <li Class="AudioGrain_Clip">
            <clipPath>UI/WeaponHandling/HandleWeaponB</clipPath>
          </li>
        </grains>
        <volumeRange>25~25</volumeRange>
        <pitchRange>0.85~0.95</pitchRange>
      </li>
    </subSounds>
  </SoundDef>

  <SoundDef>
    <defName>Bow_Small</defName>  
    <context>MapOnly</context>  
    <subSounds>
      <li>
        <grains>
          <li Class="AudioGrain_Clip">
            <clipPath>Weapon/BowA</clipPath>
          </li>
        </grains>      
        <volumeRange>56.09319~53.58423</volumeRange>      
        <pitchRange>1.153763~1.265591</pitchRange>
      </li>
    </subSounds>
  </SoundDef>

  <SoundDef>
    <defName>Bow_Recurve</defName>
    <context>MapOnly</context>
    <subSounds>
      <li>
        <grains>
          <li Class="AudioGrain_Clip">
            <clipPath>Weapon/BowB</clipPath>
          </li>
        </grains>
        <volumeRange>45.70111~55.30627</volumeRange>
        <pitchRange>0.55~0.65</pitchRange>
      </li>
    </subSounds>
  </SoundDef>
  
  <SoundDef>
    <defName>Bow_Large</defName>  
    <context>MapOnly</context>  
    <subSounds>
      <li>
        <grains>
          <li Class="AudioGrain_Clip">
            <clipPath>Weapon/BowA</clipPath>
          </li>
        </grains>      
        <volumeRange>60.70111~77.30627</volumeRange>      
        <pitchRange>0.6976015~0.7769372</pitchRange>
      </li>
    </subSounds>
  </SoundDef>

  <SoundDef>
    <defName>InfernoCannon_Fire</defName>  
    <context>MapOnly</context>  
    <maxSimultaneous>1</maxSimultaneous>  
    <subSounds>
      <li>
        <grains>
          <li Class="AudioGrain_Folder">
            <clipFolderPath>Weapon/InfernoCannon_Fire</clipFolderPath>
          </li>
        </grains>      
        <pitchRange>1.4~1.6</pitchRange>
      </li>
    </subSounds>
  </SoundDef>

  <SoundDef>
    <defName>Shot_ChargeRifle</defName>  
    <context>MapOnly</context>  
    <maxSimultaneous>1</maxSimultaneous>  
    <subSounds>
      <li>
        <grains>
          <li Class="AudioGrain_Folder">
            <clipFolderPath>Weapon/ChargeRifle</clipFolderPath>
          </li>
        </grains>
      </li>
    </subSounds>
  </SoundDef>

  <SoundDef>
    <defName>Shot_Revolver</defName>  
    <context>MapOnly</context>  
    <maxSimultaneous>1</maxSimultaneous>  
    <subSounds>
      <li>
        <grains>
          <li Class="AudioGrain_Folder">
            <clipFolderPath>Weapon/Revolver</clipFolderPath>
          </li>
        </grains>      
        <volumeRange>35~35</volumeRange>      
        <sustainLoop>False</sustainLoop>
      </li>
    </subSounds>
  </SoundDef>

  <SoundDef>
    <defName>Shot_Autopistol</defName>  
    <context>MapOnly</context>  
    <maxSimultaneous>1</maxSimultaneous>  
    <subSounds>
      <li>
        <grains>
          <li Class="AudioGrain_Folder">
            <clipFolderPath>Weapon/Autopistol</clipFolderPath>
          </li>
        </grains>      
        <volumeRange>61.76471~61.76471</volumeRange>      
        <sustainLoop>False</sustainLoop>
      </li>
    </subSounds>
  </SoundDef>

  <SoundDef>
    <defName>Shot_MachinePistol</defName>  
    <context>MapOnly</context>  
    <maxSimultaneous>1</maxSimultaneous>  
    <subSounds>
      <li>
        <grains>
          <li Class="AudioGrain_Folder">
            <clipFolderPath>Weapon/MachinePistol</clipFolderPath>
          </li>
        </grains>      
        <sustainLoop>False</sustainLoop>
      </li>
    </subSounds>
  </SoundDef>

  <SoundDef>
    <defName>Shot_HeavySMG</defName>  
    <context>MapOnly</context>  
    <maxSimultaneous>1</maxSimultaneous>  
    <subSounds>
      <li>
        <name>Shot</name>      
        <grains>
          <li Class="AudioGrain_Folder">
            <clipFolderPath>Weapon/HeavySMG</clipFolderPath>
          </li>
        </grains>      
        <volumeRange>40.58823~40.58823</volumeRange>
      </li>
    </subSounds>
  </SoundDef>

  <SoundDef>
    <defName>Shot_AssaultRifle</defName>  
    <context>MapOnly</context>  
    <maxSimultaneous>1</maxSimultaneous>  
    <subSounds>
      <li>
        <grains>
          <li Class="AudioGrain_Folder">
            <clipFolderPath>Weapon/AssaultRifle</clipFolderPath>
          </li>
        </grains>      
        <volumeRange>45.2941~45.2941</volumeRange>      
        <pitchRange>1.091765~1</pitchRange>      
        <sustainLoop>False</sustainLoop>
      </li>
    </subSounds>
  </SoundDef>

  <SoundDef>
    <defName>Shot_Autocannon</defName>
    <context>MapOnly</context>
    <maxSimultaneous>1</maxSimultaneous>
    <subSounds>
      <li>
        <grains>
          <li Class="AudioGrain_Folder">
            <clipFolderPath>Weapon/Autocannon</clipFolderPath>
          </li>
        </grains>
        <sustainLoop>False</sustainLoop>
      </li>
    </subSounds>
  </SoundDef>

  <SoundDef>
    <defName>Shot_TurretSniper</defName>
    <context>MapOnly</context>
    <maxSimultaneous>1</maxSimultaneous>
    <subSounds>
      <li>
        <grains>
          <li Class="AudioGrain_Folder">
            <clipFolderPath>Weapon/SniperRifle</clipFolderPath>
          </li>
        </grains>
        <volumeRange>77~77</volumeRange>
        <pitchRange>0.7~0.8</pitchRange>
        <sustainLoop>False</sustainLoop>
      </li>
    </subSounds>
  </SoundDef>

  <SoundDef>
    <defName>Shot_Shotgun</defName>  
    <context>MapOnly</context>  
    <maxSimultaneous>1</maxSimultaneous>  
    <subSounds>
      <li>
        <grains>
          <li Class="AudioGrain_Folder">
            <clipFolderPath>Weapon/Shotgun/Shot</clipFolderPath>
          </li>
        </grains>      
        <volumeRange>94.70588~94.70588</volumeRange>      
        <distRange>39.11765~70</distRange>
      </li>    
      <li>
        <grains>
          <li Class="AudioGrain_Folder">
            <clipFolderPath>Weapon/Shotgun/Rack</clipFolderPath>
          </li>
        </grains>      
        <volumeRange>10.58823~10.58823</volumeRange>      
        <pitchRange>0.9311765~1.137647</pitchRange>      
        <sustainLoop>False</sustainLoop>
      </li>
    </subSounds>
  </SoundDef>

  <SoundDef>
    <defName>Shot_BoltActionRifle</defName>  
    <context>MapOnly</context>  
    <maxSimultaneous>1</maxSimultaneous>  
    <subSounds>
      <li>
        <grains>
          <li Class="AudioGrain_Folder">
            <clipFolderPath>Weapon/BoltActionRifle</clipFolderPath>
          </li>
        </grains>      
        <pitchRange>0.9770592~1.114706</pitchRange>      
        <sustainLoop>False</sustainLoop>
      </li>
    </subSounds>
  </SoundDef>

  <SoundDef>
    <defName>Shot_NeedleGun</defName>
    <context>MapOnly</context>
    <maxSimultaneous>1</maxSimultaneous>
    <subSounds>
      <li>
        <grains>
          <li Class="AudioGrain_Folder">
            <clipFolderPath>Weapon/Autocannon</clipFolderPath>
          </li>
        </grains>
        <pitchRange>1.75~1.85</pitchRange>
        <sustainLoop>False</sustainLoop>
      </li>
    </subSounds>
  </SoundDef>

  <SoundDef>
    <defName>Shot_SniperRifle</defName>  
    <context>MapOnly</context>  
    <maxSimultaneous>1</maxSimultaneous>  
    <subSounds>
      <li>
        <grains>
          <li Class="AudioGrain_Folder">
            <clipFolderPath>Weapon/SniperRifle</clipFolderPath>
          </li>
        </grains>      
        <volumeRange>70~70</volumeRange>      
        <sustainLoop>False</sustainLoop>
      </li>
    </subSounds>
  </SoundDef>

  <SoundDef>
    <defName>Shot_Minigun</defName>  
    <context>MapOnly</context>  
    <maxVoices>8</maxVoices>  
    <maxSimultaneous>4</maxSimultaneous>  
    <subSounds>
      <li>
        <grains>
          <li Class="AudioGrain_Folder">
            <clipFolderPath>Weapon/Minigun/Shot</clipFolderPath>
          </li>
        </grains>      
        <volumeRange>33.52942~33.52942</volumeRange>
      </li>
    </subSounds>
  </SoundDef>

  <SoundDef>
    <defName>ChargeLance_Fire</defName>  
    <context>MapOnly</context>  
    <maxSimultaneous>1</maxSimultaneous>  
    <subSounds>
      <li>
        <grains>
          <li Class="AudioGrain_Folder">
            <clipFolderPath>Weapon/ChargeLance/Fire</clipFolderPath>
          </li>
        </grains>      
        <pitchRange>0.9082353~1.045882</pitchRange>      
        <sustainLoop>False</sustainLoop>
      </li>
    </subSounds>
  </SoundDef>

  <SoundDef>
    <defName>Shot_ChargeBlaster</defName>  
    <context>MapOnly</context>  
    <maxSimultaneous>1</maxSimultaneous>  
    <subSounds>
      <li>
        <grains>
          <li Class="AudioGrain_Clip">
            <clipPath>Weapon/ChargeShotA</clipPath>
          </li>
        </grains>      
        <pitchRange>1.4~1.6</pitchRange>
      </li>
    </subSounds>
  </SoundDef>

  <SoundDef>
    <defName>Shot_IncendiaryLauncher</defName>  
    <context>MapOnly</context>  
    <maxSimultaneous>1</maxSimultaneous>  
    <subSounds>
      <li>
        <grains>
          <li Class="AudioGrain_Folder">
            <clipFolderPath>Weapon/IncendiaryLauncher</clipFolderPath>
          </li>
        </grains>      
        <volumeRange>40.58823~40.58823</volumeRange>
      </li>
    </subSounds>
  </SoundDef>

  <SoundDef>
    <defName>OrbitalTargeter_Fire</defName>
    <context>MapOnly</context>
    <maxSimultaneous>1</maxSimultaneous>
    <subSounds>
      <li>
        <grains>
          <li Class="AudioGrain_Clip">
            <clipPath>Weapon/OrbitalTargeter/OrbitalTargeter_Fire</clipPath>
          </li>
        </grains>      
        <pitchRange>0.99~1.01</pitchRange>
        <volumeRange>18~18</volumeRange>
      </li>
    </subSounds>
  </SoundDef>

  <SoundDef>
    <defName>ThumpCannon_Fire</defName>
    <context>MapOnly</context>
    <maxSimultaneous>1</maxSimultaneous>
    <subSounds>
      <li>
        <grains>
          <li Class="AudioGrain_Folder">
            <clipFolderPath>Weapon/ThumpCannon_Fire</clipFolderPath>
          </li>
        </grains>
        <pitchRange>0.91~1.05</pitchRange>
        <volumeRange>60~70</volumeRange>
      </li>
    </subSounds>
  </SoundDef>

  <SoundDef>
    <defName>RocketswarmLauncher_Fire</defName>  
    <context>MapOnly</context>  
    <maxSimultaneous>1</maxSimultaneous>  
    <subSounds>
      <li>
        <grains>
          <li Class="AudioGrain_Folder">
            <clipFolderPath>Weapon/RocketswarmLauncher/Cast</clipFolderPath>
          </li>
        </grains>      
      </li>
    </subSounds>
  </SoundDef>

</Defs>