﻿<?xml version="1.0" encoding="utf-8"?>
<Defs>
  <RecipeDef MayRequire="Ludeon.RimWorld.Biotech">
    <defName>Make_BeamGraser</defName>
    <label>make beam graser</label>
    <description>Make a beam graser.</description>
    <jobString>Making beam graser.</jobString>
    <workSpeedStat>GeneralLaborSpeed</workSpeedStat>
    <workSkill>Crafting</workSkill>
    <effectWorking>Smith</effectWorking>
    <soundWorking>Recipe_Smith</soundWorking>
    <unfinishedThingDef>UnfinishedGun</unfinishedThingDef>
    <descriptionHyperlinks>
      <ThingDef>Gun_BeamGraser</ThingDef>
    </descriptionHyperlinks>
    <recipeUsers>
      <li>FabricationBench</li>
    </recipeUsers>
    <ingredients>
      <li>
        <filter>
          <thingDefs>
            <li>Plasteel</li>
          </thingDefs>
        </filter>
        <count>30</count>
      </li>
      <li>
        <filter>
          <thingDefs>
            <li>Steel</li>
          </thingDefs>
        </filter>
        <count>30</count>
      </li>
      <li>
        <filter>
          <thingDefs>
            <li>ComponentSpacer</li>
          </thingDefs>
        </filter>
        <count>4</count>
      </li>
    </ingredients>
    <fixedIngredientFilter>
      <thingDefs>
        <li>Steel</li>
        <li>Plasteel</li>
        <li>ComponentSpacer</li>
      </thingDefs>
    </fixedIngredientFilter>
    <products>
      <Gun_BeamGraser>1</Gun_BeamGraser>
    </products>
    <skillRequirements>
      <Crafting>8</Crafting>
    </skillRequirements>
    <displayPriority>230</displayPriority>
    <researchPrerequisite>BeamWeapons</researchPrerequisite>
  </RecipeDef>
</Defs>