<?xml version="1.0" encoding="utf-8" ?>
<Defs>

    <!-- Issue -->

    <IssueDef>
      <defName>FungusEating</defName>
      <label>fungus</label>
      <iconPath>UI/Issues/Fungus</iconPath>
    </IssueDef>
  
    <HistoryEventDef>
      <defName>AteFungus</defName>
      <label>ate fungus</label>
    </HistoryEventDef>
    
    <HistoryEventDef>
      <defName>AteFungusAsIngredient</defName>
      <label>ate meal with fungus</label>
    </HistoryEventDef>

    <HistoryEventDef>
      <defName>AteNonFungusPlant</defName>
      <label>ate non-fungus crop</label>
    </HistoryEventDef>

    <HistoryEventDef>
      <defName>AteNonFungusMealWithPlants</defName>
      <label>ate non-fungus plant meal</label>
    </HistoryEventDef>

  <!-- Precepts -->

  <PreceptDef>
    <defName>FungusEating_Preferred</defName>
    <issue>FungusEating</issue>
    <label>preferred</label>
    <description>Fungus is the right crop to eat. Crops of the light are poisoned by the air and sun.</description>
    <impact>Low</impact>
    <displayOrderInIssue>0</displayOrderInIssue>
    <displayOrderInImpact>100</displayOrderInImpact>
    <requiredMemes>
      <li>Tunneler</li>
      <li>Darkness</li>
    </requiredMemes>
    <comps>
      <li Class="PreceptComp_SelfTookMemoryThought">
        <eventDef>AteFungus</eventDef>
        <thought>AteFungus_Preferred</thought>
      </li>
      <li Class="PreceptComp_SelfTookMemoryThought">
        <eventDef>AteFungusAsIngredient</eventDef>
        <thought>AteFungusAsIngredient_Preferred</thought>
      </li>
      <li Class="PreceptComp_SelfTookMemoryThought">
        <eventDef>AteNonFungusPlant</eventDef>
        <thought>AteNonFungusPlant_Despised</thought>
      </li>
      <li Class="PreceptComp_SelfTookMemoryThought">
        <eventDef>AteNonFungusMealWithPlants</eventDef>
        <thought>AteNonFungusMealWithPlants_Despised</thought>
      </li>
    </comps>
  </PreceptDef>

  <PreceptDef>
    <defName>FungusEating_Despised</defName>
    <issue>FungusEating</issue>
    <label>despised</label>
    <description>That dark-grown fungus food is just disgusting.</description>
    <impact>Low</impact>
    <displayOrderInIssue>10</displayOrderInIssue>
    <defaultSelectionWeight>1</defaultSelectionWeight>
    <comps>
      <li Class="PreceptComp_SelfTookMemoryThought">
        <eventDef>AteFungus</eventDef>
        <thought>AteFungus_Despised</thought>
      </li>
      <li Class="PreceptComp_SelfTookMemoryThought">
        <eventDef>AteFungusAsIngredient</eventDef>
        <thought>AteFungusAsIngredient_Despised</thought>
      </li>
    </comps>
  </PreceptDef>
  

  <!-- Thoughts -->

  <ThoughtDef>
    <defName>AteNonFungusPlant_Despised</defName>
    <showBubble>true</showBubble>
    <icon>Things/Mote/ThoughtSymbol/Food</icon>
    <durationDays>1</durationDays>
    <stages>
      <li>
        <label>ate non-fungus plant raw</label>
        <description>I had to eat a non-fungus plant food I despise. I much prefer fungus.</description>
        <baseMoodEffect>-5</baseMoodEffect>
      </li>
    </stages>
  </ThoughtDef>

  <ThoughtDef>
    <defName>AteNonFungusMealWithPlants_Despised</defName>
    <showBubble>true</showBubble>
    <icon>Things/Mote/ThoughtSymbol/Food</icon>
    <durationDays>1</durationDays>
    <stages>
      <li>
        <label>ate non-fungus plant cooked</label>
        <description>I ate a meal with a plant of the light. I wish it were a fungus.</description>
        <baseMoodEffect>-3</baseMoodEffect>
      </li>
    </stages>
  </ThoughtDef>

  <ThoughtDef>
    <defName>AteFungus_Preferred</defName>
    <showBubble>true</showBubble>
    <icon>Things/Mote/ThoughtSymbol/Food</icon>
    <durationDays>1</durationDays>
    <stages>
      <li>
        <label>ate fungus</label>
        <description>I ate some fungus and it was just what I like!</description>
        <baseMoodEffect>3</baseMoodEffect>
      </li>
    </stages>
  </ThoughtDef>

  <ThoughtDef>
    <defName>AteFungusAsIngredient_Preferred</defName>
    <showBubble>true</showBubble>
    <icon>Things/Mote/ThoughtSymbol/Food</icon>
    <durationDays>1</durationDays>
    <stages>
      <li>
        <label>ate cooked fungus</label>
        <description>I ate a meal with fungus. Is there any dish it doesn't complement?</description>
        <baseMoodEffect>3</baseMoodEffect>
      </li>
    </stages>
  </ThoughtDef>
  
  <ThoughtDef>
    <defName>AteFungus_Despised</defName>
    <showBubble>true</showBubble>
    <icon>Things/Mote/ThoughtSymbol/Food</icon>
    <durationDays>1</durationDays>
    <stages>
      <li>
        <label>ate fungus raw</label>
        <description>That fungus smelled like damp rags and tasted no better.</description>
        <baseMoodEffect>-6</baseMoodEffect>
      </li>
    </stages>
  </ThoughtDef>

  <ThoughtDef>
    <defName>AteFungusAsIngredient_Despised</defName>
    <showBubble>true</showBubble>
    <icon>Things/Mote/ThoughtSymbol/Food</icon>
    <durationDays>1</durationDays>
    <stages>
      <li>
        <label>ate fungus cooked</label>
        <description>That whole meal smelled like a dead rat left in a stagnant pool.</description>
        <baseMoodEffect>-3</baseMoodEffect>
      </li>
    </stages>
  </ThoughtDef>

</Defs>