<?xml version="1.0" encoding="utf-8" ?>
<Defs>

  <!-- Issue -->

  <IssueDef>
    <defName>IdeoRole</defName>
    <label>role</label>
    <allowMultiplePrecepts>true</allowMultiplePrecepts>
  </IssueDef>

  <!-- Precepts -->
  
  <PreceptDef Abstract="True" Name="PreceptRoleSingleBase">
    <issue>IdeoRole</issue>
    <preceptClass>Precept_RoleSingle</preceptClass>
    <certaintyLossFactor>0.5</certaintyLossFactor>
    <countsTowardsPreceptLimit>false</countsTowardsPreceptLimit>
    <roleRequirements>
      <li Class="RoleRequirement_SameIdeo">
        <labelKey>RoleRequirementLabelSameIdeo</labelKey>
      </li>
      <li Class="RoleRequirement_SupremeGender">
        <labelKey>RoleRequirementLabelSupremeGender</labelKey>
      </li>
    </roleRequirements>
    <comps>
      <li Class="PreceptComp_SituationalThought">
        <thought>IdeoRoleApparelRequirementNotMet</thought>
      </li>
    </comps>
    <impact>Medium</impact>
    <activationBelieverCount>3</activationBelieverCount>
    <deactivationBelieverCount>1</deactivationBelieverCount>
    <classicExtra>true</classicExtra>
  </PreceptDef> 

  <PreceptDef ParentName="PreceptRoleSingleBase">
    <defName>IdeoRole_Moralist</defName>
    <label>moral guide</label>
    <description>A moral/spiritual leader who heads rituals and personally counsels believers.</description>
    <iconPath>UI/Roles/Moralist</iconPath>
    <nameMaker>NamerRoleMoralist</nameMaker>
    <displayOrderInImpact>100</displayOrderInImpact>
    <restrictToSupremeGenderChance>0.5</restrictToSupremeGenderChance>
    <convertPowerFactor>2</convertPowerFactor>
    <expectationsOffset>2</expectationsOffset>
    <canRemoveInUI>false</canRemoveInUI>
    <roleApparelRequirements>
      <li MayRequire="Ludeon.RimWorld.Royalty">
        <requirement>
          <bodyPartGroupsMatchAny>
            <li>Torso</li>
          </bodyPartGroupsMatchAny>
          <requiredTags>
            <li>Cape</li>
          </requiredTags>
        </requirement>
      </li>
      <li>
        <requirement>
          <bodyPartGroupsMatchAny>
            <li>FullHead</li>
          </bodyPartGroupsMatchAny>
          <requiredDefs>
            <li>Apparel_WarVeil</li>
          </requiredDefs>
        </requirement>
      </li>
      <li>
        <requirement>
          <bodyPartGroupsMatchAny>
            <li>UpperHead</li>
            <li>FullHead</li>
          </bodyPartGroupsMatchAny>
          <requiredDefs>
            <li>Apparel_HatHood</li>
          </requiredDefs>
        </requirement>
      </li>
      <li>
        <requirement>
          <bodyPartGroupsMatchAny>
            <li>UpperHead</li>
            <li>FullHead</li>
          </bodyPartGroupsMatchAny>
          <requiredDefs>
            <li>Apparel_Headwrap</li>
          </requiredDefs>
        </requirement>
      </li>
      <li>
        <requirement>
          <bodyPartGroupsMatchAny>
            <li>UpperHead</li>
            <li>Neck</li>
            <li>Shoulders</li>
            <li>FullHead</li>
          </bodyPartGroupsMatchAny>
          <requiredDefs>
            <li>Apparel_Broadwrap</li>
          </requiredDefs>
        </requirement>
      </li>
      <li>
        <requirement>
          <bodyPartGroupsMatchAny>
            <li>Torso</li>
            <li>FullHead</li>
            <li>UpperHead</li>
            <li>Legs</li>
            <li>Arms</li>
          </bodyPartGroupsMatchAny>
          <requiredDefs>
            <li>Apparel_Burka</li>
          </requiredDefs>
        </requirement>
      </li>
      <li>
        <allowedFactionCategoryTags><li>Tribal</li></allowedFactionCategoryTags>
        <requirement>
          <bodyPartGroupsMatchAny>
            <li>UpperHead</li>
            <li>FullHead</li>
          </bodyPartGroupsMatchAny>
          <requiredDefs>
            <li>Apparel_TribalHeaddress</li>
          </requiredDefs>
        </requirement>
      </li>
      <li>
        <allowedFactionCategoryTags><li>Tribal</li></allowedFactionCategoryTags>
        <requirement>
          <bodyPartGroupsMatchAny>
            <li>FullHead</li>
          </bodyPartGroupsMatchAny>
          <requiredDefs>
            <li>Apparel_WarMask</li>
          </requiredDefs>
        </requirement>
      </li>
      <li>
        <disallowedFactionCategoryTags><li>Tribal</li></disallowedFactionCategoryTags>
        <anyMemeRequired><li>Transhumanist</li></anyMemeRequired>
        <requirement>
          <bodyPartGroupsMatchAny>
            <li>UpperHead</li>
            <li>FullHead</li>
          </bodyPartGroupsMatchAny>
          <requiredDefs>
            <li>Apparel_Slicecap</li>
          </requiredDefs>
        </requirement>
      </li>
      <li>
        <requirement>
          <bodyPartGroupsMatchAny>
            <li>FullHead</li>
          </bodyPartGroupsMatchAny>
          <requiredDefs>
            <li>Apparel_VisageMask</li>
          </requiredDefs>
        </requirement>
      </li>
      <li MayRequire="Ludeon.RimWorld.Anomaly">
        <disallowedFactionCategoryTags><li>Tribal</li></disallowedFactionCategoryTags>
        <anyMemeRequired><li>Ritualist</li></anyMemeRequired>
        <requirement>
          <bodyPartGroupsMatchAny>
            <li>FullHead</li>
          </bodyPartGroupsMatchAny>
          <requiredDefs>
            <li>Apparel_CeremonialCultistMask</li>
          </requiredDefs>
        </requirement>
      </li>
    </roleApparelRequirements>
    <roleApparelRequirementCountCurve>
      <points>
        <li>(0.5, 1)</li>
        <li>(1.0, 2)</li>
      </points>
    </roleApparelRequirementCountCurve>
    <grantedAbilities>
      <li>Convert</li>
      <li>Counsel</li>
      <li>Reassure</li>
      <li>ConversionRitual</li>
      <li>PreachHealth</li>
    </grantedAbilities>
    <roleRequiredWorkTags><li>Social</li></roleRequiredWorkTags>
    <roleTags><li>Moralist</li></roleTags>
  </PreceptDef>

  <PreceptDef ParentName="PreceptRoleSingleBase">
    <defName>IdeoRole_Leader</defName>
    <label>leader</label>
    <description>A leader who holds the group together and represents your faction in diplomatic interactions.</description>
    <iconPath>UI/Roles/Leader</iconPath>
    <leaderRole>true</leaderRole>
    <displayOrderInImpact>1000</displayOrderInImpact>
    <restrictToSupremeGenderChance>1</restrictToSupremeGenderChance>
    <expectationsOffset>2</expectationsOffset>
    <canRemoveInUI>false</canRemoveInUI>
    <classic>true</classic>
    <roleApparelRequirements>
      <li>
        <requirement>
          <bodyPartGroupsMatchAny>
            <li>UpperHead</li>
            <li>FullHead</li>
          </bodyPartGroupsMatchAny>
          <requiredDefs>
            <li>Apparel_Headwrap</li>
          </requiredDefs>
        </requirement>
      </li>
      <li>
        <requirement>
          <bodyPartGroupsMatchAny>
            <li>UpperHead</li>
            <li>Neck</li>
            <li>Shoulders</li>
            <li>FullHead</li>
          </bodyPartGroupsMatchAny>
          <requiredDefs>
            <li>Apparel_Broadwrap</li>
          </requiredDefs>
        </requirement>
      </li>
      <li>
        <allowedFactionCategoryTags><li>Tribal</li></allowedFactionCategoryTags>
        <requirement>
          <bodyPartGroupsMatchAny>
            <li>FullHead</li>
          </bodyPartGroupsMatchAny>
          <requiredDefs>
            <li>Apparel_WarMask</li>
          </requiredDefs>
        </requirement>
      </li>
      <li>
        <disallowedFactionCategoryTags><li>Tribal</li></disallowedFactionCategoryTags>
        <anyMemeRequired><li>Transhumanist</li></anyMemeRequired>
        <requirement>
          <bodyPartGroupsMatchAny>
            <li>UpperHead</li>
            <li>FullHead</li>
          </bodyPartGroupsMatchAny>
          <requiredDefs>
            <li>Apparel_Slicecap</li>
          </requiredDefs>
        </requirement>
      </li>
      <li>
        <requirement>
          <bodyPartGroupsMatchAny>
            <li>FullHead</li>
          </bodyPartGroupsMatchAny>
          <requiredDefs>
            <li>Apparel_VisageMask</li>
          </requiredDefs>
        </requirement>
      </li>
      <li>
        <anyMemeRequired><li>Supremacist</li><li>Collectivist</li></anyMemeRequired>
        <requirement>
          <bodyPartGroupsMatchAny>
            <li>UpperHead</li>
            <li>FullHead</li>
          </bodyPartGroupsMatchAny>
          <requiredDefs>
            <li>Apparel_AuthorityCap</li>
          </requiredDefs>
        </requirement>
      </li>
      <li>
        <anyMemeRequired><li>Rancher</li></anyMemeRequired>
        <requirement>
          <bodyPartGroupsMatchAny>
            <li>UpperHead</li>
            <li>FullHead</li>
          </bodyPartGroupsMatchAny>
          <requiredDefs>
            <li>Apparel_CowboyHat</li>
          </requiredDefs>
        </requirement>
      </li>
      <li>
        <allowedFactionCategoryTags><li>Tribal</li></allowedFactionCategoryTags>
        <requirement>
          <bodyPartGroupsMatchAny>
            <li>UpperHead</li>
            <li>FullHead</li>
          </bodyPartGroupsMatchAny>
          <requiredDefs>
            <li>Apparel_TribalHeaddress</li>
          </requiredDefs>
        </requirement>
      </li>
      <li>
        <allowedFactionCategoryTags><li>Tribal</li></allowedFactionCategoryTags>
        <requirement>
          <bodyPartGroupsMatchAny>
            <li>FullHead</li>
          </bodyPartGroupsMatchAny>
          <requiredDefs>
            <li>Apparel_WarMask</li>
          </requiredDefs>
        </requirement>
      </li>
      <li MayRequire="Ludeon.RimWorld.Royalty">
        <disallowedFactionCategoryTags><li>Tribal</li></disallowedFactionCategoryTags>
        <requirement>
          <bodyPartGroupsMatchAny>
            <li>UpperHead</li>
            <li>FullHead</li>
          </bodyPartGroupsMatchAny>
          <requiredDefs>
            <li>Apparel_Beret</li>
          </requiredDefs>
        </requirement>
      </li>
      <li MayRequire="Ludeon.RimWorld.Anomaly">
        <disallowedFactionCategoryTags><li>Tribal</li></disallowedFactionCategoryTags>
        <anyMemeRequired><li>Ritualist</li></anyMemeRequired>
        <requirement>
          <bodyPartGroupsMatchAny>
            <li>FullHead</li>
          </bodyPartGroupsMatchAny>
          <requiredDefs>
            <li>Apparel_CeremonialCultistMask</li>
          </requiredDefs>
        </requirement>
      </li>
    </roleApparelRequirements>
    <roleApparelRequirementCountCurve>
      <points>
        <li>(0.5, 1)</li>
        <li>(1.0, 2)</li>
      </points>
    </roleApparelRequirementCountCurve>
    <grantedAbilities>
      <li>LeaderSpeech</li>
      <li>WorkDrive</li>
      <li>CombatCommand</li>
      <li>Trial</li>
    </grantedAbilities>
    <roleTags><li>Leader</li></roleTags>
  </PreceptDef>

  <PreceptDef Abstract="True" Name="PreceptRoleMultiBase">
    <issue>IdeoRole</issue>
    <preceptClass>Precept_RoleMulti</preceptClass>
    <createsRoleEmptyThought>False</createsRoleEmptyThought>
    <countsTowardsPreceptLimit>false</countsTowardsPreceptLimit>
    <canGenerateAsSpecialPrecept>false</canGenerateAsSpecialPrecept>
    <roleRequirements>
      <li Class="RoleRequirement_SameIdeo">
        <labelKey>RoleRequirementLabelSameIdeo</labelKey>
      </li>
    </roleRequirements>
    <comps>
      <li Class="PreceptComp_SituationalThought">
        <thought>IdeoRoleApparelRequirementNotMet</thought>
      </li>
    </comps>
    <impact>Medium</impact>
    <roleApparelRequirements>
      <li>
        <requirement>
          <bodyPartGroupsMatchAny>
            <li>UpperHead</li>
            <li>FullHead</li>
          </bodyPartGroupsMatchAny>
          <requiredDefs>
            <li>Apparel_Headwrap</li>
          </requiredDefs>
        </requirement>
      </li>
      <li>
        <requirement>
          <bodyPartGroupsMatchAny>
            <li>UpperHead</li>
            <li>FullHead</li>
          </bodyPartGroupsMatchAny>
          <requiredDefs>
            <li>Apparel_Broadwrap</li>
          </requiredDefs>
        </requirement>
      </li>
      <li>
        <requirement>
          <bodyPartGroupsMatchAny>
            <li>Torso</li>
            <li>Neck</li>
            <li>Shoulders</li>
            <li>Arms</li>
            <li>Legs</li>
          </bodyPartGroupsMatchAny>
          <requiredDefs>
            <li>Apparel_Robe</li>
          </requiredDefs>
        </requirement>
      </li>
      <li>
        <requirement>
          <bodyPartGroupsMatchAny>
            <li>UpperHead</li>
          </bodyPartGroupsMatchAny>
          <requiredDefs>
            <li>Apparel_HatHood</li>
          </requiredDefs>
        </requirement>
      </li>
      <li>
        <requirement>
          <bodyPartGroupsMatchAny>
            <li>UpperHead</li>
          </bodyPartGroupsMatchAny>
          <requiredDefs>
            <li>Apparel_BowlerHat</li>
          </requiredDefs>
        </requirement>
      </li>
      <li MayRequire="Ludeon.RimWorld.Royalty">
        <requirement>
          <bodyPartGroupsMatchAny>
            <li>Torso</li>
          </bodyPartGroupsMatchAny>
          <requiredTags>
            <li>Cape</li>
          </requiredTags>
        </requirement>
      </li>
    </roleApparelRequirements>
    <roleApparelRequirementCountCurve>
      <points>
        <li>(0, 1)</li>
        <li>(1, 1)</li>
      </points>
    </roleApparelRequirementCountCurve>
  </PreceptDef>

  <PreceptDef ParentName="PreceptRoleMultiBase">
    <defName>IdeoRole_ShootingSpecialist</defName>
    <label>shooting specialist</label>
    <description>A special ideoligious status focusing on ranged combat to the exclusion of all else. This specialized role gives increased accuracy and the ability to boost the shooting abilities of nearby allies. Holders of this role will refuse to do many kinds of non-shooting-related work.</description>
    <iconPath>UI/Roles/SpecialistShooting</iconPath>
    <nameMaker>NamerRoleShooter</nameMaker>
    <roleRequirements>
      <li Class="RoleRequirement_MinSkillAny">
        <skills>
          <Shooting>6</Shooting>
        </skills>
      </li>
    </roleRequirements>
    <roleRequiredWorkTags>
      <li>Shooting</li>
      <li>Violent</li>
    </roleRequiredWorkTags>
    <roleTags><li>ShootingSpecialist</li></roleTags>
    <requiredMemes>
      <li>Raider</li>
      <li>Supremacist</li>
    </requiredMemes>
    <roleEffects>
      <li Class="RoleEffect_NoMeleeWeapons" />
      <li Class="RoleEffect_PawnStatOffset">
        <statDef>ShootingAccuracyPawn</statDef>
        <modifier>7</modifier>
      </li>
      <li Class="RoleEffect_PawnStatOffset">
        <statDef>AimingDelayFactor</statDef>
        <modifier>-0.5</modifier>
      </li>
    </roleEffects>
    <grantedAbilities>
      <li>MarksmanCommand</li>
    </grantedAbilities>
    <displayOrderInImpact>2</displayOrderInImpact>
    <roleDisabledWorkTags>
      <li>Crafting</li>
      <li>Cooking</li>
      <li>PlantWork</li>
      <li>Mining</li>
      <li>Constructing</li>
    </roleDisabledWorkTags>
    <roleApparelRequirements>
      <li>
        <requirement>
          <bodyPartGroupsMatchAny>
            <li>UpperHead</li>
          </bodyPartGroupsMatchAny>
          <requiredDefs>
            <li>Apparel_Tailcap</li>
          </requiredDefs>
        </requirement>
      </li>
    </roleApparelRequirements>
  </PreceptDef>

  <PreceptDef ParentName="PreceptRoleMultiBase">
    <defName>IdeoRole_MeleeSpecialist</defName>
    <label>melee specialist</label>
    <description>A special ideoligious status focusing on melee combat to the exclusion of all else. This specialized role gives increased dodge and hit chance in melee combat and the ability to enter a short-term berserk trance. Holders of this role will refuse to do many kinds of non-melee-related work.</description>
    <iconPath>UI/Roles/SpecialistMelee</iconPath>
    <nameMaker>NamerRoleBrawler</nameMaker>
    <roleRequirements>
      <li Class="RoleRequirement_MinSkillAny">
        <skills>
          <Melee>6</Melee>
        </skills>
      </li>
    </roleRequirements>
    <roleRequiredWorkTags><li>Violent</li></roleRequiredWorkTags>
    <roleTags><li>MeleeSpecialist</li></roleTags>
    <requiredMemes>
      <li>Raider</li>
      <li>Supremacist</li>
    </requiredMemes>
    <roleEffects>
      <li Class="RoleEffect_NoRangedWeapons" />
      <li Class="RoleEffect_PawnStatOffset">
        <statDef>MeleeHitChance</statDef>
        <modifier>7</modifier>
      </li>
      <li Class="RoleEffect_PawnStatOffset">
        <statDef>MeleeDodgeChance</statDef>
        <modifier>7</modifier>
      </li>
    </roleEffects>
    <displayOrderInImpact>2</displayOrderInImpact>
    <grantedAbilities>
      <li>BerserkTrance</li>
    </grantedAbilities>
    <roleDisabledWorkTags>
      <li>Crafting</li>
      <li>Cooking</li>
      <li>PlantWork</li>
      <li>Mining</li>
      <li>Constructing</li>
      <li>Hunting</li>
      <li>Shooting</li>
    </roleDisabledWorkTags>
  </PreceptDef>

  <PreceptDef ParentName="PreceptRoleMultiBase">
    <defName>IdeoRole_ResearchSpecialist</defName>
    <label>research specialist</label>
    <description>A special ideoligious status focusing on research to the exclusion of all else. This specialized role gives increased research and hacking speed, and the ability to boost research abilities of nearby allies. Holders of this role will refuse to perform some non-research tasks.</description>
    <iconPath>UI/Roles/SpecialistResearch</iconPath>
    <nameMaker>NamerRoleResearcher</nameMaker>
    <roleRequirements>
      <li Class="RoleRequirement_MinSkillAny">
        <skills>
          <Intellectual>6</Intellectual>
        </skills>
      </li>
    </roleRequirements>
    <roleRequiredWorkTags><li>Intellectual</li></roleRequiredWorkTags>
    <roleTags><li>ResearchSpecialist</li></roleTags>
    <requiredMemes>
      <li>Transhumanist</li>
    </requiredMemes>
    <roleEffects>
      <li Class="RoleEffect_PawnStatOffset">
        <statDef>ResearchSpeed</statDef>
        <modifier>0.7</modifier>
      </li>
      <li Class="RoleEffect_PawnStatOffset">
        <statDef>HackingSpeed</statDef>
        <modifier>0.7</modifier>
      </li>
    </roleEffects>
    <grantedAbilities>
      <li>ResearchCommand</li>
    </grantedAbilities>
    <displayOrderInImpact>2</displayOrderInImpact>
    <roleApparelRequirements>
      <li MayRequire="Ludeon.RimWorld.Anomaly">
        <requirement>
          <bodyPartGroupsMatchAny>
            <li>Torso</li>
          </bodyPartGroupsMatchAny>
          <requiredDefs>
            <li MayRequire="Ludeon.RimWorld.Anomaly">Apparel_LabCoat</li>
          </requiredDefs>
        </requirement>
      </li>
    </roleApparelRequirements>
    <roleDisabledWorkTags>
      <li>ManualDumb</li>
      <li>Animals</li>
      <li>Cooking</li>
      <li>PlantWork</li>
      <li>Mining</li>
    </roleDisabledWorkTags>
  </PreceptDef>

  <PreceptDef ParentName="PreceptRoleMultiBase">
    <defName>IdeoRole_PlantSpecialist</defName>
    <label>plants specialist</label>
    <description>A special ideoligious status focusing on planting to the exclusion of all else. This specialized role gives increased sowing and harvesting efficiency, and the ability to boost the farming speed of nearby allies. Holders of this role will refuse to perform some non-plants-related work.</description>
    <iconPath>UI/Roles/SpecialistPlants</iconPath>
    <nameMaker>NamerRoleSower</nameMaker>
    <roleRequirements>
      <li Class="RoleRequirement_MinSkillAny">
        <skills>
          <Plants>6</Plants>
        </skills>
      </li>
    </roleRequirements>
    <roleRequiredWorkTags>
      <li>PlantWork</li>
    </roleRequiredWorkTags>
    <roleTags><li>PlantSpecialist</li></roleTags>
    <requiredMemes>
      <li>HighLife</li>
      <li>NaturePrimacy</li>
      <li>TreeConnection</li>
    </requiredMemes>
    <roleEffects>
      <li Class="RoleEffect_PawnStatOffset">
        <statDef>PlantWorkSpeed</statDef>
        <modifier>0.7</modifier>
      </li>
      <li Class="RoleEffect_PawnStatOffset">
        <statDef>PlantHarvestYield</statDef>
        <modifier>0.3</modifier>
      </li>
    </roleEffects>
    <grantedAbilities>
      <li>FarmingCommand</li>
    </grantedAbilities>
    <displayOrderInImpact>2</displayOrderInImpact>
    <roleDisabledWorkTags>
      <li>Animals</li>
      <li>Crafting</li>
      <li>Cooking</li>
      <li>Constructing</li>
      <li>Mining</li>
    </roleDisabledWorkTags>
    <roleApparelRequirements>
      <li>
        <requirement>
          <bodyPartGroupsMatchAny>
            <li>UpperHead</li>
          </bodyPartGroupsMatchAny>
          <requiredDefs>
            <li>Apparel_Shadecone</li>
          </requiredDefs>
        </requirement>
      </li>
    </roleApparelRequirements>
  </PreceptDef>

  <PreceptDef ParentName="PreceptRoleMultiBase">
    <defName>IdeoRole_ProductionSpecialist</defName>
    <label>production specialist</label>
    <description>A special ideoligious status focusing on crafting and construction to the exclusion of all else. This specialized role gives increased crafting and construction efficiency, and the ability to boost the production abilities of nearby allies. Holders of this role will refuse to do some non-production work.</description>
    <iconPath>UI/Roles/SpecialistProduction</iconPath>
    <nameMaker>NamerRoleProductionSpecialist</nameMaker>
    <roleRequirements>
      <li Class="RoleRequirement_MinSkillAny">
        <skills>
          <Crafting>6</Crafting>
          <Construction>6</Construction>
        </skills>
      </li>
    </roleRequirements>
    <roleRequiredWorkTagAny>
      <li>Crafting</li>
      <li>Constructing</li>
    </roleRequiredWorkTagAny>
    <roleTags><li>ProductionSpecialist</li></roleTags>
    <requiredMemes>
      <li>HumanPrimacy</li>
    </requiredMemes>
    <roleEffects>
      <li Class="RoleEffect_PawnStatOffset">
        <statDef>ConstructionSpeed</statDef>
        <modifier>0.5</modifier>
      </li>
      <li Class="RoleEffect_PawnStatOffset">
        <statDef>GeneralLaborSpeed</statDef>
        <modifier>0.5</modifier>
      </li>
      <li Class="RoleEffect_ProductionQualityOffset">
        <offset>1</offset>
      </li>
    </roleEffects>
    <grantedAbilities>
      <li>ProductionCommand</li>
    </grantedAbilities>
    <displayOrderInImpact>2</displayOrderInImpact>
    <roleDisabledWorkTags>
      <li>ManualDumb</li>
      <li>Animals</li>
      <li>Cooking</li>
      <li>PlantWork</li>
      <li>Mining</li>
    </roleDisabledWorkTags>
  </PreceptDef>

  <PreceptDef ParentName="PreceptRoleMultiBase">
    <defName>IdeoRole_MiningSpecialist</defName>
    <label>mining specialist</label>
    <description>A special ideoligious status focusing on mining to the exclusion of all else. This specialized role gives increased mining speed, and the ability to boost the mining speed of nearby allies. Holders of this role will refuse to do some non-mining work.</description>
    <iconPath>UI/Roles/SpecialistMining</iconPath>
    <nameMaker>NamerRoleMiner</nameMaker>
    <roleRequirements>
      <li Class="RoleRequirement_MinSkillAny">
        <skills>
          <Mining>6</Mining>
        </skills>
      </li>
    </roleRequirements>
    <roleRequiredWorkTagAny>
      <li>Mining</li>
    </roleRequiredWorkTagAny>
    <roleTags><li>MiningSpecialist</li></roleTags>
    <requiredMemes>
      <li>Darkness</li>
      <li>Tunneler</li>
    </requiredMemes>
    <roleEffects>
      <li Class="RoleEffect_PawnStatOffset">
        <statDef>MiningSpeed</statDef>
        <modifier>0.7</modifier>
      </li>
    </roleEffects>
    <grantedAbilities>
      <li>MiningCommand</li>
    </grantedAbilities>
    <displayOrderInImpact>2</displayOrderInImpact>
    <roleDisabledWorkTags>
      <li>Animals</li>
      <li>Crafting</li>
      <li>Cooking</li>
      <li>PlantWork</li>
      <li>Constructing</li>
    </roleDisabledWorkTags>
  </PreceptDef>

  <PreceptDef ParentName="PreceptRoleMultiBase">
    <defName>IdeoRole_AnimalsSpecialist</defName>
    <label>Animals specialist</label>
    <description>A special ideoligious status focusing on animals to the exclusion of all else. This specialized role gives increased taming and training efficiency. Holders of this role will refuse to perform some non-animals-related tasks.</description>
    <iconPath>UI/Roles/SpecialistAnimals</iconPath>
    <nameMaker>NamerRoleAnimalsSpecialist</nameMaker>
    <roleRequirements>
      <li Class="RoleRequirement_MinSkillAny">
        <skills>
          <Animals>6</Animals>
        </skills>
      </li>
    </roleRequirements>
    <roleRequiredWorkTagAny>
      <li>Animals</li>
    </roleRequiredWorkTagAny>
    <roleTags><li>AnimalsSpecialist</li></roleTags>
    <requiredMemes>
      <li>AnimalPersonhood</li>
      <li>Rancher</li>
    </requiredMemes>
    <roleEffects>
      <li Class="RoleEffect_PawnStatFactor">
        <statDef>TrainAnimalChance</statDef>
        <modifier>2</modifier>
      </li>
      <li Class="RoleEffect_PawnStatFactor">
        <statDef>TameAnimalChance</statDef>
        <modifier>2</modifier>
      </li>
      <li Class="RoleEffect_HuntingRevengeChanceFactor">
        <factor>0.2</factor>
      </li>
      <li Class="RoleEffect_PawnStatOffset" MayRequire="Ludeon.RimWorld.Odyssey">
        <statDef>FishingSpeed</statDef>
        <modifier>0.5</modifier>
      </li>
      <li Class="RoleEffect_PawnStatOffset" MayRequire="Ludeon.RimWorld.Odyssey">
        <statDef>FishingYield</statDef>
        <modifier>0.5</modifier>
      </li>
    </roleEffects>
    <displayOrderInImpact>2</displayOrderInImpact>
    <grantedAbilities>
      <li>AnimalCalm</li>
    </grantedAbilities>
    <roleDisabledWorkTags>
      <li>Crafting</li>
      <li>Cooking</li>
      <li>PlantWork</li>
      <li>Constructing</li>
      <li>Mining</li>
    </roleDisabledWorkTags>
  </PreceptDef>

  <PreceptDef ParentName="PreceptRoleMultiBase">
    <defName>IdeoRole_MedicalSpecialist</defName>
    <label>medical specialist</label>
    <description>A special ideoligious status focusing on medicine to the exclusion of all else. This specialized role gives improved surgery and tending efficiency, and the ability to boost the medical abilities of nearby allies. Believers who receive care from one of this role will be happy about it. Holders of this role will refuse to do any kind of violence, and won't perform some non-medical tasks.</description>
    <iconPath>UI/Roles/SpecialistMedical</iconPath>
    <nameMaker>NamerRoleMedicalSpecialist</nameMaker>
    <roleRequirements>
      <li Class="RoleRequirement_MinSkillAny">
        <skills>
          <Medicine>6</Medicine>
        </skills>
      </li>
    </roleRequirements>
    <roleRequiredWorkTagAny>
      <li>Caring</li>
    </roleRequiredWorkTagAny>
    <roleTags><li>MedicalSpecialist</li></roleTags>
    <requiredMemes>
      <li>FleshPurity</li>
      <li>Blindsight</li>
    </requiredMemes>
    <roleEffects>
      <li Class="RoleEffect_PawnStatFactor">
        <statDef>MedicalTendQuality</statDef>
        <modifier>1.5</modifier>
      </li>
      <li Class="RoleEffect_PawnStatFactor">
        <statDef>MedicalOperationSpeed</statDef>
        <modifier>1.5</modifier>
      </li>
      <li Class="RoleEffect_PawnStatFactor">
        <statDef>MedicalSurgerySuccessChance</statDef>
        <modifier>1.5</modifier>
      </li>
      <li Class="RoleEffect_GiveThoughtOnTend">
        <thoughtDef>TendedByMedicalSpecialist</thoughtDef>
      </li>
    </roleEffects>
    <grantedAbilities>
      <li>ImmunityDrive</li>
    </grantedAbilities>
    <displayOrderInImpact>2</displayOrderInImpact>
    <roleDisabledWorkTags>
      <li>Violent</li>
    </roleDisabledWorkTags>
  </PreceptDef>
  
</Defs>