<?xml version="1.0" encoding="utf-8" ?>
<Defs>

  <StructureLayoutDef Name="CrashedPlatformBase" ParentName="OrbitalPlatformBase" Abstract="True">
    <wallDamageRange>500~1000</wallDamageRange>
    <surroundingScatterTerrainDef>PackedDirt</surroundingScatterTerrainDef>
    <wallDef>AncientFortifiedWall</wallDef>
  </StructureLayoutDef>
  
  <StructureLayoutDef Name="CrashedMechanoidPlatformBase" ParentName="CrashedPlatformBase" Abstract="True">
    <terrainDef>MechanoidPlatform</terrainDef>
    <surroundingTerrainDef>MechanoidPlatform</surroundingTerrainDef>
    <wallDamageRange>500~1000</wallDamageRange>
    <wallLampDef>AncientEmergencyLight_Green</wallLampDef>
    <roomDefs>
      <!-- Special -->
      <MechChargingRoom>
        <countRange>1</countRange>
      </MechChargingRoom>

      <!-- Decorative -->
      <NarrowHalls>2.25</NarrowHalls>
      <InnerCourtyard>0.75</InnerCourtyard>
      <InnerCourtyardRooms>0.25</InnerCourtyardRooms>
      <MechStorageRoom>0.75</MechStorageRoom>

      <!-- Threats -->
      <MechGloomlightRoom>0.25</MechGloomlightRoom>
      <MechGestationRoom>1</MechGestationRoom>
      <MechProcessorRoom>1</MechProcessorRoom>
    </roomDefs>
    <junkScaterrers>
      <Filth_BlastMark>
        <groupsPerHundredCells>-2~1</groupsPerHundredCells> <!-- ~66% to not appear -->
        <itemsPerGroup>1~1</itemsPerGroup>
      </Filth_BlastMark>
      <Filth_MachineBits>
        <groupsPerHundredCells>-1~1</groupsPerHundredCells> <!-- ~50% to not appear -->
        <itemsPerGroup>2~4</itemsPerGroup>
        <groupDistRange>2~4</groupDistRange>
      </Filth_MachineBits>
      <Filth_OilSmear>
        <groupsPerHundredCells>0~3</groupsPerHundredCells>
        <itemsPerGroup>2~4</itemsPerGroup>
        <groupDistRange>3~5</groupDistRange>
      </Filth_OilSmear>
      <ChunkMechanoidSlag>
        <groupsPerHundredCells>1~2</groupsPerHundredCells>
        <itemsPerGroup>2~4</itemsPerGroup>
        <groupDistRange>5~6</groupDistRange>
      </ChunkMechanoidSlag>
    </junkScaterrers>
  </StructureLayoutDef>
  
  <StructureLayoutDef ParentName="CrashedMechanoidPlatformBase">
    <defName>CrashedMechanoidPlatform_Standard</defName>
  </StructureLayoutDef>
  
  <StructureLayoutDef ParentName="CrashedMechanoidPlatformBase">
    <defName>CrashedMechanoidPlatform_Engine</defName>
    <importantRoomDef>MechanoidEngineRoom</importantRoomDef>
    <roomDefs>
      <!-- Special -->
      <MechGravlitePanelRoom>
        <countRange>1</countRange>
      </MechGravlitePanelRoom>
    </roomDefs>
  </StructureLayoutDef>
  
</Defs>