﻿<?xml version="1.0" encoding="utf-8"?>
<Defs>
  <ThingDef ParentName="BaseHumanMakeableGun" Name="Gun_BeamRepeater">
    <defName>Gun_BeamRepeater</defName>
    <label>beam repeater</label>
    <description>An ultratech weapon that emits gamma ray laser bursts in a rapid sequence. The tight gamma beams can pierce shields.</description>
    <graphicData>
      <texPath>Things/Item/Equipment/WeaponRanged/BeamRepeater</texPath>
      <graphicClass>Graphic_Single</graphicClass>
    </graphicData>
    <soundInteract>Interact_Rifle</soundInteract>
    <thingSetMakerTags><li>RewardStandardQualitySuper</li></thingSetMakerTags>
    <weaponClasses>
      <li>RangedHeavy</li>
      <li>Ultratech</li>
    </weaponClasses>
    <statBases>
      <WorkToMake>60000</WorkToMake>
      <Mass>10</Mass>
      <AccuracyTouch>0.65</AccuracyTouch>
      <AccuracyShort>0.72</AccuracyShort>
      <AccuracyMedium>0.65</AccuracyMedium>
      <AccuracyLong>0.6</AccuracyLong>
      <RangedWeapon_Cooldown>3</RangedWeapon_Cooldown>
    </statBases>
    <costList>
      <Plasteel>40</Plasteel>
      <Steel>30</Steel>
      <ComponentSpacer>3</ComponentSpacer>
    </costList>
    <recipeMaker>
      <researchPrerequisite>BeamWeapons</researchPrerequisite>
      <skillRequirements>
        <Crafting>8</Crafting>
      </skillRequirements>
      <recipeUsers Inherit="False">
        <li>FabricationBench</li>
      </recipeUsers>
      <displayPriority>220</displayPriority>
    </recipeMaker>
    <techLevel>Spacer</techLevel>
    <weaponTags>
      <li>GunHeavy</li>
      <li>WeaponBeamRepeater</li>
    </weaponTags>
    <equippedStatOffsets>
      <MoveSpeed>-0.25</MoveSpeed>
    </equippedStatOffsets>
    <verbs>
      <li>
        <verbClass>Verb_Shoot</verbClass>
        <hasStandardCommand>true</hasStandardCommand>
        <defaultProjectile>Bullet_BeamRepeater</defaultProjectile>
        <warmupTime>4</warmupTime>
        <range>21.9</range>
        <burstShotCount>30</burstShotCount>
        <ticksBetweenBurstShots>10</ticksBetweenBurstShots>
        <soundCast>Shot_BeamRepeater</soundCast>
        <soundCastTail>GunTail_Medium</soundCastTail>
        <muzzleFlashScale>9</muzzleFlashScale>
        <aimingChargeMote>Mote_BeamRepeater_Charge</aimingChargeMote>
        <aimingChargeMoteOffset>1.07</aimingChargeMoteOffset>
      </li>
    </verbs>
    <tools>
      <li>
        <label>barrels</label>
        <capacities>
          <li>Blunt</li>
        </capacities>
        <power>11.7</power>
        <cooldownTime>2.6</cooldownTime>
      </li>
    </tools>
  </ThingDef>
  
  <ThingDef ParentName="BaseBullet">
    <defName>Bullet_BeamRepeater</defName>
    <label>beam repeater laser</label>
    <thingClass>Beam</thingClass>
    <graphicData>
      <texPath>Things/Projectile/Bullet_Small</texPath>
      <graphicClass>Graphic_Single</graphicClass>
    </graphicData>
    <projectile>
      <damageDef>BeamBypassShields</damageDef>
      <damageAmountBase>5</damageAmountBase>
      <beamMoteDef>Mote_BeamRepeaterLaser</beamMoteDef>
      <beamStartOffset>0.5</beamStartOffset>
      <armorPenetrationBase>0.5</armorPenetrationBase>
    </projectile>
  </ThingDef>

  <ThingDef ParentName="BaseGun">
    <defName>Gun_Scattergun</defName>
    <label>scattergun</label>
    <description>A compact short-range shotgun designed to be mounted on a sentry drone.</description>
    <techLevel>Spacer</techLevel>
    <graphicData>
      <texPath>Things/Item/Equipment/WeaponRanged/SentryScattergun</texPath>
      <graphicClass>Graphic_Single</graphicClass>
      <drawSize>0.85</drawSize>
    </graphicData>
    <tradeability>None</tradeability>
    <destroyOnDrop>true</destroyOnDrop>
    <relicChance>0</relicChance>
    <equippedDistanceOffset>-0.14</equippedDistanceOffset>
    <tools>
      <li>
        <label>barrel</label>
        <capacities>
          <li>Blunt</li>
          <li>Poke</li>
        </capacities>
        <power>9</power>
        <cooldownTime>2.6</cooldownTime>
      </li>
    </tools>
    <statBases>
      <MarketValue>1000</MarketValue>
      <Mass>1.5</Mass>
      <AccuracyTouch>0.80</AccuracyTouch>
      <AccuracyShort>0.87</AccuracyShort>
      <AccuracyMedium>0.72</AccuracyMedium>
      <AccuracyLong>0.6</AccuracyLong>
      <RangedWeapon_Cooldown>2</RangedWeapon_Cooldown>
    </statBases>
    <weaponClasses>
      <li>Ranged</li>
    </weaponClasses>
    <weaponTags>
      <li>SentryDroneGunShortRange</li>
    </weaponTags>
    <verbs>
      <li>
        <verbClass>Verb_Shoot</verbClass>
        <hasStandardCommand>true</hasStandardCommand>
        <defaultProjectile>Bullet_Scattergun</defaultProjectile>
        <warmupTime>0.55</warmupTime>
        <range>19.9</range>
        <burstShotCount>1</burstShotCount>
        <ticksBetweenBurstShots>10</ticksBetweenBurstShots>
        <soundCast>Shot_Shotgun</soundCast>
        <soundCastTail>GunTail_Heavy</soundCastTail>
        <muzzleFlashScale>6</muzzleFlashScale>
      </li>
    </verbs>
  </ThingDef>
  
  <ThingDef ParentName="BaseBullet">
    <defName>Bullet_Scattergun</defName>
    <label>scattergun blast</label>
    <graphicData>
      <texPath>Things/Projectile/Bullet_MiniShotgun</texPath>
      <graphicClass>Graphic_Single</graphicClass>
    </graphicData>
    <projectile>
      <damageDef>Bullet</damageDef>
      <damageAmountBase>13</damageAmountBase>
      <stoppingPower>2.5</stoppingPower>
      <armorPenetrationBase>0.15</armorPenetrationBase>
      <speed>55</speed>
    </projectile>
  </ThingDef>
</Defs>