﻿<?xml version="1.0" encoding="utf-8" ?>
<Defs>

  <!--========= General ============-->

  <JobDef>
    <defName>IdleWhileDespawned</defName>
    <driverClass>JobDriver_IdleWhileDespawned</driverClass>
    <reportString>idling.</reportString>
  </JobDef>

  <JobDef>
    <defName>Goto</defName>
    <driverClass>JobDriver_Goto</driverClass>
    <reportString>moving.</reportString>
    <allowOpportunisticPrefix>true</allowOpportunisticPrefix>
    <carryThingAfterJob>true</carryThingAfterJob>
    <dropThingBeforeJob>false</dropThingBeforeJob>
  </JobDef>

  <JobDef>
    <defName>PickupToHold</defName>
    <driverClass>JobDriver_PickupToHold</driverClass>
    <reportString>picking up TargetA.</reportString>
    <carryThingAfterJob>true</carryThingAfterJob>
    <dropThingBeforeJob>false</dropThingBeforeJob>
  </JobDef>

  <JobDef>
    <defName>Follow</defName>
    <driverClass>JobDriver_Follow</driverClass>
    <reportString>following TargetA.</reportString>
    <allowOpportunisticPrefix>true</allowOpportunisticPrefix>
  </JobDef>

  <JobDef>
    <defName>FollowClose</defName>
    <driverClass>JobDriver_FollowClose</driverClass>
    <reportString>following TargetA.</reportString>
    <allowOpportunisticPrefix>true</allowOpportunisticPrefix>
  </JobDef>

  <JobDef>
    <defName>FollowRoper</defName>
    <driverClass>JobDriver_FollowRoper</driverClass>
    <reportString>following TargetA.</reportString>
    <allowOpportunisticPrefix>true</allowOpportunisticPrefix>
  </JobDef>

  <JobDef>
    <defName>GotoSafeTemperature</defName>
    <driverClass>JobDriver_Goto</driverClass>
    <reportString>seeking safe temperature.</reportString>
    <casualInterruptible>false</casualInterruptible>
  </JobDef>

  <JobDef>
    <defName>GotoWander</defName>
    <driverClass>JobDriver_Goto</driverClass>
    <reportString>wandering.</reportString>
    <allowOpportunisticPrefix>true</allowOpportunisticPrefix>
    <carryThingAfterJob>true</carryThingAfterJob>
    <dropThingBeforeJob>false</dropThingBeforeJob>
  </JobDef>

  <JobDef>
    <defName>Wait</defName>
    <driverClass>JobDriver_Wait</driverClass>
    <reportString>standing.</reportString>
    <isIdle>true</isIdle>
    <suspendable>false</suspendable>
    <allowOpportunisticPrefix>true</allowOpportunisticPrefix>
    <carryThingAfterJob>true</carryThingAfterJob>
    <dropThingBeforeJob>false</dropThingBeforeJob>
  </JobDef>

  <JobDef>
    <defName>StandAndStare</defName>
    <driverClass>JobDriver_Wait</driverClass>
    <reportString>staring.</reportString>
    <carryThingAfterJob>true</carryThingAfterJob>
    <dropThingBeforeJob>false</dropThingBeforeJob>
  </JobDef>

  <JobDef>
    <defName>Wait_MaintainPosture</defName>
    <driverClass>JobDriver_WaitMaintainPosture</driverClass>
    <reportString>standing.</reportString>
    <carryThingAfterJob>true</carryThingAfterJob>
    <dropThingBeforeJob>false</dropThingBeforeJob>
  </JobDef>

  <JobDef>
    <defName>Wait_Asleep</defName>
    <driverClass>JobDriver_LayDown</driverClass>
    <reportString>sleeping.</reportString>
    <carryThingAfterJob>true</carryThingAfterJob>
    <dropThingBeforeJob>false</dropThingBeforeJob>
    <isCrawlingIfDowned>false</isCrawlingIfDowned>
  </JobDef>

  <JobDef>
    <defName>Wait_AsleepDormancy</defName>
    <driverClass>JobDriver_LayDownDormant</driverClass>
    <reportString>sleeping.</reportString>
    <carryThingAfterJob>true</carryThingAfterJob>
    <dropThingBeforeJob>false</dropThingBeforeJob>
    <isCrawlingIfDowned>false</isCrawlingIfDowned>
  </JobDef>
  
  <JobDef>
    <defName>Wait_Downed</defName>
    <driverClass>JobDriver_WaitDowned</driverClass>
    <reportString>downed.</reportString>
    <isCrawlingIfDowned>false</isCrawlingIfDowned>
    <alwaysShowReport>true</alwaysShowReport>
    <suspendable>false</suspendable>
  </JobDef>

  <JobDef>
    <defName>Wait_SafeTemperature</defName>
    <driverClass>JobDriver_Wait</driverClass>
    <reportString>waiting in safe temperature.</reportString>
  </JobDef>

  <JobDef>
    <defName>Wait_Wander</defName>
    <driverClass>JobDriver_Wait</driverClass>
    <reportString>wandering.</reportString>
    <suspendable>false</suspendable>
    <allowOpportunisticPrefix>true</allowOpportunisticPrefix>
    <carryThingAfterJob>true</carryThingAfterJob>
    <dropThingBeforeJob>false</dropThingBeforeJob>
  </JobDef>
  
  <JobDef>
    <defName>Wait_Combat</defName>
    <driverClass>JobDriver_Wait</driverClass>
    <reportString>watching for targets.</reportString>
    <alwaysShowWeapon>true</alwaysShowWeapon>
    <suspendable>false</suspendable>
    <isIdle>true</isIdle>
    <carryThingAfterJob>true</carryThingAfterJob>
    <dropThingBeforeJob>false</dropThingBeforeJob>
  </JobDef>
  
  <JobDef>
    <defName>AttackStatic</defName>
    <driverClass>JobDriver_AttackStatic</driverClass>
    <reportString>attacking TargetA.</reportString>
    <alwaysShowWeapon>true</alwaysShowWeapon>
    <casualInterruptible>false</casualInterruptible>
    <collideWithPawns>true</collideWithPawns>
  </JobDef>

  <JobDef>
    <defName>AttackMelee</defName>
    <driverClass>JobDriver_AttackMelee</driverClass>
    <reportString>melee attacking TargetA.</reportString>
    <alwaysShowWeapon>true</alwaysShowWeapon>
    <casualInterruptible>false</casualInterruptible>
    <collideWithPawns>true</collideWithPawns>
  </JobDef>

  <JobDef>
    <defName>SocialFight</defName>
    <driverClass>JobDriver_AttackMelee</driverClass>
    <reportString>fighting with TargetA.</reportString>
    <casualInterruptible>false</casualInterruptible>
    <neverShowWeapon>true</neverShowWeapon>
  </JobDef>
  
  <JobDef>
    <defName>UseVerbOnThing</defName>
    <driverClass>JobDriver_CastVerbOnce</driverClass>
    <allowOpportunisticPrefix>true</allowOpportunisticPrefix>
  </JobDef>

  <JobDef>
    <defName>UseVerbOnThingStatic</defName>
    <driverClass>JobDriver_CastVerbOnceStatic</driverClass>
    <allowOpportunisticPrefix>false</allowOpportunisticPrefix>
  </JobDef>

  <JobDef>
    <defName>UseVerbOnThingStaticReserve</defName>
    <driverClass>JobDriver_CastVerbOnceStaticReserve</driverClass>
    <allowOpportunisticPrefix>false</allowOpportunisticPrefix>
  </JobDef>

  <JobDef>
    <defName>CastJump</defName>
    <driverClass>JobDriver_CastJump</driverClass>
    <allowOpportunisticPrefix>false</allowOpportunisticPrefix>
    <carryThingAfterJob>true</carryThingAfterJob>
    <dropThingBeforeJob>false</dropThingBeforeJob>
  </JobDef>

  <JobDef Name="CastAbilityOnThing">
    <defName>CastAbilityOnThing</defName>
    <driverClass>JobDriver_CastAbility</driverClass>
    <casualInterruptible>false</casualInterruptible>
    <collideWithPawns>true</collideWithPawns>
  </JobDef>

  <JobDef>
    <defName>CastAbilityTouch</defName>
    <driverClass>JobDriver_CastAbilityTouch</driverClass>
    <casualInterruptible>false</casualInterruptible>
    <collideWithPawns>true</collideWithPawns>
    <neverShowWeapon>true</neverShowWeapon>
  </JobDef>

  <JobDef>
    <defName>CastAbilityOnThingUninterruptible</defName>
    <driverClass>JobDriver_CastAbility</driverClass>
    <casualInterruptible>false</casualInterruptible>
    <collideWithPawns>true</collideWithPawns>
    <playerInterruptible>false</playerInterruptible>
    <suspendable>false</suspendable>
  </JobDef>

  <JobDef>
    <defName>CastAbilityOnThingMelee</defName>
    <driverClass>JobDriver_CastAbilityMelee</driverClass>
    <casualInterruptible>false</casualInterruptible>
    <collideWithPawns>true</collideWithPawns>
    <neverShowWeapon>true</neverShowWeapon>
  </JobDef>

  <JobDef>
    <defName>CastAbilityOnWorldTile</defName>
    <driverClass>JobDriver_CastAbilityWorld</driverClass>
    <casualInterruptible>false</casualInterruptible>
    <collideWithPawns>true</collideWithPawns>
  </JobDef>

  <JobDef>
    <defName>Equip</defName>
    <driverClass>JobDriver_Equip</driverClass>
    <reportString>equipping TargetA.</reportString>
    <allowOpportunisticPrefix>true</allowOpportunisticPrefix>
  </JobDef>

  <JobDef>
    <defName>TakeInventory</defName>
    <driverClass>JobDriver_TakeInventory</driverClass>
    <reportString>taking TargetA to inventory.</reportString>
    <allowOpportunisticPrefix>true</allowOpportunisticPrefix>
  </JobDef>
  
  <JobDef>
    <defName>GiveToPackAnimal</defName>
    <driverClass>JobDriver_GiveToPackAnimal</driverClass>
    <reportString>taking TargetA.</reportString>
    <allowOpportunisticPrefix>true</allowOpportunisticPrefix>
  </JobDef>
  
  <JobDef>
    <defName>Wear</defName>
    <driverClass>JobDriver_Wear</driverClass>
    <reportString>wearing TargetA.</reportString>
    <allowOpportunisticPrefix>true</allowOpportunisticPrefix>
  </JobDef>
  
  <JobDef>
    <defName>RemoveApparel</defName>
    <driverClass>JobDriver_RemoveApparel</driverClass>
    <reportString>removing TargetA.</reportString>
    <allowOpportunisticPrefix>true</allowOpportunisticPrefix>
  </JobDef>

  <JobDef>
    <defName>DropEquipment</defName>
    <driverClass>JobDriver_DropEquipment</driverClass>
    <reportString>dropping TargetA.</reportString>
    <allowOpportunisticPrefix>true</allowOpportunisticPrefix>
  </JobDef>

  <JobDef>
    <defName>Strip</defName>
    <driverClass>JobDriver_Strip</driverClass>
    <reportString>stripping TargetA.</reportString>
    <taleOnCompletion>Stripped</taleOnCompletion>
    <allowOpportunisticPrefix>true</allowOpportunisticPrefix>
  </JobDef>
  
  <JobDef>
    <defName>Open</defName>
    <driverClass>JobDriver_Open</driverClass>
    <reportString>opening TargetA.</reportString>
    <allowOpportunisticPrefix>true</allowOpportunisticPrefix>
  </JobDef>

  <JobDef>
    <defName>RearmTurret</defName>
    <driverClass>JobDriver_Refuel</driverClass>
    <reportString>rearming TargetA.</reportString>
    <suspendable>false</suspendable>
    <allowOpportunisticPrefix>true</allowOpportunisticPrefix>
  </JobDef>

  <JobDef>
    <defName>RearmTurretAtomic</defName>
    <driverClass>JobDriver_RefuelAtomic</driverClass>
    <reportString>rearming TargetA.</reportString>
    <suspendable>false</suspendable>
    <allowOpportunisticPrefix>true</allowOpportunisticPrefix>
  </JobDef>
  
  <JobDef>
    <defName>Refuel</defName>
    <driverClass>JobDriver_Refuel</driverClass>
    <reportString>refueling TargetA.</reportString>
    <suspendable>false</suspendable>
    <allowOpportunisticPrefix>true</allowOpportunisticPrefix>
  </JobDef>

  <JobDef>
    <defName>RefuelAtomic</defName>
    <driverClass>JobDriver_RefuelAtomic</driverClass>
    <reportString>refueling TargetA.</reportString>
    <suspendable>false</suspendable>
    <allowOpportunisticPrefix>true</allowOpportunisticPrefix>
  </JobDef>
  
  <JobDef>
    <defName>Reload</defName>
    <driverClass>JobDriver_Reload</driverClass>
    <reportString>reloading TargetA.</reportString>
    <suspendable>false</suspendable>
    <allowOpportunisticPrefix>true</allowOpportunisticPrefix>
  </JobDef>
  
  <JobDef>
    <defName>FillFermentingBarrel</defName>
    <driverClass>JobDriver_FillFermentingBarrel</driverClass>
    <reportString>filling TargetA.</reportString>
    <suspendable>false</suspendable>
    <allowOpportunisticPrefix>true</allowOpportunisticPrefix>
  </JobDef>
  
  <JobDef>
    <defName>TakeBeerOutOfFermentingBarrel</defName>
    <driverClass>JobDriver_TakeBeerOutOfFermentingBarrel</driverClass>
    <reportString>taking beer out of TargetA.</reportString>
    <allowOpportunisticPrefix>true</allowOpportunisticPrefix>
  </JobDef>
  
  <JobDef>
    <defName>ApplyTechprint</defName>
    <driverClass>JobDriver_ApplyTechprint</driverClass>
    <reportString>applying TargetB.</reportString>
    <allowOpportunisticPrefix>true</allowOpportunisticPrefix>
  </JobDef>
  
  <JobDef>
    <defName>UnloadInventory</defName>
    <driverClass>JobDriver_UnloadInventory</driverClass>
    <reportString>unloading TargetA.</reportString>
    <allowOpportunisticPrefix>true</allowOpportunisticPrefix>
  </JobDef>
  
  <JobDef>
    <defName>UnloadYourInventory</defName>
    <driverClass>JobDriver_UnloadYourInventory</driverClass>
    <reportString>unloading inventory.</reportString>
    <allowOpportunisticPrefix>true</allowOpportunisticPrefix>
  </JobDef>
  
  <JobDef>
    <defName>HaulToTransporter</defName>
    <driverClass>JobDriver_HaulToTransporter</driverClass>
    <reportString>hauling TargetA.</reportString>
    <suspendable>false</suspendable>
    <allowOpportunisticPrefix>true</allowOpportunisticPrefix>
    <dropThingBeforeJob>false</dropThingBeforeJob>
  </JobDef>
  
  <JobDef>
    <defName>HaulToPortal</defName>
    <driverClass>JobDriver_HaulToPortal</driverClass>
    <reportString>hauling TargetA.</reportString>
    <suspendable>false</suspendable>
    <allowOpportunisticPrefix>true</allowOpportunisticPrefix>
    <dropThingBeforeJob>false</dropThingBeforeJob>
  </JobDef>

  <JobDef>
    <defName>ManTurret</defName>
    <driverClass>JobDriver_ManTurret</driverClass>
    <reportString>operating turret.</reportString>
    <casualInterruptible>false</casualInterruptible>
    <allowOpportunisticPrefix>true</allowOpportunisticPrefix>
  </JobDef>
  
  <JobDef>
    <defName>EnterCryptosleepCasket</defName>
    <driverClass>JobDriver_EnterCryptosleepCasket</driverClass>
    <reportString>entering cryptosleep casket.</reportString>
    <taleOnCompletion>EnteredCryptosleep</taleOnCompletion>
    <allowOpportunisticPrefix>true</allowOpportunisticPrefix>
  </JobDef>

  <JobDef>
    <defName>UseNeurotrainer</defName>
    <driverClass>JobDriver_UseItem</driverClass>
    <reportString>using neurotrainer.</reportString>
    <allowOpportunisticPrefix>true</allowOpportunisticPrefix>
  </JobDef>

  <JobDef>
    <defName>UseArtifact</defName>
    <driverClass>JobDriver_UseItem</driverClass>
    <reportString>activating artifact.</reportString>
    <allowOpportunisticPrefix>true</allowOpportunisticPrefix>
  </JobDef>
  
  <JobDef>
    <defName>UseItem</defName>
    <driverClass>JobDriver_UseItem</driverClass>
    <reportString>using TargetA.</reportString>
    <allowOpportunisticPrefix>true</allowOpportunisticPrefix>
  </JobDef>

  <jobDef>
    <defName>TriggerObject</defName>
    <driverClass>JobDriver_UseItem</driverClass>
    <allowOpportunisticPrefix>true</allowOpportunisticPrefix>
    <reportString>triggering TargetA.</reportString>
  </jobDef>
  
  <JobDef>
    <defName>ClearSnow</defName>
    <driverClass>JobDriver_ClearSnow</driverClass>
    <reportString>clearing snow.</reportString>
    <allowOpportunisticPrefix>true</allowOpportunisticPrefix>
  </JobDef>

  <JobDef>
    <defName>Vomit</defName>
    <driverClass>JobDriver_Vomit</driverClass>
    <playerInterruptible>false</playerInterruptible>
    <casualInterruptible>false</casualInterruptible>
    <reportString>vomiting.</reportString>
    <suspendable>false</suspendable>
  </JobDef>

  <JobDef>
    <defName>Flick</defName>
    <driverClass>JobDriver_Flick</driverClass>
    <reportString>flicking switch.</reportString>
    <allowOpportunisticPrefix>true</allowOpportunisticPrefix>
  </JobDef>
  
  <JobDef>
    <defName>TradeWithPawn</defName>
    <driverClass>JobDriver_TradeWithPawn</driverClass>
    <reportString>trading with TargetA.</reportString>
  </JobDef>

  <JobDef>
    <defName>DismissTrader</defName>
    <driverClass>JobDriver_DismissTrader</driverClass>
    <reportString>dismissing trader.</reportString>
  </JobDef>

  <JobDef>
    <defName>Flee</defName>
    <driverClass>JobDriver_Flee</driverClass>
    <reportString>fleeing.</reportString>
    <checkOverrideOnDamage>OnlyIfInstigatorNotJobTarget</checkOverrideOnDamage>
    <isIdle>true</isIdle>
  </JobDef>

  <JobDef>
    <defName>FleeAndCower</defName>
    <driverClass>JobDriver_FleeAndCower</driverClass>
    <reportString>fleeing.</reportString>
    <checkOverrideOnDamage>OnlyIfInstigatorNotJobTarget</checkOverrideOnDamage>
    <isIdle>true</isIdle>
  </JobDef>
  
  <JobDef>
    <defName>EnterTransporter</defName>
    <driverClass>JobDriver_EnterTransporter</driverClass>
    <reportString>entering TargetA.</reportString>
    <allowOpportunisticPrefix>true</allowOpportunisticPrefix>
  </JobDef>
  
  <JobDef>
    <defName>Resurrect</defName>
    <driverClass>JobDriver_Resurrect</driverClass>
    <reportString>resurrecting TargetA.</reportString>
    <allowOpportunisticPrefix>true</allowOpportunisticPrefix>
  </JobDef>
  
  <JobDef>
    <defName>Insult</defName>
    <driverClass>JobDriver_Insult</driverClass>
    <reportString>insulting TargetA.</reportString>
  </JobDef>

  <JobDef>
    <defName>HaulCorpseToPublicPlace</defName>
    <driverClass>JobDriver_HaulCorpseToPublicPlace</driverClass>
    <reportString>hauling TargetA.</reportString>
  </JobDef>
  
  <JobDef>
    <defName>InducePrisonerToEscape</defName>
    <driverClass>JobDriver_SingleInteraction</driverClass>
    <reportString>inducing TargetA to escape.</reportString>
  </JobDef>

  <JobDef>
    <defName>OfferHelp</defName>
    <driverClass>JobDriver_OfferHelp</driverClass>
    <reportString>helping TargetA.</reportString>
  </JobDef>

  <JobDef>
    <defName>EmptyThingContainer</defName>
    <driverClass>JobDriver_EmptyThingContainer</driverClass>
    <reportString>emptying TargetA.</reportString>
  </JobDef>

  <JobDef>
    <defName>InteractThing</defName>
    <driverClass>JobDriver_InteractThing</driverClass>
    <reportString>activating TargetA.</reportString>
  </JobDef>
  
  <JobDef>
    <defName>DeliverToCell</defName>
    <driverClass>JobDriver_DeliverPawnToCell</driverClass>
    <reportString>delivering TargetA.</reportString>
    <casualInterruptible>false</casualInterruptible>
  </JobDef>

  <JobDef>
    <defName>DeliverToBed</defName>
    <driverClass>JobDriver_TakeToBed</driverClass>
    <reportString>delivering TargetA.</reportString>
    <casualInterruptible>false</casualInterruptible>
  </JobDef>

  <JobDef>
    <defName>TakeCountToInventory</defName>
    <driverClass>JobDriver_TakeCountToInventory</driverClass>
    <reportString>taking TargetA to inventory.</reportString>
    <suspendable>false</suspendable>
    <allowOpportunisticPrefix>true</allowOpportunisticPrefix>
  </JobDef>

  <JobDef>
    <defName>TakeFromOtherInventory</defName>
    <driverClass>JobDriver_TakeFromOtherInventory</driverClass>
    <reportString>grabbing TargetA from TargetB.</reportString>
    <allowOpportunisticPrefix>true</allowOpportunisticPrefix>
  </JobDef>

  <JobDef>
    <defName>Carried</defName>
    <driverClass>JobDriver_Carried</driverClass>
    <carryThingAfterJob>true</carryThingAfterJob>
    <isCrawlingIfDowned>false</isCrawlingIfDowned>
  </JobDef>
  
  <JobDef>
    <defName>Reading</defName>
    <driverClass>JobDriver_Reading</driverClass>
    <casualInterruptible>false</casualInterruptible>
    <joyDuration>8000</joyDuration>
    <joyKind>Reading</joyKind>
    <reportString>reading TargetA</reportString>
  </JobDef>
  
  <JobDef>
    <defName>EnterPortal</defName>
    <driverClass>JobDriver_EnterPortal</driverClass>
    <dropThingBeforeJob>false</dropThingBeforeJob>
    <carryThingAfterJob>true</carryThingAfterJob>
    <reportString>entering TargetA.</reportString>
  </JobDef>

  <!--============ Fire ============-->

  <JobDef>
    <defName>Ignite</defName>
    <driverClass>JobDriver_Ignite</driverClass>
    <reportString>igniting TargetA.</reportString>
    <collideWithPawns>true</collideWithPawns>
  </JobDef>

  <JobDef>
    <defName>BeatFire</defName>
    <driverClass>JobDriver_BeatFire</driverClass>
    <reportString>beating fire out.</reportString>
    <neverShowWeapon>true</neverShowWeapon>
    <casualInterruptible>false</casualInterruptible>
  </JobDef>

  <JobDef>
    <defName>ExtinguishSelf</defName>
    <driverClass>JobDriver_ExtinguishSelf</driverClass>
    <reportString>extinguishing self.</reportString>
    <neverShowWeapon>true</neverShowWeapon>
    <casualInterruptible>false</casualInterruptible>
  </JobDef>

  <JobDef>
    <defName>ExtinguishFiresNearby</defName>
    <driverClass>JobDriver_ExtinguishFiresNearby</driverClass>
    <reportString>extinguishing fires nearby.</reportString>
    <neverShowWeapon>true</neverShowWeapon>
    <casualInterruptible>false</casualInterruptible>
  </JobDef>
    
  <!--============ Need satisfaction ============-->

  <JobDef>
    <defName>Ingest</defName>
    <driverClass>JobDriver_Ingest</driverClass>
    <reportString>consuming TargetA.</reportString>
    <allowOpportunisticPrefix>true</allowOpportunisticPrefix>
  </JobDef>

  <JobDef>
    <defName>LayDown</defName>
    <driverClass>JobDriver_LayDown</driverClass>
    <reportString>lying down.</reportString>
    <casualInterruptible>false</casualInterruptible>
    <allowOpportunisticPrefix>true</allowOpportunisticPrefix>
    <neverShowWeapon>true</neverShowWeapon>
  </JobDef>
  
  <JobDef>
    <defName>LayDownAwake</defName>
    <driverClass>JobDriver_LayDownAwake</driverClass>
    <reportString>lying down.</reportString>
    <casualInterruptible>false</casualInterruptible>
    <allowOpportunisticPrefix>true</allowOpportunisticPrefix>
    <neverShowWeapon>true</neverShowWeapon>
    <isCrawlingIfDowned>false</isCrawlingIfDowned>
  </JobDef>

  <JobDef>
    <defName>LayDownResting</defName>
    <driverClass>JobDriver_LayDownResting</driverClass>
    <reportString>lying down.</reportString>
    <casualInterruptible>false</casualInterruptible>
    <allowOpportunisticPrefix>true</allowOpportunisticPrefix>
    <neverShowWeapon>true</neverShowWeapon>
  </JobDef>
  
  <!--============ Love ============-->

  <JobDef>
    <defName>Lovin</defName>
    <driverClass>JobDriver_Lovin</driverClass>
    <reportString>lovin'.</reportString>
    <casualInterruptible>false</casualInterruptible>
    <suspendable>false</suspendable>
  </JobDef>

  <!--============ Psycast Effects ============-->

  <JobDef>
    <defName>GotoMindControlled</defName>
    <driverClass>JobDriver_GotoMindControlled</driverClass>
    <reportString>moving.</reportString>
    <allowOpportunisticPrefix>true</allowOpportunisticPrefix>
    <waitAfterArriving>2000</waitAfterArriving>
    <casualInterruptible>false</casualInterruptible>
    <playerInterruptible>false</playerInterruptible>
    <suspendable>false</suspendable>
  </JobDef>
  
</Defs>