﻿<?xml version="1.0" encoding="utf-8" ?>
<Defs>

  <JobDef>
    <defName>MarryAdjacentPawn</defName>
    <driverClass>JobDriver_MarryAdjacentPawn</driverClass>
    <reportString>marrying TargetA.</reportString>
    <casualInterruptible>false</casualInterruptible>
  </JobDef>
  
  <JobDef>
    <defName>SpectateCeremony</defName>
    <driverClass>JobDriver_Spectate</driverClass>
    <reportString>spectating.</reportString>
    <neverShowWeapon>true</neverShowWeapon>
  </JobDef>
  
  <JobDef>
    <defName>StandAndBeSociallyActive</defName>
    <driverClass>JobDriver_StandAndBeSociallyActive</driverClass>
    <reportString>relaxing socially.</reportString>
    <neverShowWeapon>true</neverShowWeapon>
  </JobDef>

  <JobDef>
    <defName>GiveSpeech</defName>
    <driverClass>JobDriver_GiveSpeech</driverClass>
    <reportString>talking.</reportString>
    <casualInterruptible>false</casualInterruptible>
  </JobDef>
  
</Defs>