﻿<?xml version="1.0" encoding="utf-8" ?>
<Defs>

  <!-- Meditative -->

  <JobDef>
    <defName>Skygaze</defName>
    <driverClass>JobDriver_Skygaze</driverClass>
    <reportString>skygazing.</reportString>
    <joyDuration>4000</joyDuration>
    <joyKind>Meditative</joyKind>
  </JobDef>

  <JobDef>
    <defName>Meditate</defName>
    <driverClass>JobDriver_Meditate</driverClass>
    <reportString>meditating.</reportString>
    <joyDuration>5000</joyDuration>
    <joyKind>Meditative</joyKind>
    <taleOnCompletion>Meditated</taleOnCompletion>
  </JobDef>

  <JobDef>
    <defName>Pray</defName>
    <driverClass>JobDriver_RelaxAlone</driverClass>
    <reportString>praying.</reportString>
    <joyDuration>3000</joyDuration>
    <joyKind>Meditative</joyKind>
    <taleOnCompletion>Prayed</taleOnCompletion>
  </JobDef>

  <JobDef>
    <defName>GoForWalk</defName>
    <driverClass>JobDriver_GoForWalk</driverClass>
    <reportString>going for a walk.</reportString>
    <joyDuration>8000</joyDuration>
    <joyKind>Meditative</joyKind>
  </JobDef>

  <JobDef>
    <defName>BuildSnowman</defName>
    <driverClass>JobDriver_BuildSnowman</driverClass>
    <reportString>building snowman.</reportString>
    <joyDuration>8000</joyDuration>
    <joyKind>Meditative</joyKind>
    <taleOnCompletion>BuiltSnowman</taleOnCompletion>
  </JobDef>

  <JobDef>
    <defName>VisitGrave</defName>
    <driverClass>JobDriver_VisitGrave</driverClass>
    <reportString>visiting grave.</reportString>
    <joyDuration>4000</joyDuration>
    <joyKind>Meditative</joyKind>
    <taleOnCompletion>VisitedGrave</taleOnCompletion>
  </JobDef>
  
  <JobDef>
    <defName>ViewArt</defName>
    <driverClass>JobDriver_ViewArt</driverClass>
    <reportString>viewing art.</reportString>
    <joyDuration>4000</joyDuration>
    <joyKind>Meditative</joyKind>
  </JobDef>
    
  <!-- Social -->

  <JobDef>
    <defName>SocialRelax</defName>
    <driverClass>JobDriver_SocialRelax</driverClass>
    <reportString>relaxing socially.</reportString>
    <joyDuration>4000</joyDuration>
    <joyKind>Social</joyKind>
  </JobDef>

  <JobDef>
    <defName>VisitSickPawn</defName>
    <driverClass>JobDriver_VisitSickPawn</driverClass>
    <reportString>cheering up patient TargetA.</reportString>
    <joyDuration>1500</joyDuration>
    <joyKind>Social</joyKind>
    <allowOpportunisticPrefix>true</allowOpportunisticPrefix>
  </JobDef>
  
  <!-- Building interaction -->

  <JobDef>
    <defName>Play_Horseshoes</defName>
    <driverClass>JobDriver_PlayHorseshoes</driverClass>
    <reportString>playing horseshoes.</reportString>
    <joyDuration>4000</joyDuration>
    <joyMaxParticipants>3</joyMaxParticipants>
    <joySkill>Shooting</joySkill>
    <joyXpPerTick>0.003</joyXpPerTick>
    <joyKind>Gaming_Dexterity</joyKind>
    <taleOnCompletion>PlayedGame</taleOnCompletion>
    <allowOpportunisticPrefix>true</allowOpportunisticPrefix>
  </JobDef>

  <JobDef>
    <defName>Play_Hoopstone</defName>
    <driverClass>JobDriver_PlayHoopstone</driverClass>
    <reportString>playing hoopstone.</reportString>
    <joyDuration>4000</joyDuration>
    <joyMaxParticipants>3</joyMaxParticipants>
    <joySkill>Shooting</joySkill>
    <joyXpPerTick>0.003</joyXpPerTick>
    <joyKind>Gaming_Dexterity</joyKind>
    <taleOnCompletion>PlayedGame</taleOnCompletion>
    <allowOpportunisticPrefix>true</allowOpportunisticPrefix>
  </JobDef>

  <JobDef>
    <defName>Play_GameOfUr</defName>
    <driverClass>JobDriver_SitFacingBuilding</driverClass>
    <reportString>playing the game of Ur.</reportString>
    <joyDuration>4000</joyDuration>
    <joyMaxParticipants>2</joyMaxParticipants>
    <joySkill>Intellectual</joySkill>
    <joyXpPerTick>0.0015</joyXpPerTick>
    <joyKind>Gaming_Cerebral</joyKind>
    <taleOnCompletion>PlayedGame</taleOnCompletion>
    <allowOpportunisticPrefix>true</allowOpportunisticPrefix>
  </JobDef>

  <JobDef>
    <defName>Play_Chess</defName>
    <driverClass>JobDriver_SitFacingBuilding</driverClass>
    <reportString>playing chess.</reportString>
    <joyDuration>4000</joyDuration>
    <joyMaxParticipants>2</joyMaxParticipants>
    <joySkill>Intellectual</joySkill>
    <joyXpPerTick>0.002</joyXpPerTick>
    <joyKind>Gaming_Cerebral</joyKind>
    <taleOnCompletion>PlayedGame</taleOnCompletion>
    <allowOpportunisticPrefix>true</allowOpportunisticPrefix>
  </JobDef>

  <JobDef>
    <defName>Play_Billiards</defName>
    <driverClass>JobDriver_PlayBilliards</driverClass>
    <reportString>playing billiards.</reportString>
    <joyDuration>4000</joyDuration>
    <joyMaxParticipants>2</joyMaxParticipants>
    <joySkill>Shooting</joySkill>
    <joyXpPerTick>0.004</joyXpPerTick>
    <joyKind>Gaming_Dexterity</joyKind>
    <taleOnCompletion>PlayedGame</taleOnCompletion>
    <allowOpportunisticPrefix>true</allowOpportunisticPrefix>
  </JobDef>

  <JobDef>
    <defName>Play_Poker</defName>
    <driverClass>JobDriver_PlayPoker</driverClass>
    <reportString>playing poker.</reportString>
    <joyDuration>4000</joyDuration>
    <joyMaxParticipants>4</joyMaxParticipants>
    <joySkill>Intellectual</joySkill>
    <joyXpPerTick>0.004</joyXpPerTick>
    <joyKind>Gaming_Cerebral</joyKind>
    <taleOnCompletion>PlayedGame</taleOnCompletion>
    <allowOpportunisticPrefix>true</allowOpportunisticPrefix>
  </JobDef>

  <JobDef>
    <defName>WatchTelevision</defName>
    <driverClass>JobDriver_WatchTelevision</driverClass>
    <reportString>watching television.</reportString>
    <joyDuration>4000</joyDuration>
    <joyMaxParticipants>8</joyMaxParticipants>
    <joyKind>Television</joyKind>
    <allowOpportunisticPrefix>true</allowOpportunisticPrefix>
  </JobDef>

  <JobDef>
    <defName>UseTelescope</defName>
    <driverClass>JobDriver_WatchBuilding</driverClass>
    <reportString>using telescope.</reportString>
    <joyDuration>4000</joyDuration>
    <joyMaxParticipants>1</joyMaxParticipants>
    <joySkill>Intellectual</joySkill>
    <joyXpPerTick>0.004</joyXpPerTick>
    <joyKind>Telescope</joyKind>
    <allowOpportunisticPrefix>true</allowOpportunisticPrefix>
  </JobDef>

  <!-- Instruments (DLC) -->
  <JobDef>
    <defName>Play_MusicalInstrument</defName>
    <driverClass>JobDriver_PlayMusicalInstrument</driverClass>
    <reportString>playing TargetA.</reportString>
    <joyDuration>4000</joyDuration>
    <joyMaxParticipants>1</joyMaxParticipants>
    <joySkill>Artistic</joySkill>
    <joyXpPerTick>0.0015</joyXpPerTick>
    <joyKind>HighCulture</joyKind>
    <allowOpportunisticPrefix>true</allowOpportunisticPrefix>
  </JobDef>
  
</Defs>