﻿<?xml version="1.0" encoding="utf-8" ?>
<Defs>

  <ThingDef Name="PlantBaseNonEdible" Abstract="True">
    <category>Plant</category>
    <thingClass>Plant</thingClass>
    <altitudeLayer>LowPlant</altitudeLayer>
    <useHitPoints>True</useHitPoints>
    <statBases>
      <Flammability>1</Flammability>
      <BeautyOutdoors>1</BeautyOutdoors>
    </statBases>
    <tickerType>Long</tickerType>
    <selectable>False</selectable>
    <neverMultiSelect>True</neverMultiSelect>
    <drawerType>MapMeshOnly</drawerType>
    <pathCostIgnoreRepeat>false</pathCostIgnoreRepeat>
    <graphicData>
      <graphicClass>Graphic_Random</graphicClass>
      <shaderType>CutoutPlant</shaderType>
    </graphicData>
    <plant>
      <fertilityMin>0.7</fertilityMin>
      <fertilitySensitivity>1.0</fertilitySensitivity>
      <soundHarvesting>Harvest_Standard</soundHarvesting>
      <soundHarvestFinish>Harvest_Standard_Finish</soundHarvestFinish>
      <sowWork>170</sowWork>
      <harvestWork>200</harvestWork>
      <visualSizeRange>0.3~1.00</visualSizeRange>
      <topWindExposure>0.1</topWindExposure>
    </plant>
    <thingCategories>
      <li>Plants</li>
    </thingCategories>
  </ThingDef>

  <ThingDef ParentName="PlantBaseNonEdible" Name="PlantBase" Abstract="True">
    <ingestible>
      <foodType>Plant</foodType>
      <preferability>RawBad</preferability>
    </ingestible>
  </ThingDef>

  <ThingDef ParentName="PlantBase" Name="BushBase" Abstract="True">
    <statBases>
      <MaxHitPoints>120</MaxHitPoints>
      <Nutrition>0.5</Nutrition>
    </statBases>
    <graphicData>
      <shadowData>
        <volume>(0.55, 0.2, 0.2)</volume>
        <offset>(0,0,-0.25)</offset>
      </shadowData>
    </graphicData>
    <selectable>true</selectable>
    <fillPercent>0.20</fillPercent>
    <pathCost>30</pathCost>
    <ingestible />
    <plant>
      <fertilitySensitivity>0.5</fertilitySensitivity>
      <growDays>3</growDays>
      <wildClusterRadius>4</wildClusterRadius>
      <wildClusterWeight>5</wildClusterWeight>
      <visualSizeRange>0.7~1.1</visualSizeRange>
      <topWindExposure>0.20</topWindExposure>
      <wildOrder>2</wildOrder>
    </plant>
  </ThingDef>

  <ThingDef ParentName="PlantBase" Name="TreeBase" Abstract="True">
    <statBases>
      <MaxHitPoints>200</MaxHitPoints>
      <Flammability>0.8</Flammability>
      <Nutrition>2.0</Nutrition>
      <Mass>150</Mass>
    </statBases>
    <altitudeLayer>Building</altitudeLayer>
    <selectable>true</selectable>
    <fillPercent>0.25</fillPercent>
    <minifiedDef>MinifiedTree</minifiedDef>
    <rotatable>false</rotatable>
    <graphicData>
      <shadowData>
        <volume>(0.2, 0.35, 0.13)</volume>
        <offset>(0,0,-0.42)</offset>
      </shadowData>
    </graphicData>
    <passability>PassThroughOnly</passability>
    <pathCost>42</pathCost>
    <blockWind>true</blockWind>
    <ingestible>
      <foodType>Tree</foodType>
      <preferability>RawBad</preferability>
    </ingestible>
    <plant>
      <lifespanDaysPerGrowDays>9</lifespanDaysPerGrowDays>
      <fertilitySensitivity>0.5</fertilitySensitivity>
      <soundHarvesting>Harvest_Tree</soundHarvesting>
      <soundHarvestFinish>Harvest_Tree_Finish</soundHarvestFinish>
      <sowWork>4000</sowWork>
      <sowMinSkill>6</sowMinSkill>
      <sowResearchPrerequisites>
        <li>TreeSowing</li>
      </sowResearchPrerequisites>
      <mustBeWildToSow>true</mustBeWildToSow>
      <harvestWork>800</harvestWork>
      <harvestedThingDef>WoodLog</harvestedThingDef>
      <harvestYield>25</harvestYield>
      <harvestTag>Wood</harvestTag>
      <harvestMinGrowth>0.40</harvestMinGrowth>
      <harvestFailable>false</harvestFailable>
      <blockAdjacentSow>true</blockAdjacentSow>
      <treeLoversCareIfChopped>true</treeLoversCareIfChopped>
      <burnedThingDef>BurnedTree</burnedThingDef>
      <choppedThingDef>ChoppedStump</choppedThingDef>
      <smashedThingDef>SmashedStump</smashedThingDef>
      <treeCategory>Full</treeCategory>
      <sowTags>
        <li>Ground</li>
      </sowTags>
      <visualSizeRange>1.5~2.0</visualSizeRange>
      <topWindExposure>0.25</topWindExposure>
      <wildClusterRadius>8</wildClusterRadius>
      <wildClusterWeight>24</wildClusterWeight>
      <wildOrder>3</wildOrder>
      <interferesWithRoof>true</interferesWithRoof>
    </plant>
  </ThingDef>

  <ThingDef ParentName="TreeBase" Name="DeciduousTreeBase" Abstract="True">
    <graphicData>
      <shaderParameters>
        <_FallColorSource>(0.3803, 0.4352, 0.1451)</_FallColorSource>
        <_FallColorDestination>/Other/TreeFallGradient</_FallColorDestination>
        <_FallTransitionRange>(0.02, 0.10)</_FallTransitionRange>
        <_FallBehaviorEnabled>1</_FallBehaviorEnabled>
      </shaderParameters>
    </graphicData>
  </ThingDef>
  
</Defs>
