﻿<?xml version="1.0" encoding="utf-8" ?>
<Defs>

  <ThingDef Name="CavePlantBase" ParentName="PlantBase" Abstract="True">
    <plant>
      <neverBlightable>true</neverBlightable>
      <growMinGlow>0</growMinGlow>
      <growOptimalGlow>0</growOptimalGlow>
      <cavePlant>true</cavePlant>
      <wildOrder>1</wildOrder>
      <wildEqualLocalDistribution>false</wildEqualLocalDistribution>
    </plant>
  </ThingDef>

  <ThingDef ParentName="CavePlantBase">
    <defName>Glowstool</defName>
    <label>glowstool</label>
    <description>A small brown mushroom typically found in caves. It smells like an old, dirty rag pulled from the stomach of a rotting muffalo - but it tastes surprisingly good when cooked. Dies when exposed to light.</description>
    <statBases>
      <MaxHitPoints>100</MaxHitPoints>
      <Beauty>2</Beauty>
      <BeautyOutdoors>2</BeautyOutdoors>
      <Nutrition>0.5</Nutrition>
    </statBases>
    <graphicData>
      <texPath>Things/Plant/Glowstool</texPath>
      <graphicClass>Graphic_Random</graphicClass>
    </graphicData>
    <selectable>true</selectable>
    <neverMultiSelect>false</neverMultiSelect>
    <pathCost>14</pathCost>
    <ingestible />
    <plant>
      <fertilityMin>0.01</fertilityMin>
      <fertilitySensitivity>0.15</fertilitySensitivity>
      <growDays>40</growDays>
      <dieIfLeafless>true</dieIfLeafless>
      <harvestYield>20</harvestYield>
      <harvestTag>Standard</harvestTag>
      <harvestedThingDef>RawFungus</harvestedThingDef>
      <maxMeshCount>4</maxMeshCount>
      <neverBlightable>true</neverBlightable>
      <visualSizeRange>0.4~0.7</visualSizeRange>
      <topWindExposure>0.05</topWindExposure>
      <wildClusterRadius>3</wildClusterRadius>
      <wildClusterWeight>5</wildClusterWeight>
      <purpose>Food</purpose>
      <pollution>Any</pollution>
    </plant>
    <comps>
      <li Class="CompProperties_Glower">
        <glowRadius>5.9</glowRadius>
        <glowColor>(10,50,64,0)</glowColor>
      </li>
    </comps>
  </ThingDef>

  <ThingDef ParentName="CavePlantBase">
    <defName>Agarilux</defName>
    <label>agarilux</label>
    <description>An enormous purple mushroom. Its size and glowing protrusions make this fungus beautiful to look at. It dies when exposed to light.</description>
    <statBases>
      <MaxHitPoints>150</MaxHitPoints>
      <Beauty>4</Beauty>
      <BeautyOutdoors>4</BeautyOutdoors>
      <Nutrition>0.75</Nutrition>
    </statBases>
    <graphicData>
      <texPath>Things/Plant/Agarilux</texPath>
      <graphicClass>Graphic_Random</graphicClass>
      <shadowData>
        <volume>(0.2, 0.3, 0.13)</volume>
        <offset>(-0.03,0,-0.44)</offset>
      </shadowData>
    </graphicData>
    <selectable>true</selectable>
    <neverMultiSelect>false</neverMultiSelect>
    <pathCost>30</pathCost>
    <ingestible />
    <plant>
      <fertilityMin>0.01</fertilityMin>
      <fertilitySensitivity>0.15</fertilitySensitivity>
      <growDays>60</growDays>
      <dieIfLeafless>true</dieIfLeafless>
      <harvestYield>35</harvestYield>
      <harvestTag>Standard</harvestTag>
      <harvestedThingDef>RawFungus</harvestedThingDef>
      <neverBlightable>true</neverBlightable>
      <visualSizeRange>0.9~1.5</visualSizeRange>
      <topWindExposure>0.1</topWindExposure>
      <cavePlantWeight>0.17</cavePlantWeight>
      <purpose>Food</purpose>
      <pollution>Any</pollution>
    </plant>
    <comps>
      <li Class="CompProperties_Glower">
        <glowRadius>10</glowRadius>
        <glowColor>(23,15,30,0)</glowColor>
      </li>
    </comps>
  </ThingDef>

  <ThingDef ParentName="CavePlantBase">
    <defName>Bryolux</defName>
    <label>bryolux</label>
    <description>A blue moss typically found in deep, dark caves. It is sticky, with tangled fibers, which slows anyone walking over it. Dies when exposed to light.</description>
    <statBases>
      <MaxHitPoints>100</MaxHitPoints>
      <Beauty>1</Beauty>
      <Nutrition>0.3</Nutrition>
    </statBases>
    <graphicData>
      <texPath>Things/Plant/Bryolux</texPath>
      <graphicClass>Graphic_Random</graphicClass>
    </graphicData>
    <selectable>true</selectable>
    <pathCost>30</pathCost>
    <ingestible />
    <plant>
      <fertilityMin>0.01</fertilityMin>
      <fertilitySensitivity>0.15</fertilitySensitivity>
      <growDays>60</growDays>
      <dieIfLeafless>true</dieIfLeafless>
      <maxMeshCount>4</maxMeshCount>
      <neverBlightable>true</neverBlightable>
      <visualSizeRange>0.82~0.95</visualSizeRange>
      <topWindExposure>0.02</topWindExposure>
      <wildClusterRadius>3</wildClusterRadius>
      <wildClusterWeight>5</wildClusterWeight>
      <pollution>Any</pollution>
    </plant>
    <comps>
      <li Class="CompProperties_Glower">
        <glowRadius>10</glowRadius>
        <glowColor>(5,5,25,0)</glowColor>
      </li>
    </comps>
  </ThingDef>

</Defs>
