﻿<?xml version="1.0" encoding="utf-8"?>
<Defs>

  <SoundDef>
    <defName>Pawn_Frog_Call</defName>
    <context>MapOnly</context>
    <subSounds>
      <li>
        <grains>
          <li Class="AudioGrain_Folder">
            <clipFolderPath>Pawn/Animal/Bullfrog/Call</clipFolderPath>
          </li>
        </grains>
        <volumeRange>18~22</volumeRange>
        <pitchRange>0.8~1.2</pitchRange>
        <distRange>0~30</distRange>
        <sustainLoop>False</sustainLoop>
      </li>
    </subSounds>
  </SoundDef>

  <SoundDef>
    <defName>Pawn_Frog_Angry</defName>
    <context>MapOnly</context>
    <subSounds>
      <li>
        <grains>
          <li Class="AudioGrain_Folder">
            <clipFolderPath>Pawn/Animal/Bullfrog/Angry</clipFolderPath>
          </li>
        </grains>
        <volumeRange>25</volumeRange>
        <pitchRange>0.9~1.1</pitchRange>
        <distRange>0~30</distRange>
        <sustainLoop>False</sustainLoop>
      </li>
    </subSounds>
  </SoundDef>

  <SoundDef>
    <defName>Pawn_Frog_Death</defName>
    <context>MapOnly</context>
    <subSounds>
      <li>
        <grains>
          <li Class="AudioGrain_Folder">
            <clipFolderPath>Pawn/Animal/Bullfrog/Death</clipFolderPath>
          </li>
        </grains>
        <volumeRange>24</volumeRange>
        <pitchRange>0.9~1.1</pitchRange>
        <distRange>0~30</distRange>
        <sustainLoop>False</sustainLoop>
      </li>
    </subSounds>
  </SoundDef>

  <SoundDef>
    <defName>Pawn_Frog_Wounded</defName>
    <context>MapOnly</context>
    <subSounds>
      <li>
        <grains>
          <li Class="AudioGrain_Folder">
            <clipFolderPath>Pawn/Animal/Bullfrog/Pain</clipFolderPath>
          </li>
        </grains>
        <volumeRange>18~22</volumeRange>
        <pitchRange>0.9~1.1</pitchRange>
        <distRange>0~30</distRange>
        <sustainLoop>False</sustainLoop>
      </li>
    </subSounds>
  </SoundDef>


</Defs>