﻿<?xml version="1.0" encoding="utf-8"?>
<Defs>
  <!-- Hunter -->

  <SoundDef>
    <defName>Pawn_Hunter_Call</defName>
    <context>MapOnly</context>
    <subSounds>
      <li>
        <grains>
          <li Class="AudioGrain_Folder">
            <clipFolderPath>Pawn/Drone/Hunter/Call</clipFolderPath>
          </li>
        </grains>
        <volumeRange>28~32</volumeRange>
        <pitchRange>0.8~1.2</pitchRange>
        <distRange>0~30</distRange>
        <sustainLoop>False</sustainLoop>
      </li>
    </subSounds>
  </SoundDef>

  <SoundDef>
    <defName>Pawn_Hunter_Death</defName>
    <context>MapOnly</context>
    <subSounds>
      <li>
        <grains>
          <li Class="AudioGrain_Folder">
            <clipFolderPath>Pawn/Drone/Hunter/Death</clipFolderPath>
          </li>
        </grains>
        <volumeRange>34</volumeRange>
        <pitchRange>0.9~1.1</pitchRange>
        <distRange>0~30</distRange>
        <sustainLoop>False</sustainLoop>
      </li>
    </subSounds>
  </SoundDef>

  <SoundDef>
    <defName>Pawn_Hunter_Wounded</defName>
    <context>MapOnly</context>
    <subSounds>
      <li>
        <grains>
          <li Class="AudioGrain_Folder">
            <clipFolderPath>Pawn/Drone/Hunter/Pain</clipFolderPath>
          </li>
        </grains>
        <volumeRange>28~32</volumeRange>
        <pitchRange>0.9~1.1</pitchRange>
        <distRange>0~30</distRange>
        <sustainLoop>False</sustainLoop>
      </li>
    </subSounds>
  </SoundDef>

  <!-- Wasp -->

  <SoundDef>
    <defName>Pawn_Wasp_Call</defName>
    <context>MapOnly</context>
    <subSounds>
      <li>
        <grains>
          <li Class="AudioGrain_Folder">
            <clipFolderPath>Pawn/Drone/Wasp/Call</clipFolderPath>
          </li>
        </grains>
        <volumeRange>10~12</volumeRange>
        <pitchRange>0.8~1.2</pitchRange>
        <distRange>0~30</distRange>
        <sustainLoop>False</sustainLoop>
      </li>
    </subSounds>
  </SoundDef>

  <SoundDef>
    <defName>Pawn_Wasp_Death</defName>
    <context>MapOnly</context>
    <subSounds>
      <li>
        <grains>
          <li Class="AudioGrain_Folder">
            <clipFolderPath>Pawn/Drone/Wasp/Death</clipFolderPath>
          </li>
        </grains>
        <volumeRange>14</volumeRange>
        <pitchRange>0.9~1.1</pitchRange>
        <distRange>0~30</distRange>
        <sustainLoop>False</sustainLoop>
      </li>
    </subSounds>
  </SoundDef>

  <SoundDef>
    <defName>Pawn_Wasp_Wounded</defName>
    <context>MapOnly</context>
    <subSounds>
      <li>
        <grains>
          <li Class="AudioGrain_Folder">
            <clipFolderPath>Pawn/Drone/Wasp/Pain</clipFolderPath>
          </li>
        </grains>
        <volumeRange>10~12</volumeRange>
        <pitchRange>0.9~1.1</pitchRange>
        <distRange>0~30</distRange>
        <sustainLoop>False</sustainLoop>
      </li>
    </subSounds>
  </SoundDef>

  <!-- Sentry -->

  <SoundDef>
    <defName>Pawn_Sentry_Call</defName>
    <context>MapOnly</context>
    <subSounds>
      <li>
        <grains>
          <li Class="AudioGrain_Folder">
            <clipFolderPath>Pawn/Drone/Sentry/Call</clipFolderPath>
          </li>
        </grains>
        <volumeRange>28~32</volumeRange>
        <pitchRange>0.8~1.2</pitchRange>
        <distRange>0~30</distRange>
        <sustainLoop>False</sustainLoop>
      </li>
    </subSounds>
  </SoundDef>

  <SoundDef>
    <defName>Pawn_Sentry_Death</defName>
    <context>MapOnly</context>
    <subSounds>
      <li>
        <grains>
          <li Class="AudioGrain_Folder">
            <clipFolderPath>Pawn/Drone/Sentry/Death</clipFolderPath>
          </li>
        </grains>
        <volumeRange>34</volumeRange>
        <pitchRange>0.9~1.1</pitchRange>
        <distRange>0~30</distRange>
        <sustainLoop>False</sustainLoop>
      </li>
    </subSounds>
  </SoundDef>

  <SoundDef>
    <defName>Pawn_Sentry_Wounded</defName>
    <context>MapOnly</context>
    <subSounds>
      <li>
        <grains>
          <li Class="AudioGrain_Folder">
            <clipFolderPath>Pawn/Drone/Sentry/Pain</clipFolderPath>
          </li>
        </grains>
        <volumeRange>28~32</volumeRange>
        <pitchRange>0.9~1.1</pitchRange>
        <distRange>0~30</distRange>
        <sustainLoop>False</sustainLoop>
      </li>
    </subSounds>
  </SoundDef>
</Defs>