﻿<?xml version="1.0" encoding="utf-8" ?>
<Defs>

  <HediffDef>
    <defName>BloodLoss</defName>
    <label>blood loss</label>
    <description>A reduction in the normal blood volume. Minor blood loss has relatively mild effects, but when blood loss becomes severe, oxygen transport becomes badly impaired and the victim loses the ability to move. Extreme blood loss leads to death.
\nBlood loss naturally recovers over time as the body slowly regenerates its blood supply.</description>
    <lethalSeverity>1</lethalSeverity>
    <stages>
      <li>
        <label>minor</label>
        <becomeVisible>false</becomeVisible>
      </li>
      <li>
        <minSeverity>0.15</minSeverity>
        <label>minor</label>
        <capMods>
          <li>
            <capacity>Consciousness</capacity>
            <offset>-0.1</offset>
          </li>
        </capMods>
      </li>
      <li>
        <minSeverity>0.30</minSeverity>
        <label>moderate</label>
        <capMods>
          <li>
            <capacity>Consciousness</capacity>
            <offset>-0.2</offset>
          </li>
        </capMods>
      </li>
      <li>
        <minSeverity>0.45</minSeverity>
        <label>severe</label>
        <capMods>
          <li>
            <capacity>Consciousness</capacity>
            <offset>-0.4</offset>
          </li>
        </capMods>
      </li>
      <li>
        <minSeverity>0.60</minSeverity>
        <label>extreme</label>
        <lifeThreatening>true</lifeThreatening>
        <capMods>
          <li>
            <capacity>Consciousness</capacity>
            <offset>-0.4</offset>
          </li>
          <li>
            <capacity>Consciousness</capacity>
            <setMax>0.1</setMax>
          </li>
        </capMods>
      </li>
    </stages>
  </HediffDef>


  <HediffDef Name="DiseaseBase" Abstract="True">
    <hediffClass>HediffWithComps</hediffClass>
    <defaultLabelColor>(0.9, 1.0, 0.35)</defaultLabelColor>
    <initialSeverity>0.001</initialSeverity>
    <removeOnRedressChanceByDaysCurve>
      <points>
        <li>(0, 0)</li>
        <li>(2, 0)</li>
        <li>(7, 0.5)</li>
        <li>(20, 1)</li>
      </points>
    </removeOnRedressChanceByDaysCurve>
  </HediffDef>

  <HediffDef ParentName="DiseaseBase">
    <defName>Anesthetic</defName>
    <label>anesthetic</label>
    <description>Sleep drugs in the bloodstream. Anesthetic renders creatures unconscious.</description>
    <isBad>false</isBad>
    <initialSeverity>1</initialSeverity>
    <maxSeverity>1</maxSeverity>
    <comps>
      <li Class="HediffCompProperties_Disappears">
        <disappearsAfterTicks>45000~120000</disappearsAfterTicks>
        <showRemainingTime>true</showRemainingTime>
      </li>
      <li Class="HediffCompProperties_SeverityPerDay">
        <severityPerDay>-0.8</severityPerDay>
      </li>
    </comps>
    <stages>
      <li>
        <label>wearing off</label>
        <painFactor>0.95</painFactor>
        <vomitMtbDays>4</vomitMtbDays>
        <capMods>
          <li>
            <capacity>Consciousness</capacity>
            <setMax>0.9</setMax>
          </li>
          <li>
            <capacity>Manipulation</capacity>
            <offset>-0.1</offset>
          </li>
          <li>
            <capacity>Moving</capacity>
            <offset>-0.05</offset>
          </li>
        </capMods>
        <mentalStateGivers>
          <li>
            <mentalState>WanderConfused</mentalState>
            <mtbDays>50</mtbDays>
          </li>
        </mentalStateGivers>
      </li>
      <li>
        <minSeverity>0.6</minSeverity>
        <label>woozy</label>
        <painFactor>0.8</painFactor>
        <vomitMtbDays>0.25</vomitMtbDays>
        <capMods>
          <li>
            <capacity>Consciousness</capacity>
            <setMax>0.7</setMax>
          </li>
          <li>
            <capacity>Moving</capacity>
            <offset>-0.2</offset>
          </li>
          <li>
            <capacity>Manipulation</capacity>
            <offset>-0.2</offset>
          </li>
          <li>
            <capacity>Talking</capacity>
            <offset>-0.2</offset>
          </li>
          <li>
            <capacity>Metabolism</capacity>
            <offset>-0.2</offset>
          </li>
          <li>
            <capacity>Sight</capacity>
            <offset>-0.15</offset>
          </li>
        </capMods>
        <forgetMemoryThoughtMtbDays>5</forgetMemoryThoughtMtbDays>
        <mentalStateGivers>
          <li>
            <mentalState>WanderConfused</mentalState>
            <mtbDays>5</mtbDays>
          </li>
        </mentalStateGivers>
      </li>
      <li>
        <minSeverity>0.8</minSeverity>
        <label>sedated</label>
        <painFactor>0</painFactor>
        <capMods>
          <li>
            <capacity>Consciousness</capacity>
            <setMax>0.01</setMax>
          </li>
        </capMods>
      </li>
    </stages>
  </HediffDef>

  <HediffDef ParentName="DiseaseBase">
    <defName>CatatonicBreakdown</defName>
    <label>catatonic breakdown</label>
    <labelNoun>a catatonic breakdown</labelNoun>
    <description>A state of mental shock which leads to a total inability to function. The victim collapses, effectively unconscious.</description>
    <comps>
      <li Class="HediffCompProperties_Disappears">
        <disappearsAfterTicks>100000~300000</disappearsAfterTicks>
      </li>
      <li Class="HediffCompProperties_RecoveryThought">
        <thought>Catharsis</thought>
      </li>
    </comps>
    <stages>
      <li>
        <capMods>
          <li>
            <capacity>Consciousness</capacity>
            <setMax>0.1</setMax>
          </li>
        </capMods>
      </li>
    </stages>
  </HediffDef>

  <HediffDef ParentName="DiseaseBase">
    <defName>PsychicShock</defName>
    <label>psychic shock</label>
    <labelNoun>a psychic shock</labelNoun>
    <description>A state of psychic chaos in the brain and mind. Caused by psychic attacks or critical level of neural heat, this effect is debilitating until it wears off.</description>
    <comps>
      <li Class="HediffCompProperties_Disappears">
        <disappearsAfterTicks>7500~7500</disappearsAfterTicks>
      </li>
    </comps>
    <stages>
      <li>
        <capMods>
          <li>
            <capacity>Consciousness</capacity>
            <setMax>0.1</setMax>
          </li>
        </capMods>
      </li>
    </stages>
  </HediffDef>

  <HediffDef ParentName="DiseaseBase">
    <defName>PsychicComa</defName>
    <label>psychic coma</label>
    <labelNoun>a psychic coma</labelNoun>
    <description>A form of benign coma during which the brain recovers from a psychic overload.</description>
    <comps>
      <li Class="HediffCompProperties_Disappears">
        <disappearsAfterTicks>7500~7500</disappearsAfterTicks>
      </li>
    </comps>
    <stages>
      <li>
        <capMods>
          <li>
            <capacity>Consciousness</capacity>
            <setMax>0.1</setMax>
          </li>
        </capMods>
      </li>
    </stages>
  </HediffDef>

  <HediffDef ParentName="DiseaseBase">
    <defName>PsychicHangover</defName>
    <label>psychic hangover</label>
    <labelNoun>a psychic hangover</labelNoun>
    <description>An after-effect of neural heat. Psychic hangover is bothersome, but not dangerous.</description>
    <comps>
      <li Class="HediffCompProperties_Disappears">
        <disappearsAfterTicks>
          <min>60000</min>
          <max>60000</max>
        </disappearsAfterTicks>
      </li>
      <li Class="HediffCompProperties_SeverityPerDay">
        <severityPerDay>1.0</severityPerDay>
      </li>
    </comps>
    <stages>
      <li>
        <label>forming</label>
        <minSeverity>0.0</minSeverity>
      </li>
      <li>
        <label>buzzing</label>
        <minSeverity>0.0625</minSeverity>
        <capMods>
          <li>
            <capacity>Consciousness</capacity>
            <postFactor>0.8</postFactor>
          </li>
          <li>
            <capacity>Manipulation</capacity>
            <postFactor>0.8</postFactor>
          </li>
        </capMods>
        <hungerRateFactor>1.5</hungerRateFactor>
        <restFallFactor>1.5</restFallFactor>
      </li>
    </stages>
  </HediffDef>

  <HediffDef>
    <defName>BrainShock</defName>
    <label>brain shock</label>
    <labelNoun>a brain shock</labelNoun>
    <description>After-effects of an electrical shock to the brain. This is generally cause by feedback from brain implants hit by EMP pulses.</description>
    <hediffClass>HediffWithComps</hediffClass>
    <comps>
      <li Class="HediffCompProperties_Disappears">
        <disappearsAfterTicks>2500~3500</disappearsAfterTicks>
      </li>
    </comps>
    <stages>
      <li>
        <capMods>
          <li>
            <capacity>Consciousness</capacity>
            <setMax>0.1</setMax>
          </li>
        </capMods>
      </li>
    </stages>
  </HediffDef>
  
  <HediffDef ParentName="DiseaseBase">
    <defName>CryptosleepSickness</defName>
    <label>cryptosleep sickness</label>
    <description>After-effects of using a cryptosleep pod. Cryptosleep suspends and replaces many bodily functions in order to prevent aging and death. Upon exiting cryptosleep, the body takes time to restart and rebalance its natural metabolic processes. While this is ongoing, the patient suffers from nausea, dizziness, and a sense of fuzziness in the mind.</description>
    <descriptionShort>After-effects of using a cryptosleep pod including dizziness, nausea, and vomiting.</descriptionShort>
    <makesSickThought>true</makesSickThought>
    <scenarioCanAdd>true</scenarioCanAdd>
    <comps>
      <li Class="HediffCompProperties_Disappears">
        <disappearsAfterTicks>8000~12000</disappearsAfterTicks>
        <showRemainingTime>true</showRemainingTime>
      </li>
    </comps>
    <stages>
      <li>
        <vomitMtbDays>0.125</vomitMtbDays>
        <capMods>
          <li>
            <capacity>Consciousness</capacity>
            <postFactor>0.8</postFactor>
          </li>
          <li>
            <capacity>Moving</capacity>
            <postFactor>0.9</postFactor>
          </li>
          <li>
            <capacity>Manipulation</capacity>
            <postFactor>0.9</postFactor>
          </li>
        </capMods>
      </li>
    </stages>
  </HediffDef>

  <HediffDef ParentName="DiseaseBase">
    <defName>FoodPoisoning</defName>
    <label>food poisoning</label>
    <description>Gastrointestinal illness caused by consuming decayed or unclean food. It can be caused by eating rotten food, by incompetent cooks accidentally poisoning meals, or by eating from unsafe wild sources. The patient will vomit and feel sick for some time.</description>
    <scenarioCanAdd>true</scenarioCanAdd>
    <initialSeverity>1</initialSeverity>
    <comps>
      <li Class="HediffCompProperties_SeverityPerDay">
        <severityPerDay>-1</severityPerDay>
      </li>
    </comps>
    <stages>
      <li>
        <label>recovering</label>
        <vomitMtbDays>0.4</vomitMtbDays>
        <painOffset>0.2</painOffset>
        <capMods>
          <li>
            <capacity>Consciousness</capacity>
            <postFactor>0.6</postFactor>
          </li>
          <li>
            <capacity>Moving</capacity>
            <postFactor>0.8</postFactor>
          </li>
          <li>
            <capacity>Manipulation</capacity>
            <postFactor>0.9</postFactor>
          </li>
          <li>
            <capacity>BloodFiltration</capacity>
            <postFactor>0.95</postFactor>
          </li>
          <li>
            <capacity>Eating</capacity>
            <postFactor>0.5</postFactor>
          </li>
        </capMods>
      </li>
      <li>
        <label>major</label>
        <minSeverity>0.2</minSeverity>
        <vomitMtbDays>0.2</vomitMtbDays>
        <painOffset>0.4</painOffset>
        <capMods>
          <li>
            <capacity>Consciousness</capacity>
            <postFactor>0.5</postFactor>
          </li>
          <li>
            <capacity>Moving</capacity>
            <postFactor>0.5</postFactor>
          </li>
          <li>
            <capacity>Manipulation</capacity>
            <postFactor>0.8</postFactor>
          </li>
          <li>
            <capacity>BloodFiltration</capacity>
            <postFactor>0.85</postFactor>
          </li>
          <li>
            <capacity>Talking</capacity>
            <postFactor>0.8</postFactor>
          </li>
          <li>
            <capacity>Eating</capacity>
            <postFactor>0.3</postFactor>
          </li>
        </capMods>
      </li>
      <li>
        <label>initial</label>
        <minSeverity>0.8</minSeverity>
        <vomitMtbDays>0.3</vomitMtbDays>
        <painOffset>0.2</painOffset>
        <capMods>
          <li>
            <capacity>Consciousness</capacity>
            <postFactor>0.6</postFactor>
          </li>
          <li>
            <capacity>Moving</capacity>
            <postFactor>0.8</postFactor>
          </li>
          <li>
            <capacity>Manipulation</capacity>
            <postFactor>0.9</postFactor>
          </li>
          <li>
            <capacity>BloodFiltration</capacity>
            <postFactor>0.95</postFactor>
          </li>
          <li>
            <capacity>Eating</capacity>
            <postFactor>0.5</postFactor>
          </li>
        </capMods>
      </li>
    </stages>
  </HediffDef>

  <HediffDef>
    <defName>ToxicBuildup</defName>
    <label>toxic buildup</label>
    <description>Poison in the bloodstream. This can come from various sources, including environmental toxins, venomous bites, or poisoned weapons.
\nAt high doses, toxic buildup is lethal. Even at low doses, it can generate cancers.
\nIf a creature dies with toxic buildup, there's a chance that they cannot be eaten. The higher the toxic buildup, the higher the chance.</description>
    <hediffClass>HediffWithComps</hediffClass>
    <defaultLabelColor>(0.7, 1.0, 0.7)</defaultLabelColor>
    <lethalSeverity>1</lethalSeverity>
    <makesSickThought>true</makesSickThought>
    <scenarioCanAdd>true</scenarioCanAdd>
    <taleOnVisible>ToxicityRevealed</taleOnVisible>
    <comps>
      <li Class="HediffCompProperties_Immunizable">
        <compClass>HediffComp_ImmunizableToxic</compClass>
        <severityPerDayNotImmune>-0.08</severityPerDayNotImmune>
      </li>
    </comps>
    <stages>
      <li>
        <label>initial</label>
        <becomeVisible>false</becomeVisible>
      </li>
      <li>
        <label>initial</label>
        <minSeverity>0.04</minSeverity>
        <capMods>
          <li>
            <capacity>Consciousness</capacity>
            <offset>-0.05</offset>
          </li>
        </capMods>
      </li>
      <li>
        <label>minor</label>
        <minSeverity>0.2</minSeverity>
        <capMods>
          <li>
            <capacity>Consciousness</capacity>
            <offset>-0.10</offset>
          </li>
        </capMods>
      </li>
      <li>
        <label>moderate</label>
        <minSeverity>0.40</minSeverity>
        <vomitMtbDays>5</vomitMtbDays>
        <capMods>
          <li>
            <capacity>Consciousness</capacity>
            <offset>-0.15</offset>
          </li>
        </capMods>
        <hediffGivers>
          <li Class="HediffGiver_Random">
            <hediff>Dementia</hediff>
            <mtbDays>146</mtbDays>
            <partsToAffect>
              <li>Brain</li>
            </partsToAffect>
          </li>
          <li Class="HediffGiver_Random">
            <hediff>Carcinoma</hediff>
            <mtbDays>438</mtbDays>
            <canAffectAnyLivePart>true</canAffectAnyLivePart>
          </li>
        </hediffGivers>
      </li>
      <li>
        <label>serious</label>
        <minSeverity>0.60</minSeverity>
        <vomitMtbDays>1</vomitMtbDays>
        <capMods>
          <li>
            <capacity>Consciousness</capacity>
            <offset>-0.25</offset>
          </li>
        </capMods>
        <hediffGivers>
          <li Class="HediffGiver_Random">
            <hediff>Dementia</hediff>
            <mtbDays>37</mtbDays>
            <partsToAffect>
              <li>Brain</li>
            </partsToAffect>
          </li>
          <li Class="HediffGiver_Random">
            <hediff>Carcinoma</hediff>
            <mtbDays>111</mtbDays>
            <canAffectAnyLivePart>true</canAffectAnyLivePart>
          </li>
        </hediffGivers>
      </li>
      <li>
        <label>extreme</label>
        <minSeverity>0.80</minSeverity>
        <vomitMtbDays>0.5</vomitMtbDays>
        <capMods>
          <li>
            <capacity>Consciousness</capacity>
            <setMax>0.10</setMax>
          </li>
        </capMods>
        <hediffGivers>
          <li Class="HediffGiver_Random">
            <hediff>Dementia</hediff>
            <mtbDays>13</mtbDays>
            <partsToAffect>
              <li>Brain</li>
            </partsToAffect>
          </li>
          <li Class="HediffGiver_Random">
            <hediff>Carcinoma</hediff>
            <mtbDays>39</mtbDays>
            <canAffectAnyLivePart>true</canAffectAnyLivePart>
          </li>
        </hediffGivers>
      </li>
    </stages>
  </HediffDef>

  <HediffDef>
    <defName>Pregnant</defName>
    <label>pregnant</label>
    <labelNoun>pregnancy</labelNoun>
    <description>This creature is gestating offspring. It will give birth if the pregnancy comes to term. If starved or injured, there may be a miscarriage.</description>
    <hediffClass>Hediff_Pregnant</hediffClass>
    <defaultLabelColor>(0.7, 1.0, 0.7)</defaultLabelColor>
    <isBad>false</isBad>
    <initialSeverity>0.001</initialSeverity>
    <preventsPregnancy>true</preventsPregnancy>
    <pregnant>true</pregnant>
    <comps>
      <li Class="HediffCompProperties_MessageAfterTicks">
        <ticks>600</ticks>
        <message>{0} is pregnant!</message>
        <messageType>PositiveEvent</messageType>
      </li>
    </comps>
    <stages>
      <li>
        <label>early-stage</label>
        <vomitMtbDays>2.5</vomitMtbDays>
      </li>
      <li>
        <label>middle-stage</label>
        <minSeverity>0.333</minSeverity>
        <capMods>
          <li>
            <capacity>Moving</capacity>
            <offset>-0.15</offset>
          </li>
        </capMods>
      </li>
      <li>
        <label>late-stage</label>
        <minSeverity>0.666</minSeverity>
        <vomitMtbDays>2</vomitMtbDays>
        <capMods>
          <li>
            <capacity>Moving</capacity>
            <offset>-0.30</offset>
          </li>
        </capMods>
      </li>
    </stages>
  </HediffDef>

  <HediffDef>
    <defName>HeartAttack</defName>
    <label>heart attack</label>
    <labelNoun>a heart attack</labelNoun>
    <description>A disruption in the heart's normal beating rhythm. Heart attacks can be debilitatingly painful. They can worsen and lead to death, or recover.</description>
    <hediffClass>Hediff_HeartAttack</hediffClass>
    <defaultLabelColor>(1, 0.2, 0.2)</defaultLabelColor>
    <initialSeverity>0.4</initialSeverity>
    <lethalSeverity>1</lethalSeverity>
    <tendable>true</tendable>
    <stages>
      <li>
        <label>painful</label>
        <lifeThreatening>true</lifeThreatening>
        <painOffset>0.4</painOffset>
        <capMods>
          <li>
            <capacity>Consciousness</capacity>
            <postFactor>0.5</postFactor>
          </li>
        </capMods>
      </li>
      <li>
        <label>debilitating</label>
        <minSeverity>0.6</minSeverity>
        <lifeThreatening>true</lifeThreatening>
        <painOffset>0.6</painOffset>
        <capMods>
          <li>
            <capacity>Consciousness</capacity>
            <setMax>0.1</setMax>
          </li>
        </capMods>
      </li>
      <li>
        <label>fatal</label>
        <minSeverity>1</minSeverity>
      </li>
    </stages>
  </HediffDef>

  <HediffDef>
    <defName>DrugOverdose</defName>
    <label>drug overdose</label>
    <labelNoun>a drug overdose</labelNoun>
    <description>Generalized toxic effects due to over-concentration of drugs in the bloodstream.</description>
    <hediffClass>HediffWithComps</hediffClass>
    <defaultLabelColor>(1,0,0.5)</defaultLabelColor>
    <lethalSeverity>1</lethalSeverity>
    <comps>
      <li Class="HediffCompProperties_SeverityPerDay">
        <severityPerDay>-1</severityPerDay>
      </li>
      <li Class="HediffCompProperties_Discoverable">
        <sendLetterWhenDiscovered>true</sendLetterWhenDiscovered>
        <discoverLetterLabel>Overdose: {0}</discoverLetterLabel>
        <discoverLetterText>{0} is overdosing!</discoverLetterText>
      </li>
    </comps>
    <stages>
      <li>
        <label>minor</label>
        <becomeVisible>false</becomeVisible>
      </li>
      <li>
        <label>minor</label>
        <minSeverity>0.50</minSeverity>
        <vomitMtbDays>0.30</vomitMtbDays>
        <capMods>
          <li>
            <capacity>Consciousness</capacity>
            <setMax>0.5</setMax>
          </li>
        </capMods>
      </li>
      <li>
        <label>major</label>
        <minSeverity>0.75</minSeverity>
        <deathMtbDays>3.0</deathMtbDays>
        <capMods>
          <li>
            <capacity>Consciousness</capacity>
            <setMax>0.1</setMax>
          </li>
        </capMods>
        <hediffGivers>
          <li Class="HediffGiver_Random">
            <hediff>ChemicalDamageModerate</hediff>
            <mtbDays>2.5</mtbDays>
            <partsToAffect>
              <li>Brain</li>
            </partsToAffect>
          </li>
        </hediffGivers>
      </li>
    </stages>
  </HediffDef>

  <HediffDef ParentName="DiseaseBase">
    <defName>ResurrectionSickness</defName>
    <label>resurrection sickness</label>
    <description>After-effects of resurrection. Artificially-restarted body processes take time to rebalance themselves.</description>
    <comps>
      <li Class="HediffCompProperties_Disappears">
        <disappearsAfterTicks>90000~150000</disappearsAfterTicks>
        <showRemainingTime>true</showRemainingTime>
      </li>
    </comps>
    <stages>
      <li>
        <vomitMtbDays>0.5</vomitMtbDays>
        <capMods>
          <li>
            <capacity>Moving</capacity>
            <postFactor>0.1</postFactor>
          </li>
          <li>
            <capacity>Manipulation</capacity>
            <postFactor>0.1</postFactor>
          </li>
        </capMods>
      </li>
    </stages>
  </HediffDef>

  <HediffDef>
    <defName>CoveredInFirefoam</defName>
    <description>Covered in a fire-retardant foam.</description>
    <label>covered in firefoam</label>
    <hediffClass>Hediff_CoveredInFirefoam</hediffClass>
    <stages>
      <li>
        <statFactors>
          <Flammability>0</Flammability>
        </statFactors>
      </li>
    </stages>
    <comps>
      <li Class="HediffCompProperties_Disappears">
        <disappearsAfterTicks>900</disappearsAfterTicks>
      </li>
    </comps>
  </HediffDef>

</Defs>