﻿<?xml version="1.0" encoding="utf-8" ?>
<Defs>

  <ThingDef ParentName="ResourceBase">
    <defName>Obsidian</defName>
    <label>obsidian</label>
    <description>A dark, glossy volcanic rock. Brittle but sharp, it makes for intimidating decor or vicious blades.</description>
    <graphicData>
      <texPath>Things/Item/Resource/Obsidian</texPath>
      <graphicClass>Graphic_StackCount</graphicClass>
    </graphicData>
    <useHitPoints>false</useHitPoints>
    <healthAffectsPrice>false</healthAffectsPrice>
    <soundInteract>ChunkRock_Drop</soundInteract>
    <soundDrop>ChunkRock_Drop</soundDrop>
    <statBases>
      <MarketValue>5</MarketValue>
      <Mass>0.5</Mass>
      <StuffPower_Armor_Sharp>0.85</StuffPower_Armor_Sharp>
      <StuffPower_Armor_Blunt>0.4</StuffPower_Armor_Blunt>
      <StuffPower_Armor_Heat>0.7</StuffPower_Armor_Heat>
      <StuffPower_Insulation_Cold>3</StuffPower_Insulation_Cold>
      <StuffPower_Insulation_Heat>0</StuffPower_Insulation_Heat>
      <SharpDamageMultiplier>1.4</SharpDamageMultiplier>
    </statBases>
    <thingCategories>
      <li>ResourcesRaw</li>
    </thingCategories>
    <burnableByRecipe>false</burnableByRecipe>
    <smeltable>false</smeltable>
    <stuffProps>
      <categories>
        <li>Stony</li>
        <li>Metallic</li>
      </categories>
      <commonality>0.01</commonality>
      <color>(50,50,50)</color>
      <constructEffect>ConstructMetal</constructEffect>
      <soundImpactBullet>BulletImpact_Ground</soundImpactBullet>
      <soundImpactMelee>Pawn_Melee_Punch_HitBuilding_Stone</soundImpactMelee>
      <soundMeleeHitSharp>MeleeHit_Stone</soundMeleeHitSharp>
      <soundMeleeHitBlunt>MeleeHit_Stone</soundMeleeHitBlunt>
      <statOffsets>
        <Beauty>8</Beauty>
      </statOffsets>
      <statFactors>
        <MaxHitPoints>0.5</MaxHitPoints>
        <WorkToMake>1.5</WorkToMake>
        <WorkToBuild>5.5</WorkToBuild>
        <Beauty>2</Beauty>
        <Flammability>0</Flammability>
        <MeleeWeapon_CooldownMultiplier>1</MeleeWeapon_CooldownMultiplier>
        <BedRestEffectiveness>0.9</BedRestEffectiveness>
      </statFactors>
    </stuffProps>
    <terrainAffordanceNeeded>Heavy</terrainAffordanceNeeded>
    <allowedArchonexusCount>80</allowedArchonexusCount>
  </ThingDef>

</Defs>
