﻿<?xml version="1.0" encoding="utf-8" ?>
<Defs>

  <ThingDef ParentName="LeatherBase">
    <defName>Leather_Mastodon</defName>
    <label>mastodon leather</label>
    <description>Tanned, dried, scraped mastodon skin. It's tough and an excellent insulator against the cold.</description>
    <graphicData>
      <color>(141,103,70)</color>
    </graphicData>
    <statBases>
      <MarketValue>3.0</MarketValue>
      <StuffPower_Armor_Sharp>1.12</StuffPower_Armor_Sharp>
      <StuffPower_Insulation_Cold>30</StuffPower_Insulation_Cold>
      <StuffPower_Insulation_Heat>12</StuffPower_Insulation_Heat>
    </statBases>
    <stuffProps>
      <color>(141,103,70)</color>
      <commonality>0.025</commonality>
      <statFactors>
        <MaxHitPoints>1.5</MaxHitPoints>
        <Beauty>1.3</Beauty>
      </statFactors>
    </stuffProps>
  </ThingDef>
  
  <ThingDef ParentName="LeatherBase">
    <defName>Leather_Sealskin</defName>
    <label>sealskin</label>
    <description>The tanned skin of various pinnipeds, such as seals, sea lions, and walruses. It's not particularly tough but it is extremely well insulated. Sealskin is luxuriously soft to the touch, fetching a high price.</description>
    <graphicData>
      <color>(159,159,155)</color>
    </graphicData>
    <statBases>
      <MarketValue>4</MarketValue>
      <StuffPower_Insulation_Cold>36</StuffPower_Insulation_Cold>
      <StuffPower_Insulation_Heat>20</StuffPower_Insulation_Heat>
    </statBases>
    <stuffProps>
      <color>(159,159,155)</color>
      <commonality>0.025</commonality>
      <statFactors>
        <MaxHitPoints>1</MaxHitPoints>
        <Beauty>2</Beauty>
      </statFactors>
    </stuffProps>
  </ThingDef>

  <ThingDef ParentName="LeatherBase">
    <defName>Leather_AlphaThrumbo</defName>
    <label>thrumbomane</label>
    <description>The furry pelt of an alpha thrumbo. It is extraordinarily durable and luxurious - one can almost feel a psychic echo of the animal's ancient story through the gossamer fur.\n\nIt is used for the highest-quality crafts for its insulation and strength.</description>
    <genericMarketSellable>false</genericMarketSellable>
    <tradeability>Sellable</tradeability>
    <graphicData>
      <color>(242,242,242)</color>
    </graphicData>
    <statBases>
      <MarketValue>20.0</MarketValue>
      <StuffPower_Armor_Sharp>2.12</StuffPower_Armor_Sharp>
      <StuffPower_Armor_Blunt>0.4</StuffPower_Armor_Blunt>
      <StuffPower_Insulation_Cold>36</StuffPower_Insulation_Cold>
      <StuffPower_Insulation_Heat>24</StuffPower_Insulation_Heat>
    </statBases>
    <stuffProps>
      <color>(242,242,242)</color>
      <commonality>0</commonality>
      <statFactors>
        <MaxHitPoints>2.2</MaxHitPoints>
        <Beauty>8</Beauty>
      </statFactors>
      <statOffsets>
        <Beauty>5</Beauty>
      </statOffsets>
    </stuffProps>
  </ThingDef>

  <ThingDef ParentName="LeatherBase">
    <defName>Leather_Mink</defName>
    <label>mink fur</label>
    <description>Tanned, dried, scraped mink skin. Soft, sleek, and subtly luxurious, mink is used in premium winter clothing and high-end furnishings, meaning it fetches a high price.</description>
    <graphicData>
      <color>(113,75,62)</color>
    </graphicData>
    <statBases>
      <MarketValue>5.2</MarketValue>
      <StuffPower_Armor_Sharp>0.67</StuffPower_Armor_Sharp>
      <StuffPower_Armor_Blunt>0.14</StuffPower_Armor_Blunt>
      <StuffPower_Insulation_Cold>32</StuffPower_Insulation_Cold>
      <StuffPower_Insulation_Heat>12</StuffPower_Insulation_Heat>
    </statBases>
    <stuffProps>
      <color>(113,75,62)</color>
      <commonality>0.01</commonality>
      <statFactors>
        <MaxHitPoints>1.0</MaxHitPoints>
        <Beauty>3</Beauty>
      </statFactors>
    </stuffProps>
  </ThingDef>

  <ThingDef ParentName="LeatherBase">
    <defName>Leather_Hippo</defName>
    <label>hippo leather</label>
    <description>Tanned, dried, scraped hippo skin. While extremely durable, it provides little protection from extreme weather.</description>
    <graphicData>
      <color>(104,90,98)</color>
    </graphicData>
    <statBases>
      <MarketValue>3.7</MarketValue>
      <StuffPower_Armor_Sharp>1.12</StuffPower_Armor_Sharp>
      <StuffPower_Insulation_Cold>14</StuffPower_Insulation_Cold>
      <StuffPower_Insulation_Heat>16</StuffPower_Insulation_Heat>
    </statBases>
    <stuffProps>
      <color>(104,90,98)</color>
      <commonality>0.01</commonality>
      <statFactors>
        <MaxHitPoints>1.5</MaxHitPoints>
        <Beauty>2</Beauty>
      </statFactors>
    </stuffProps>
  </ThingDef>
  
  <ThingDef ParentName="LeatherBase">
    <defName>Leather_Armadillo</defName>
    <label>armadillo leather</label>
    <description>Tanned, dried, scraped armadillo skin. It's tough, but offers little protection against the elements.</description>
    <graphicData>
      <color>(204,154,104)</color>
    </graphicData>
    <statBases>
      <MarketValue>3.2</MarketValue>
      <StuffPower_Armor_Sharp>1.24</StuffPower_Armor_Sharp>
      <StuffPower_Insulation_Cold>16</StuffPower_Insulation_Cold>
      <StuffPower_Insulation_Heat>18</StuffPower_Insulation_Heat>
    </statBases>
    <stuffProps>
      <color>(204,154,104)</color>
      <commonality>0.01</commonality>
      <statFactors>
        <MaxHitPoints>1.3</MaxHitPoints>
        <Beauty>2</Beauty>
      </statFactors>
    </stuffProps>
  </ThingDef>
  
</Defs>
