﻿<?xml version="1.0" encoding="utf-8"?>
<Defs>
  <BodyPartDef>
    <defName>EyeStalk</defName>
    <label>eye stalk</label>
    <hitPoints>10</hitPoints>
    <permanentInjuryChanceFactor>15</permanentInjuryChanceFactor>
    <delicate>true</delicate>
    <skinCovered>false</skinCovered>
    <beautyRelated>true</beautyRelated>
    <frostbiteVulnerability>1</frostbiteVulnerability>
    <tags>
      <li>SightSource</li>
    </tags>
  </BodyPartDef>

  <BodyPartDef>
    <defName>SnailFoot</defName>
    <label>foot</label>
    <hitPoints>40</hitPoints>
    <frostbiteVulnerability>5</frostbiteVulnerability>
    <permanentInjuryChanceFactor>0</permanentInjuryChanceFactor>
    <skinCovered>true</skinCovered>
    <tags>
      <li>MovingLimbCore</li>
      <li>ManipulationLimbCore</li>
    </tags>
  </BodyPartDef>
</Defs>