﻿<?xml version="1.0" encoding="utf-8"?>
<Defs>

  <PawnTableDef>
    <defName>Work</defName>
    <workerClass>PawnTable_PlayerPawns</workerClass>
    <columns>
      <li>LabelShortWithIcon</li>
      <li MayRequire="Ludeon.RimWorld.Ideology">Guest</li>
      <li>Faction</li>
      <li MayRequire="Ludeon.RimWorld.Ideology">Ideo</li>
      <li MayRequire="Ludeon.RimWorld.Biotech">Xenotype</li>
      <li>CopyPasteWorkPriorities</li>
      <li>RemainingSpace</li>
    </columns>
  </PawnTableDef>

  <PawnTableDef>
    <defName>Assign</defName>
    <workerClass>PawnTable_PlayerPawns</workerClass>
    <columns>
      <li>LabelShortWithIcon</li>
      <li MayRequire="Ludeon.RimWorld.Ideology">Ideo</li>
      <li MayRequire="Ludeon.RimWorld.Biotech">Xenotype</li>
      <li>HostilityResponse</li>
      <li>MedicalCare</li>
      <li>GapTiny</li>
      <li>Outfit</li>
      <li>GapTiny</li>
      <li>FoodRestriction</li>
      <li>GapTiny</li>
      <li>DrugPolicy</li>
      <li>GapTiny</li>
      <li>Carry</li>
      <li>RemainingSpace</li>
    </columns>
  </PawnTableDef>

  <PawnTableDef>
    <defName>Restrict</defName>
    <workerClass>PawnTable_PlayerPawnsTimetable</workerClass>
    <columns>
      <li>LabelShortWithIcon</li>
      <li MayRequire="Ludeon.RimWorld.Ideology">Ideo</li>
      <li MayRequire="Ludeon.RimWorld.Biotech">Xenotype</li>
      <li>CopyPasteTimetable</li>
      <li>Timetable</li>
      <li>GapTiny</li>
      <li>AllowedArea</li>
      <li>RemainingSpace</li>
    </columns>
  </PawnTableDef>

  <PawnTableDef>
    <defName>Animals</defName>
    <workerClass>PawnTable_Animals</workerClass>
    <columns>
      <li>LabelWithIcon</li>
      <li>Gender</li>
      <li>Age</li>
      <li>LifeStage</li>
      <li>Pregnant</li>
      <li>GapTiny</li>
      <li>GapTiny</li>
      <li>FollowDrafted</li>
      <li>FollowFieldwork</li>
      <li>GapTiny</li>
      <li>Master</li>
      <li>MentalState</li>
      <li>Bond</li>
      <li>Sterile</li>
      <li>Slaughter</li>
      <li>MedicalCare</li>
      <li>ReleaseAnimalToWild</li>
      <li>GapTiny</li>
      <li>AllowedAreaWide</li>
      <li>RemainingSpace</li>
    </columns>
  </PawnTableDef>

  <PawnTableDef>
    <defName>Wildlife</defName>
    <workerClass>PawnTable_Wildlife</workerClass>
    <columns>
      <li>LabelWithIcon</li>
      <li>Gender</li>
      <li>GapTiny</li>
      <li>LifeStage</li>
      <li>GapTiny</li>
      <li>GapTiny</li>
      <li>Hunt</li>
      <li>ManhunterOnDamageChance</li>
      <li>Tame</li>
      <li>ManhunterOnTameFailChance</li>
      <li>Predator</li>
      <li>MentalState</li>
      <li>Info</li>
      <li>RemainingSpace</li>
    </columns>
    <minWidth>0</minWidth>
  </PawnTableDef>

</Defs>
