﻿<?xml version="1.0" encoding="utf-8"?>
<Defs>
  
  <ThingDef ParentName="BaseMechanoidWalker">
    <defName>Mech_Cyclops</defName>
    <label>cyclops</label>
    <description>A front-line combat mechanoid named for its large optical array. The cyclops specializes in counter-shield attacks. It takes a long time to lock onto a target, but once locked on, it fires a near endless barrage of shield-piercing beams.</description>
    <statBases>
      <MoveSpeed>4.5</MoveSpeed>
      <BandwidthCost MayRequire="Ludeon.RimWorld.Biotech">2</BandwidthCost>
    </statBases>
    <tools>
      <li>
        <label>front left leg</label>
        <labelNoLocation>leg</labelNoLocation>
        <capacities>
          <li>Blunt</li>
        </capacities>
        <power>12.0</power>
        <cooldownTime>2</cooldownTime>
        <linkedBodyPartsGroup>FrontLeftLeg</linkedBodyPartsGroup>
        <alwaysTreatAsWeapon>true</alwaysTreatAsWeapon>
      </li>
      <li>
        <label>front right leg</label>
        <labelNoLocation>leg</labelNoLocation>
        <capacities>
          <li>Blunt</li>
        </capacities>
        <power>12.0</power>
        <cooldownTime>2</cooldownTime>
        <linkedBodyPartsGroup>FrontRightLeg</linkedBodyPartsGroup>
        <alwaysTreatAsWeapon>true</alwaysTreatAsWeapon>
      </li>
      <li>
        <label>head</label>
        <capacities>
          <li>Blunt</li>
        </capacities>
        <power>8.5</power>
        <cooldownTime>2</cooldownTime>
        <linkedBodyPartsGroup>HeadAttackTool</linkedBodyPartsGroup>
        <ensureLinkedBodyPartsGroupAlwaysUsable>true</ensureLinkedBodyPartsGroupAlwaysUsable>
        <chanceFactor>0.2</chanceFactor>
      </li>
    </tools>
    <race>
      <body>Cyclops</body>
      <baseHealthScale>0.9</baseHealthScale>
      <lifeStageAges Inherit="False">
        <li>
          <def>MechanoidFullyFormed</def>
          <soundWounded>Pawn_Cyclops_Wounded</soundWounded>
          <soundDeath>Pawn_Cyclops_Death</soundDeath>
          <soundCall>Pawn_Cyclops_Call</soundCall>
        </li>
        <li MayRequire="Ludeon.RimWorld.Biotech">
          <def>MechanoidFullyFormed</def>
          <minAge>100</minAge>
          <soundWounded>Pawn_Cyclops_Wounded</soundWounded>
          <soundDeath>Pawn_Cyclops_Death</soundDeath>
          <soundCall>Pawn_Cyclops_Call</soundCall>
        </li>
      </lifeStageAges>
      <mechWeightClass>Medium</mechWeightClass>
      <detritusLeavings>
        <li>
          <def>ChunkMechanoidSlag</def>
          <texOverrideIndex>11</texOverrideIndex>
          <spawnChance>0.1</spawnChance>
        </li>
        <li>
          <def>ChunkMechanoidSlag</def>
          <texOverrideIndex>16</texOverrideIndex>
          <spawnChance>0.1</spawnChance>
        </li>
        <li>
          <def>ChunkMechanoidSlag</def>
          <texOverrideIndex>1</texOverrideIndex>
          <spawnChance>0.1</spawnChance>
        </li>
      </detritusLeavings>
    </race>
  </ThingDef>
  
</Defs>