﻿<?xml version="1.0" encoding="utf-8" ?>
<Defs>
  
  <!-- Small birds -->

  <ThingDef Name="SmallBirdThingBase" ParentName="AnimalThingBase" Abstract="True">
    <statBases>
      <MoveSpeed>3.1</MoveSpeed>
      <MarketValue>30</MarketValue>
      <LeatherAmount>0</LeatherAmount>
      <ComfyTemperatureMin>-10</ComfyTemperatureMin>
      <FilthRate>1</FilthRate>
      <MaxFlightTime>30</MaxFlightTime>
      <FlightCooldown>10</FlightCooldown>
      <Wildness>0.6</Wildness>
    </statBases>
    <race>
      <body>Bird</body>
      <baseHungerRate>0.08</baseHungerRate>
      <baseBodySize>0.15</baseBodySize>
      <baseHealthScale>0.1</baseHealthScale>
      <foodType>VegetarianRoughAnimal</foodType>
      <trainability>None</trainability>
      <mateMtbHours>8</mateMtbHours>
      <lifeExpectancy>4</lifeExpectancy>
      <useMeatFrom>Cassowary</useMeatFrom>
      <soundEating>Bird_Eat</soundEating>
      <manhunterOnDamageChance>0</manhunterOnDamageChance>
      <flightStartChanceOnJobStart>0.15</flightStartChanceOnJobStart>
      <canFlyIntoMap>true</canFlyIntoMap>
      <canLeaveMapFlying>true</canLeaveMapFlying>
      <leaveMapOnFleeChance>1</leaveMapOnFleeChance>
      <lifeStageAges>
        <li>
          <def>AnimalBabyTiny</def>
          <minAge>0</minAge>
        </li>
        <li>
          <def>AnimalJuvenile</def>
          <minAge>0.12</minAge>
        </li>
      </lifeStageAges>
      <soundMeleeHitPawn>Pawn_Melee_SmallScratch_HitPawn</soundMeleeHitPawn>
      <soundMeleeHitBuilding>Pawn_Melee_SmallScratch_HitBuilding</soundMeleeHitBuilding>
      <soundMeleeMiss>Pawn_Melee_SmallScratch_Miss</soundMeleeMiss>
      <headPosPerRotation>
        <li>(0.0, 0, 0.32)</li>
        <li>(0.25, 0, 0.3)</li>
        <li>(0.0, 0, 0.26)</li>
        <li>(-0.25, 0, 0.3)</li>
      </headPosPerRotation>
    </race>
    <tools>
      <li>
        <label>claws</label>
        <capacities>
          <li>Scratch</li>
        </capacities>
        <power>1.5</power>
        <cooldownTime>1.5</cooldownTime>
        <linkedBodyPartsGroup>Feet</linkedBodyPartsGroup>
      </li>
      <li>
        <label>beak</label>
        <capacities>
          <li>Bite</li>
        </capacities>
        <power>2.8</power>
        <cooldownTime>2</cooldownTime>
        <linkedBodyPartsGroup>Beak</linkedBodyPartsGroup>
      </li>
      <li>
        <label>head</label>
        <capacities>
          <li>Blunt</li>
        </capacities>
        <power>1</power>
        <cooldownTime>1.5</cooldownTime>
        <linkedBodyPartsGroup>HeadAttackTool</linkedBodyPartsGroup>
        <ensureLinkedBodyPartsGroupAlwaysUsable>true</ensureLinkedBodyPartsGroupAlwaysUsable>
        <chanceFactor>0.2</chanceFactor>
      </li>
    </tools>
  </ThingDef>
  
  <ThingDef ParentName="SmallBirdThingBase">
    <defName>Sparrow</defName>
    <label>sparrow</label>
    <description>Small birds that often travel in flocks. They can thrive in a variety of environments.</description> 
    <statBases>
      <ComfyTemperatureMin>-15</ComfyTemperatureMin>
    </statBases>
    <race>
      <baseBodySize>0.12</baseBodySize>
      <baseHealthScale>0.075</baseHealthScale>
      <herdAnimal>true</herdAnimal>
      <lifeStageAges>
        <li>
          <def>AnimalAdult</def>
          <minAge>0.2</minAge>
          <soundWounded>Pawn_Sparrow_Wounded</soundWounded>
          <soundDeath>Pawn_Sparrow_Death</soundDeath>
          <soundCall>Pawn_Sparrow_Call</soundCall>
          <soundAngry>Pawn_Sparrow_Angry</soundAngry>
        </li>
      </lifeStageAges>
    </race>
    <comps>
      <li Class="CompProperties_EggLayer">
        <eggUnfertilizedDef>EggSparrowUnfertilized</eggUnfertilizedDef>
        <eggFertilizedDef>EggSparrowFertilized</eggFertilizedDef>
        <eggFertilizationCountMax>1</eggFertilizationCountMax>
        <eggLayIntervalDays>3</eggLayIntervalDays>
        <eggCountRange>1</eggCountRange>
        <eggProgressUnfertilizedMax>0.5</eggProgressUnfertilizedMax>
      </li>
    </comps>
    <tradeTags>
      <li>AnimalCommon</li>
    </tradeTags>
  </ThingDef>

  <PawnKindDef ParentName="AnimalKindBase">
    <defName>Sparrow</defName>
    <label>sparrow</label>
    <race>Sparrow</race>
    <combatPower>20</combatPower>
    <ecoSystemWeight>0.20</ecoSystemWeight>
    <wildGroupSize>3~5</wildGroupSize>
    <flyingAnimationFramePathPrefix>Things/Pawn/Animal/Sparrow/Sparrow_Flying_</flyingAnimationFramePathPrefix>
    <flyingAnimationFrameCount>8</flyingAnimationFrameCount>
    <flyingAnimationTicksPerFrame>2</flyingAnimationTicksPerFrame>
    <flyingAnimationDrawSize>2</flyingAnimationDrawSize>
    <flyingAnimationDrawSizeIsMultiplier>false</flyingAnimationDrawSizeIsMultiplier>
    <flyingAnimationInheritColors>false</flyingAnimationInheritColors>
    <lifeStages>
      <li>
        <bodyGraphicData>
          <texPath>Things/Pawn/Animal/Sparrow/Sparrow</texPath>
          <drawSize>0.55</drawSize>
        </bodyGraphicData>
        <dessicatedBodyGraphicData>
          <texPath>Things/Pawn/Animal/Sparrow/Dessicated_Sparrow</texPath>
          <drawSize>0.55</drawSize>
        </dessicatedBodyGraphicData>
      </li>
      <li>
        <bodyGraphicData>
          <texPath>Things/Pawn/Animal/Sparrow/Sparrow</texPath>
          <drawSize>0.7</drawSize>
        </bodyGraphicData>
        <dessicatedBodyGraphicData>
          <texPath>Things/Pawn/Animal/Sparrow/Dessicated_Sparrow</texPath>
          <drawSize>0.7</drawSize>
        </dessicatedBodyGraphicData>
      </li>
      <li>
        <bodyGraphicData>
          <texPath>Things/Pawn/Animal/Sparrow/Sparrow</texPath>
          <drawSize>0.9</drawSize>
        </bodyGraphicData>
        <dessicatedBodyGraphicData>
          <texPath>Things/Pawn/Animal/Sparrow/Dessicated_Sparrow</texPath>
          <drawSize>0.9</drawSize>
        </dessicatedBodyGraphicData>
      </li>
    </lifeStages>
  </PawnKindDef>


  <ThingDef ParentName="SmallBirdThingBase">
    <defName>Crow</defName>
    <label>crow</label>
    <description>Intelligent black birds with complex social structures. With a little patience, crows can be trained to perform a number of fairly complex tasks.</description>
    <statBases>
      <Wildness>0.25</Wildness>
    </statBases>
    <race>
      <herdAnimal>true</herdAnimal>
      <trainability>Intermediate</trainability>
      <manhunterOnDamageChance>0.1</manhunterOnDamageChance>
      <petness>0.15</petness>
      <foodType>OmnivoreAnimal, OvivoreAnimal</foodType>
      <specialTrainables>
        <li MayRequire="Ludeon.RimWorld.Odyssey">AttackTarget</li>
      </specialTrainables>
      <lifeStageAges>
        <li>
          <def>AnimalAdult</def>
          <minAge>0.2</minAge>
          <soundWounded>Pawn_Crow_Wounded</soundWounded>
          <soundDeath>Pawn_Crow_Death</soundDeath>
          <soundCall>Pawn_Crow_Call</soundCall>
          <soundAngry>Pawn_Crow_Angry</soundAngry>
        </li>
      </lifeStageAges>
    </race>
    <comps>
      <li Class="CompProperties_EggLayer">
        <eggUnfertilizedDef>EggCrowUnfertilized</eggUnfertilizedDef>
        <eggFertilizedDef>EggCrowFertilized</eggFertilizedDef>
        <eggFertilizationCountMax>1</eggFertilizationCountMax>
        <eggLayIntervalDays>3</eggLayIntervalDays>
        <eggCountRange>1</eggCountRange>
        <eggProgressUnfertilizedMax>0.5</eggProgressUnfertilizedMax>
      </li>
    </comps>
    <tradeTags>
      <li>AnimalCommon</li>
      <li>AnimalPet</li>
    </tradeTags>
  </ThingDef>

  <PawnKindDef ParentName="AnimalKindBase">
    <defName>Crow</defName>
    <label>crow</label>
    <race>Crow</race>
    <combatPower>25</combatPower>
    <ecoSystemWeight>0.20</ecoSystemWeight>
    <wildGroupSize>2~4</wildGroupSize>
    <flyingAnimationFramePathPrefix>Things/Pawn/Animal/Crow/Crow_Flying_</flyingAnimationFramePathPrefix>
    <flyingAnimationFrameCount>8</flyingAnimationFrameCount>
    <flyingAnimationTicksPerFrame>2</flyingAnimationTicksPerFrame>
    <flyingAnimationDrawSize>1.5</flyingAnimationDrawSize>
    <flyingAnimationDrawSizeIsMultiplier>false</flyingAnimationDrawSizeIsMultiplier>
    <flyingAnimationInheritColors>false</flyingAnimationInheritColors>
    <lifeStages>
      <li>
        <bodyGraphicData>
          <texPath>Things/Pawn/Animal/Crow/Crow</texPath>
          <drawSize>0.5</drawSize>
        </bodyGraphicData>
        <dessicatedBodyGraphicData>
          <texPath>Things/Pawn/Animal/Crow/Dessicated_Crow</texPath>
          <drawSize>0.5</drawSize>
        </dessicatedBodyGraphicData>
      </li>
      <li>
        <bodyGraphicData>
          <texPath>Things/Pawn/Animal/Crow/Crow</texPath>
          <drawSize>0.6</drawSize>
        </bodyGraphicData>
        <dessicatedBodyGraphicData>
          <texPath>Things/Pawn/Animal/Crow/Dessicated_Crow</texPath>
          <drawSize>0.6</drawSize>
        </dessicatedBodyGraphicData>
      </li>
      <li>
        <bodyGraphicData>
          <texPath>Things/Pawn/Animal/Crow/Crow</texPath>
          <drawSize>0.7</drawSize>
        </bodyGraphicData>
        <dessicatedBodyGraphicData>
          <texPath>Things/Pawn/Animal/Crow/Dessicated_Crow</texPath>
          <drawSize>0.7</drawSize>
        </dessicatedBodyGraphicData>
      </li>
    </lifeStages>
  </PawnKindDef>


  <ThingDef ParentName="SmallBirdThingBase">
    <defName>Bluebird</defName>
    <label>bluebird</label>
    <description>A small songbird with vibrant blue plumage.</description>
    <race>
      <lifeStageAges>
        <li>
          <def>AnimalAdult</def>
          <minAge>0.2</minAge>
          <soundWounded>Pawn_Bluebird_Wounded</soundWounded>
          <soundDeath>Pawn_Bluebird_Death</soundDeath>
          <soundCall>Pawn_Bluebird_Call</soundCall>
          <soundAngry>Pawn_Bluebird_Angry</soundAngry>
        </li>
      </lifeStageAges>
    </race>
    <comps>
      <li Class="CompProperties_EggLayer">
        <eggUnfertilizedDef>EggBluebirdUnfertilized</eggUnfertilizedDef>
        <eggFertilizedDef>EggBluebirdFertilized</eggFertilizedDef>
        <eggFertilizationCountMax>1</eggFertilizationCountMax>
        <eggLayIntervalDays>3</eggLayIntervalDays>
        <eggCountRange>1</eggCountRange>
        <eggProgressUnfertilizedMax>0.5</eggProgressUnfertilizedMax>
      </li>
    </comps>
    <tradeTags>
      <li>AnimalCommon</li>
    </tradeTags>
  </ThingDef>

  <PawnKindDef ParentName="AnimalKindBase">
    <defName>Bluebird</defName>
    <label>bluebird</label>
    <race>Bluebird</race>
    <combatPower>25</combatPower>
    <ecoSystemWeight>0.20</ecoSystemWeight>
    <flyingAnimationFramePathPrefix>Things/Pawn/Animal/Bluebird/Bluebird_Flying_</flyingAnimationFramePathPrefix>
    <flyingAnimationFrameCount>8</flyingAnimationFrameCount>
    <flyingAnimationTicksPerFrame>2</flyingAnimationTicksPerFrame>
    <flyingAnimationDrawSize>2</flyingAnimationDrawSize>
    <flyingAnimationDrawSizeIsMultiplier>false</flyingAnimationDrawSizeIsMultiplier>
    <flyingAnimationInheritColors>false</flyingAnimationInheritColors>
    <lifeStages>
      <li>
        <bodyGraphicData>
          <texPath>Things/Pawn/Animal/Bluebird/Bluebird</texPath>
          <drawSize>0.6</drawSize>
        </bodyGraphicData>
        <dessicatedBodyGraphicData>
          <texPath>Things/Pawn/Animal/Bluebird/Dessicated_Bluebird</texPath>
          <drawSize>0.6</drawSize>
        </dessicatedBodyGraphicData>
      </li>
      <li>
        <bodyGraphicData>
          <texPath>Things/Pawn/Animal/Bluebird/Bluebird</texPath>
          <drawSize>0.7</drawSize>
        </bodyGraphicData>
        <dessicatedBodyGraphicData>
          <texPath>Things/Pawn/Animal/Bluebird/Dessicated_Bluebird</texPath>
          <drawSize>0.7</drawSize>
        </dessicatedBodyGraphicData>
      </li>
      <li>
        <bodyGraphicData>
          <texPath>Things/Pawn/Animal/Bluebird/Bluebird</texPath>
          <drawSize>0.8</drawSize>
        </bodyGraphicData>
        <dessicatedBodyGraphicData>
          <texPath>Things/Pawn/Animal/Bluebird/Dessicated_Bluebird</texPath>
          <drawSize>0.8</drawSize>
        </dessicatedBodyGraphicData>
      </li>
    </lifeStages>
  </PawnKindDef>


  <ThingDef ParentName="SmallBirdThingBase">
    <defName>Quail</defName>
    <label>quail</label>
    <description>Small plump ground-dwelling birds with a distinctive plume.</description>
    <statBases>
      <MaxFlightTime>5</MaxFlightTime>
    </statBases>
    <race>
      <herdAnimal>true</herdAnimal>
      <baseBodySize>0.25</baseBodySize>
      <baseHungerRate>0.12</baseHungerRate>
      <roamMtbDays>7</roamMtbDays>
      <lifeStageAges>
        <li>
          <def>AnimalAdult</def>
          <minAge>0.2</minAge>
          <soundWounded>Pawn_Quail_Wounded</soundWounded>
          <soundDeath>Pawn_Quail_Death</soundDeath>
          <soundCall>Pawn_Quail_Call</soundCall>
          <soundAngry>Pawn_Quail_Angry</soundAngry>
        </li>
      </lifeStageAges>
    </race>
    <comps>
      <li Class="CompProperties_EggLayer">
        <eggUnfertilizedDef>EggQuailUnfertilized</eggUnfertilizedDef>
        <eggFertilizedDef>EggQuailFertilized</eggFertilizedDef>
        <eggFertilizationCountMax>1</eggFertilizationCountMax>
        <eggLayIntervalDays>1.333</eggLayIntervalDays>
        <eggCountRange>1</eggCountRange>
        <eggProgressUnfertilizedMax>0.5</eggProgressUnfertilizedMax>
      </li>
    </comps>
    <tradeTags>
      <li>AnimalCommon</li>
    </tradeTags>
  </ThingDef>

  <PawnKindDef ParentName="AnimalKindBase">
    <defName>Quail</defName>
    <label>quail</label>
    <race>Quail</race>
    <combatPower>25</combatPower>
    <ecoSystemWeight>0.30</ecoSystemWeight>
    <wildGroupSize>2~4</wildGroupSize>
    <flyingAnimationFramePathPrefix>Things/Pawn/Animal/Quail/QuailMale_Flying_</flyingAnimationFramePathPrefix>
    <flyingAnimationFramePathPrefixFemale>Things/Pawn/Animal/Quail/QuailFemale_Flying_</flyingAnimationFramePathPrefixFemale>
    <flyingAnimationFrameCount>8</flyingAnimationFrameCount>
    <flyingAnimationTicksPerFrame>2</flyingAnimationTicksPerFrame>
    <flyingAnimationDrawSize>1.85</flyingAnimationDrawSize>
    <flyingAnimationDrawSizeIsMultiplier>false</flyingAnimationDrawSizeIsMultiplier>
    <flyingAnimationInheritColors>false</flyingAnimationInheritColors>
    <lifeStages>
      <li>
        <bodyGraphicData>
          <texPath>Things/Pawn/Animal/Quail/QuailMale</texPath>
          <drawSize>0.5</drawSize>
        </bodyGraphicData>
        <femaleGraphicData>
          <texPath>Things/Pawn/Animal/Quail/QuailFemale</texPath>
          <drawSize>0.5</drawSize>
        </femaleGraphicData>
        <dessicatedBodyGraphicData>
          <texPath>Things/Pawn/Animal/Quail/Dessicated_Quail</texPath>
          <drawSize>0.5</drawSize>
        </dessicatedBodyGraphicData>
      </li>
      <li>
        <bodyGraphicData>
          <texPath>Things/Pawn/Animal/Quail/QuailMale</texPath>
          <drawSize>0.65</drawSize>
        </bodyGraphicData>
        <femaleGraphicData>
          <texPath>Things/Pawn/Animal/Quail/QuailFemale</texPath>
          <drawSize>0.65</drawSize>
        </femaleGraphicData>
        <dessicatedBodyGraphicData>
          <texPath>Things/Pawn/Animal/Quail/Dessicated_Quail</texPath>
          <drawSize>0.65</drawSize>
        </dessicatedBodyGraphicData>
      </li>
      <li>
        <bodyGraphicData>
          <texPath>Things/Pawn/Animal/Quail/QuailMale</texPath>
          <drawSize>0.8</drawSize>
        </bodyGraphicData>
        <femaleGraphicData>
          <texPath>Things/Pawn/Animal/Quail/QuailFemale</texPath>
          <drawSize>0.8</drawSize>
        </femaleGraphicData>
        <dessicatedBodyGraphicData>
          <texPath>Things/Pawn/Animal/Quail/Dessicated_Quail</texPath>
          <drawSize>0.8</drawSize>
        </dessicatedBodyGraphicData>
      </li>
    </lifeStages>
  </PawnKindDef>

  <ThingDef ParentName="SmallBirdThingBase">
    <defName>Macaw</defName>
    <label>macaw</label>
    <description>A parrot known for its intelligence and its brilliant plumage.</description>
    <statBases>
      <MarketValue>90</MarketValue>
      <ComfyTemperatureMax>50</ComfyTemperatureMax>
      <Wildness>0.25</Wildness>
    </statBases>
    <race>
      <herdAnimal>false</herdAnimal>
      <baseBodySize>0.35</baseBodySize>
      <baseHungerRate>0.12</baseHungerRate>
      <trainability>Advanced</trainability>
      <lifeExpectancy>50</lifeExpectancy>
      <petness>0.2</petness>
      <baseHealthScale>0.2</baseHealthScale>
      <lifeStageAges>
        <li>
          <def>AnimalAdult</def>
          <minAge>0.5</minAge>
          <soundWounded>Pawn_Macaw_Wounded</soundWounded>
          <soundDeath>Pawn_Macaw_Death</soundDeath>
          <soundCall>Pawn_Macaw_Call</soundCall>
          <soundAngry>Pawn_Macaw_Angry</soundAngry>
        </li>
      </lifeStageAges>
    </race>
    <comps>
      <li Class="CompProperties_EggLayer">
        <eggUnfertilizedDef>EggMacawUnfertilized</eggUnfertilizedDef>
        <eggFertilizedDef>EggMacawFertilized</eggFertilizedDef>
        <eggFertilizationCountMax>1</eggFertilizationCountMax>
        <eggLayIntervalDays>8</eggLayIntervalDays>
        <eggCountRange>1</eggCountRange>
        <eggProgressUnfertilizedMax>0.5</eggProgressUnfertilizedMax>
      </li>
    </comps>
    <tradeTags>
      <li>AnimalUncommon</li>
    </tradeTags>
  </ThingDef>

  <PawnKindDef ParentName="AnimalKindBase">
    <defName>Macaw</defName>
    <label>macaw</label>
    <race>Macaw</race>
    <combatPower>25</combatPower>
    <ecoSystemWeight>0.30</ecoSystemWeight>
    <flyingAnimationFramePathPrefix>Things/Pawn/Animal/Macaw/Macaw_Flying_</flyingAnimationFramePathPrefix>
    <flyingAnimationFrameCount>8</flyingAnimationFrameCount>
    <flyingAnimationTicksPerFrame>2</flyingAnimationTicksPerFrame>
    <flyingAnimationDrawSize>1.45</flyingAnimationDrawSize>
    <flyingAnimationDrawSizeIsMultiplier>false</flyingAnimationDrawSizeIsMultiplier>
    <flyingAnimationInheritColors>false</flyingAnimationInheritColors>
    <lifeStages>
      <li>
        <bodyGraphicData>
          <texPath>Things/Pawn/Animal/Macaw/Macaw</texPath>
          <drawSize>1</drawSize>
        </bodyGraphicData>
        <dessicatedBodyGraphicData>
          <texPath>Things/Pawn/Animal/Macaw/Dessicated_Macaw</texPath>
          <drawSize>1</drawSize>
        </dessicatedBodyGraphicData>
      </li>
      <li>
        <bodyGraphicData>
          <texPath>Things/Pawn/Animal/Macaw/Macaw</texPath>
          <drawSize>1.2</drawSize>
        </bodyGraphicData>
        <dessicatedBodyGraphicData>
          <texPath>Things/Pawn/Animal/Macaw/Dessicated_Macaw</texPath>
          <drawSize>1.2</drawSize>
        </dessicatedBodyGraphicData>
      </li>
      <li>
        <bodyGraphicData>
          <texPath>Things/Pawn/Animal/Macaw/Macaw</texPath>
          <drawSize>1.4</drawSize>
        </bodyGraphicData>
        <dessicatedBodyGraphicData>
          <texPath>Things/Pawn/Animal/Macaw/Dessicated_Macaw</texPath>
          <drawSize>1.4</drawSize>
        </dessicatedBodyGraphicData>
      </li>
    </lifeStages>
  </PawnKindDef>
  
  
  <!-- Water birds -->

  <ThingDef Name="WaterBirdThingBase" ParentName="BigBirdThingBase" Abstract="True">
    <statBases>
      <MoveSpeed>3.4</MoveSpeed>
      <ComfyTemperatureMin>0</ComfyTemperatureMin>
      <FilthRate>6</FilthRate>
      <MarketValue>120</MarketValue>
      <MaxFlightTime>30</MaxFlightTime>
      <FlightCooldown>10</FlightCooldown>
      <Wildness>0.45</Wildness>
    </statBases>
    <race>
      <baseBodySize>0.6</baseBodySize>
      <baseHealthScale>0.6</baseHealthScale>
      <baseHungerRate>0.28</baseHungerRate>
      <foodType>VegetarianRoughAnimal</foodType>
      <trainability>None</trainability>
      <lifeExpectancy>9</lifeExpectancy>
      <soundEating>Bird_Eat</soundEating>
      <flightStartChanceOnJobStart>0.025</flightStartChanceOnJobStart>
      <canFlyIntoMap>true</canFlyIntoMap>
      <canLeaveMapFlying>true</canLeaveMapFlying>
      <leaveMapOnFleeChance>0.8</leaveMapOnFleeChance>
      <waterSeeker>true</waterSeeker>
      <waterCellCost>1</waterCellCost>
      <useMeatFrom>Cassowary</useMeatFrom>
      <lifeStageAges>
        <li>
          <def>AnimalBabyTiny</def>
          <minAge>0</minAge>
        </li>
        <li>
          <def>AnimalJuvenile</def>
          <minAge>0.12</minAge>
        </li>
        <li>
          <def>AnimalAdult</def>
          <minAge>0.2</minAge>
        </li>
      </lifeStageAges>
      <headPosPerRotation>
        <li>(0.0, 0, 0.22)</li>
        <li>(0.3, 0, 0.21)</li>
        <li>(0.0, 0, 0.24)</li>
        <li>(-0.3, 0, 0.21)</li>
      </headPosPerRotation>
    </race>
    <tools>
      <li>
        <label>claws</label>
        <capacities>
          <li>Scratch</li>
        </capacities>
        <power>5</power>
        <cooldownTime>1.5</cooldownTime>
        <linkedBodyPartsGroup>Feet</linkedBodyPartsGroup>
        <surpriseAttack>
          <extraMeleeDamages>
            <li>
              <def>Stun</def>
              <amount>14</amount>
            </li>
          </extraMeleeDamages>
        </surpriseAttack>
      </li>
      <li>
        <label>beak</label>
        <capacities>
          <li>Bite</li>
        </capacities>
        <power>6</power>
        <cooldownTime>2</cooldownTime>
        <linkedBodyPartsGroup>Beak</linkedBodyPartsGroup>
        <surpriseAttack>
          <extraMeleeDamages>
            <li>
              <def>Stun</def>
              <amount>14</amount>
            </li>
          </extraMeleeDamages>
        </surpriseAttack>
      </li>
      <li>
        <label>head</label>
        <capacities>
          <li>Blunt</li>
        </capacities>
        <power>4</power>
        <cooldownTime>2</cooldownTime>
        <linkedBodyPartsGroup>HeadAttackTool</linkedBodyPartsGroup>
        <ensureLinkedBodyPartsGroupAlwaysUsable>true</ensureLinkedBodyPartsGroupAlwaysUsable>
        <chanceFactor>0.2</chanceFactor>
      </li>
    </tools>
  </ThingDef>

  <ThingDef ParentName="WaterBirdThingBase">
    <defName>Flamingo</defName>
    <label>flamingo</label>
    <description>A wading bird known for their vibrant pink plumage. Their long legs are well adapted to shallow waters.</description>
    <race>
      <canFishForFood>true</canFishForFood>
      <foodType>OmnivoreRoughAnimal</foodType>
      <herdAnimal>true</herdAnimal>
      <lifeStageAges Inherit="False">
        <li>
          <def>AnimalBabyTiny</def>
          <minAge>0</minAge>
        </li>
        <li>
          <def>AnimalJuvenile</def>
          <minAge>0.12</minAge>
        </li>
        <li>
          <def>AnimalAdult</def>
          <minAge>0.2</minAge>
          <soundWounded>Pawn_Flamingo_Wounded</soundWounded>
          <soundDeath>Pawn_Flamingo_Death</soundDeath>
          <soundCall>Pawn_Flamingo_Call</soundCall>
          <soundAngry>Pawn_Flamingo_Angry</soundAngry>
        </li>
      </lifeStageAges>
    </race>
    <comps>
      <li Class="CompProperties_EggLayer">
        <eggUnfertilizedDef>EggFlamingoUnfertilized</eggUnfertilizedDef>
        <eggFertilizedDef>EggFlamingoFertilized</eggFertilizedDef>
        <eggFertilizationCountMax>1</eggFertilizationCountMax>
        <eggLayIntervalDays>2</eggLayIntervalDays>
        <eggProgressUnfertilizedMax>0.5</eggProgressUnfertilizedMax>
        <eggCountRange>1~1</eggCountRange>
      </li>
    </comps>
    <tradeTags>
      <li>AnimalUncommon</li>
    </tradeTags>
  </ThingDef>

  <PawnKindDef ParentName="BigBirdKindBase">
    <defName>Flamingo</defName>
    <label>flamingo</label>
    <race>Flamingo</race>
    <combatPower>40</combatPower>
    <wildGroupSize>3~5</wildGroupSize>
    <flyingAnimationFramePathPrefix>Things/Pawn/Animal/Flamingo/Flamingo_Flying_</flyingAnimationFramePathPrefix>
    <flyingAnimationFrameCount>8</flyingAnimationFrameCount>
    <flyingAnimationTicksPerFrame>2</flyingAnimationTicksPerFrame>
    <flyingAnimationDrawSize>1.5</flyingAnimationDrawSize>
    <flyingAnimationDrawSizeIsMultiplier>false</flyingAnimationDrawSizeIsMultiplier>
    <flyingAnimationInheritColors>false</flyingAnimationInheritColors>
    <lifeStages>
      <li>
        <bodyGraphicData>
          <texPath>Things/Pawn/Animal/Flamingo/Flamingo</texPath>
          <drawSize>1.0</drawSize>
        </bodyGraphicData>
        <dessicatedBodyGraphicData>
          <texPath>Things/Pawn/Animal/Flamingo/Dessicated_Flamingo</texPath>
          <drawSize>1.0</drawSize>
        </dessicatedBodyGraphicData>
      </li>
      <li>
        <bodyGraphicData>
          <texPath>Things/Pawn/Animal/Flamingo/Flamingo</texPath>
          <drawSize>1.2</drawSize>
          <shadowData>
            <volume>(0.3, 0.3, 0.3)</volume>
            <offset>(0,0,-0.3)</offset>
          </shadowData>
        </bodyGraphicData>
        <dessicatedBodyGraphicData>
          <texPath>Things/Pawn/Animal/Flamingo/Dessicated_Flamingo</texPath>
          <drawSize>1.2</drawSize>
        </dessicatedBodyGraphicData>
      </li>
      <li>
        <bodyGraphicData>
          <texPath>Things/Pawn/Animal/Flamingo/Flamingo</texPath>
          <drawSize>1.4</drawSize>
          <shadowData>
            <volume>(0.4, 0.4, 0.4)</volume>
            <offset>(0,0,-0.2)</offset>
          </shadowData>
        </bodyGraphicData>
        <dessicatedBodyGraphicData>
          <texPath>Things/Pawn/Animal/Flamingo/Dessicated_Flamingo</texPath>
          <drawSize>1.4</drawSize>
        </dessicatedBodyGraphicData>
      </li>
    </lifeStages>
  </PawnKindDef>


  <ThingDef ParentName="WaterBirdThingBase">
    <defName>Heron</defName>
    <label>heron</label>
    <description>Long-legged and long-necked birds. They tend to live in marshy habitats.</description>
    <comps>
      <li Class="CompProperties_EggLayer">
        <eggUnfertilizedDef>EggHeronUnfertilized</eggUnfertilizedDef>
        <eggFertilizedDef>EggHeronFertilized</eggFertilizedDef>
        <eggFertilizationCountMax>1</eggFertilizationCountMax>
        <eggLayIntervalDays>2</eggLayIntervalDays>
        <eggProgressUnfertilizedMax>0.5</eggProgressUnfertilizedMax>
        <eggCountRange>1~1</eggCountRange>
      </li>
    </comps>
    <tradeTags>
      <li>AnimalUncommon</li>
    </tradeTags>
    <race>
      <canFishForFood>true</canFishForFood>
      <foodType>OmnivoreRoughAnimal</foodType>
      <lifeStageAges Inherit="False">
        <li>
          <def>AnimalBabyTiny</def>
          <minAge>0</minAge>
        </li>
        <li>
          <def>AnimalJuvenile</def>
          <minAge>0.12</minAge>
        </li>
        <li>
          <def>AnimalAdult</def>
          <minAge>0.2</minAge>
          <soundWounded>Pawn_Heron_Wounded</soundWounded>
          <soundDeath>Pawn_Heron_Death</soundDeath>
          <soundCall>Pawn_Heron_Call</soundCall>
          <soundAngry>Pawn_Heron_Angry</soundAngry>
        </li>
      </lifeStageAges>
    </race>
  </ThingDef>

  <PawnKindDef ParentName="BigBirdKindBase">
    <defName>Heron</defName>
    <label>heron</label>
    <race>Heron</race>
    <combatPower>40</combatPower>
    <flyingAnimationFramePathPrefix>Things/Pawn/Animal/Heron/Heron_Flying_</flyingAnimationFramePathPrefix>
    <flyingAnimationFrameCount>8</flyingAnimationFrameCount>
    <flyingAnimationTicksPerFrame>2</flyingAnimationTicksPerFrame>
    <flyingAnimationDrawSize>1.25</flyingAnimationDrawSize>
    <flyingAnimationDrawSizeIsMultiplier>false</flyingAnimationDrawSizeIsMultiplier>
    <flyingAnimationInheritColors>false</flyingAnimationInheritColors>
    <lifeStages>
      <li>
        <bodyGraphicData>
          <texPath>Things/Pawn/Animal/Heron/Heron</texPath>
          <drawSize>1.0</drawSize>
        </bodyGraphicData>
        <dessicatedBodyGraphicData>
          <texPath>Things/Pawn/Animal/Heron/Dessicated_Heron</texPath>
          <drawSize>1.0</drawSize>
        </dessicatedBodyGraphicData>
      </li>
      <li>
        <bodyGraphicData>
          <texPath>Things/Pawn/Animal/Heron/Heron</texPath>
          <drawSize>1.2</drawSize>
          <shadowData>
            <volume>(0.3, 0.3, 0.3)</volume>
            <offset>(0,0,-0.3)</offset>
          </shadowData>
        </bodyGraphicData>
        <dessicatedBodyGraphicData>
          <texPath>Things/Pawn/Animal/Heron/Dessicated_Heron</texPath>
          <drawSize>1.2</drawSize>
        </dessicatedBodyGraphicData>
      </li>
      <li>
        <bodyGraphicData>
          <texPath>Things/Pawn/Animal/Heron/Heron</texPath>
          <drawSize>1.4</drawSize>
          <shadowData>
            <volume>(0.4, 0.4, 0.4)</volume>
            <offset>(0,0,-0.2)</offset>
          </shadowData>
        </bodyGraphicData>
        <dessicatedBodyGraphicData>
          <texPath>Things/Pawn/Animal/Heron/Dessicated_Heron</texPath>
          <drawSize>1.4</drawSize>
        </dessicatedBodyGraphicData>
      </li>
    </lifeStages>
  </PawnKindDef>


  <ThingDef ParentName="WaterBirdThingBase">
    <defName>Swan</defName>
    <label>swan</label>
    <description>Large graceful waterfowl known for their beauty, and their surprising ferocity.</description>
    <statBases>
      <MarketValue>200</MarketValue>
    </statBases>
    <uiIconScale>0.9</uiIconScale>
    <race>
      <manhunterOnTameFailChance>0.05</manhunterOnTameFailChance>
      <manhunterOnDamageChance>0.5</manhunterOnDamageChance>
      <lifeStageAges Inherit="False">
        <li>
          <def>AnimalBabyTiny</def>
          <minAge>0</minAge>
        </li>
        <li>
          <def>AnimalJuvenile</def>
          <minAge>0.12</minAge>
        </li>
        <li>
          <def>AnimalAdult</def>
          <minAge>0.2</minAge>
          <soundWounded>Pawn_Swan_Wounded</soundWounded>
          <soundDeath>Pawn_Swan_Death</soundDeath>
          <soundCall>Pawn_Swan_Call</soundCall>
          <soundAngry>Pawn_Swan_Angry</soundAngry>
        </li>
      </lifeStageAges>
    </race>
    <comps>
      <li Class="CompProperties_EggLayer">
        <eggUnfertilizedDef>EggSwanUnfertilized</eggUnfertilizedDef>
        <eggFertilizedDef>EggSwanFertilized</eggFertilizedDef>
        <eggFertilizationCountMax>1</eggFertilizationCountMax>
        <eggLayIntervalDays>2</eggLayIntervalDays>
        <eggProgressUnfertilizedMax>0.5</eggProgressUnfertilizedMax>
        <eggCountRange>1~1</eggCountRange>
      </li>
    </comps>
    <tradeTags>
      <li>AnimalUncommon</li>
    </tradeTags>
  </ThingDef>

  <PawnKindDef ParentName="BigBirdKindBase">
    <defName>Swan</defName>
    <label>swan</label>
    <race>Swan</race>
    <combatPower>40</combatPower>
    <flyingAnimationFramePathPrefix>Things/Pawn/Animal/Swan/Swan_Flying_</flyingAnimationFramePathPrefix>
    <flyingAnimationFrameCount>8</flyingAnimationFrameCount>
    <flyingAnimationTicksPerFrame>2</flyingAnimationTicksPerFrame>
    <flyingAnimationDrawSize>1.5</flyingAnimationDrawSize>
    <flyingAnimationDrawSizeIsMultiplier>false</flyingAnimationDrawSizeIsMultiplier>
    <flyingAnimationInheritColors>false</flyingAnimationInheritColors>
    <lifeStages>
      <li>
        <bodyGraphicData>
          <texPath>Things/Pawn/Animal/Swan/Swan</texPath>
          <drawSize>0.9</drawSize>
        </bodyGraphicData>
        <dessicatedBodyGraphicData>
          <texPath>Things/Pawn/Animal/Swan/Dessicated_Swan</texPath>
          <drawSize>0.9</drawSize>
        </dessicatedBodyGraphicData>
        <swimmingGraphicData>
          <texPath>Things/Pawn/Animal/Swan/SwimmingSwan</texPath>
          <graphicClass>Graphic_Multi</graphicClass>
          <drawSize>0.9</drawSize>
        </swimmingGraphicData>
      </li>
      <li>
        <bodyGraphicData>
          <texPath>Things/Pawn/Animal/Swan/Swan</texPath>
          <drawSize>1.0</drawSize>
        </bodyGraphicData>
        <dessicatedBodyGraphicData>
          <texPath>Things/Pawn/Animal/Swan/Dessicated_Swan</texPath>
          <drawSize>1.0</drawSize>
        </dessicatedBodyGraphicData>
        <swimmingGraphicData>
          <texPath>Things/Pawn/Animal/Swan/SwimmingSwan</texPath>
          <graphicClass>Graphic_Multi</graphicClass>
          <drawSize>1.0</drawSize>
        </swimmingGraphicData>
      </li>
      <li>
        <bodyGraphicData>
          <texPath>Things/Pawn/Animal/Swan/Swan</texPath>
          <drawSize>1.1</drawSize>
        </bodyGraphicData>
        <dessicatedBodyGraphicData>
          <texPath>Things/Pawn/Animal/Swan/Dessicated_Swan</texPath>
          <drawSize>1.1</drawSize>
        </dessicatedBodyGraphicData>
        <swimmingGraphicData>
          <texPath>Things/Pawn/Animal/Swan/SwimmingSwan</texPath>
          <graphicClass>Graphic_Multi</graphicClass>
          <drawSize>1.1</drawSize>
        </swimmingGraphicData>
      </li>
    </lifeStages>
  </PawnKindDef>
  
  
  <!-- Misc -->

  <ThingDef ParentName="BigBirdThingBase" Name="MiscBirdBase" Abstract="True">
    <statBases>
      <MoveSpeed>3</MoveSpeed>
      <MarketValue>120</MarketValue>
      <ComfyTemperatureMin>0</ComfyTemperatureMin>
      <FilthRate>6</FilthRate>
      <Wildness>0.45</Wildness>
      <MaxFlightTime>30</MaxFlightTime>
      <FlightCooldown>20</FlightCooldown>
    </statBases>
    <race>
      <herdAnimal>false</herdAnimal>
      <baseBodySize>0.6</baseBodySize>
      <baseHealthScale>0.6</baseHealthScale>
      <baseHungerRate>0.23</baseHungerRate>
      <foodType>VegetarianRoughAnimal</foodType>
      <trainability>None</trainability>
      <lifeExpectancy>9</lifeExpectancy>
      <soundEating>Bird_Eat</soundEating>
      <useMeatFrom>Cassowary</useMeatFrom>
      <lifeStageAges>
        <li>
          <def>AnimalBabyTiny</def>
          <minAge>0</minAge>
        </li>
        <li>
          <def>AnimalJuvenile</def>
          <minAge>0.12</minAge>
        </li>
        <li>
          <def>AnimalAdult</def>
          <minAge>0.2</minAge>
        </li>
      </lifeStageAges>
      <headPosPerRotation>
        <li>(0.0, 0, 0.22)</li>
        <li>(0.3, 0, 0.21)</li>
        <li>(0.0, 0, 0.24)</li>
        <li>(-0.3, 0, 0.21)</li>
      </headPosPerRotation>
    </race>
    <tools>
      <li>
        <label>claws</label>
        <capacities>
          <li>Scratch</li>
        </capacities>
        <power>5</power>
        <cooldownTime>1.5</cooldownTime>
        <linkedBodyPartsGroup>Feet</linkedBodyPartsGroup>
        <surpriseAttack>
          <extraMeleeDamages>
            <li>
              <def>Stun</def>
              <amount>14</amount>
            </li>
          </extraMeleeDamages>
        </surpriseAttack>
      </li>
      <li>
        <label>beak</label>
        <capacities>
          <li>Bite</li>
        </capacities>
        <power>6</power>
        <cooldownTime>2</cooldownTime>
        <linkedBodyPartsGroup>Beak</linkedBodyPartsGroup>
        <surpriseAttack>
          <extraMeleeDamages>
            <li>
              <def>Stun</def>
              <amount>14</amount>
            </li>
          </extraMeleeDamages>
        </surpriseAttack>
      </li>
      <li>
        <label>head</label>
        <capacities>
          <li>Blunt</li>
        </capacities>
        <power>4</power>
        <cooldownTime>2</cooldownTime>
        <linkedBodyPartsGroup>HeadAttackTool</linkedBodyPartsGroup>
        <ensureLinkedBodyPartsGroupAlwaysUsable>true</ensureLinkedBodyPartsGroupAlwaysUsable>
        <chanceFactor>0.2</chanceFactor>
      </li>
    </tools>
  </ThingDef>

  <ThingDef ParentName="MiscBirdBase">
    <defName>Peacock</defName>
    <label>peafowl</label>
    <description>Large birds with extravagant plumage. Male peacocks use their tail feathers in elaborate courtship displays.</description>
    <statBases>
      <MarketValue>180</MarketValue>
    </statBases>
    <comps>
      <li Class="CompProperties_EggLayer">
        <eggUnfertilizedDef>EggPeacockUnfertilized</eggUnfertilizedDef>
        <eggFertilizedDef>EggPeacockFertilized</eggFertilizedDef>
        <eggFertilizationCountMax>1</eggFertilizationCountMax>
        <eggLayIntervalDays>2</eggLayIntervalDays>
        <eggProgressUnfertilizedMax>0.5</eggProgressUnfertilizedMax>
        <eggCountRange>1~1</eggCountRange>
      </li>
    </comps>
    <race>
      <roamMtbDays>7</roamMtbDays>
      <lifeStageAges Inherit="False">
        <li>
          <def>AnimalBabyTiny</def>
          <minAge>0</minAge>
        </li>
        <li>
          <def>AnimalJuvenile</def>
          <minAge>0.12</minAge>
        </li>
        <li>
          <def>AnimalAdult</def>
          <minAge>0.2</minAge>
          <soundWounded>Pawn_Peacock_Wounded</soundWounded>
          <soundDeath>Pawn_Peacock_Death</soundDeath>
          <soundCall>Pawn_Peacock_Call</soundCall>
          <soundAngry>Pawn_Peacock_Angry</soundAngry>
        </li>
      </lifeStageAges>
    </race>
    <tradeTags>
      <li>AnimalUncommon</li>
    </tradeTags>
  </ThingDef>

  <PawnKindDef ParentName="BigBirdKindBase">
    <defName>Peacock</defName>
    <label>peafowl</label>
    <labelMale>peacock</labelMale>
    <labelFemale>peahen</labelFemale>
    <race>Peacock</race>
    <combatPower>40</combatPower>
    <flyingAnimationFramePathPrefix>Things/Pawn/Animal/Peacock/PeacockMale_Flying_</flyingAnimationFramePathPrefix>
    <flyingAnimationFramePathPrefixFemale>Things/Pawn/Animal/Peacock/PeacockFemale_Flying_</flyingAnimationFramePathPrefixFemale>
    <flyingAnimationFrameCount>8</flyingAnimationFrameCount>
    <flyingAnimationTicksPerFrame>2</flyingAnimationTicksPerFrame>
    <flyingAnimationDrawSize>1.45</flyingAnimationDrawSize>
    <flyingAnimationDrawSizeIsMultiplier>false</flyingAnimationDrawSizeIsMultiplier>
    <flyingAnimationInheritColors>false</flyingAnimationInheritColors>
    <lifeStages>
      <li>
        <bodyGraphicData>
          <texPath>Things/Pawn/Animal/Peacock/PeacockMale</texPath>
          <drawSize>1.0</drawSize>
        </bodyGraphicData>
        <femaleGraphicData>
          <texPath>Things/Pawn/Animal/Peacock/PeacockFemale</texPath>
          <drawSize>1.0</drawSize>
        </femaleGraphicData>
        <dessicatedBodyGraphicData>
          <texPath>Things/Pawn/Animal/Peacock/Dessicated_PeacockFemale</texPath>
          <drawSize>1.0</drawSize>
        </dessicatedBodyGraphicData>
      </li>
      <li>
        <bodyGraphicData>
          <texPath>Things/Pawn/Animal/Peacock/PeacockMale</texPath>
          <drawSize>1.2</drawSize>
          <shadowData>
            <volume>(0.3, 0.3, 0.3)</volume>
            <offset>(0,0,-0.3)</offset>
          </shadowData>
        </bodyGraphicData>
        <femaleGraphicData>
          <texPath>Things/Pawn/Animal/Peacock/PeacockFemale</texPath>
          <drawSize>1.2</drawSize>
          <shadowData>
            <volume>(0.4, 0.4, 0.4)</volume>
            <offset>(0,0,-0.2)</offset>
          </shadowData>
        </femaleGraphicData>
        <dessicatedBodyGraphicData>
          <texPath>Things/Pawn/Animal/Peacock/Dessicated_PeacockFemale</texPath>
          <drawSize>1.2</drawSize>
        </dessicatedBodyGraphicData>
      </li>
      <li>
        <bodyGraphicData>
          <texPath>Things/Pawn/Animal/Peacock/PeacockMale</texPath>
          <drawSize>1.4</drawSize>
          <shadowData>
            <volume>(0.4, 0.4, 0.4)</volume>
            <offset>(0,0,-0.2)</offset>
          </shadowData>
        </bodyGraphicData>
        <femaleGraphicData>
          <texPath>Things/Pawn/Animal/Peacock/PeacockFemale</texPath>
          <drawSize>1.4</drawSize>
          <shadowData>
            <volume>(0.4, 0.4, 0.4)</volume>
            <offset>(0,0,-0.2)</offset>
          </shadowData>
        </femaleGraphicData>
        <dessicatedBodyGraphicData>
          <texPath>Things/Pawn/Animal/Peacock/Dessicated_PeacockMale</texPath>
          <drawSize>1.4</drawSize>
        </dessicatedBodyGraphicData>
        <femaleDessicatedBodyGraphicData>
          <texPath>Things/Pawn/Animal/Peacock/Dessicated_PeacockFemale</texPath>
          <drawSize>1.4</drawSize>
        </femaleDessicatedBodyGraphicData>
      </li>
    </lifeStages>
  </PawnKindDef>


  <ThingDef ParentName="MiscBirdBase">
    <defName>Vulture</defName>
    <label>vulture</label>
    <description>Scavengers with strong beaks and broad wings. Their strong stomach acid allows them to eat rotting corpses.</description>
    <statBases>
      <MoveSpeed>2.8</MoveSpeed>
      <ToxicEnvironmentResistance>0.9</ToxicEnvironmentResistance>
    </statBases>
    <race>
      <trainability>Intermediate</trainability>
      <foodType>CarnivoreAnimalStrict</foodType>
      <lifeStageAges Inherit="False">
        <li>
          <def>AnimalBabyTiny</def>
          <minAge>0</minAge>
        </li>
        <li>
          <def>AnimalJuvenile</def>
          <minAge>0.12</minAge>
        </li>
        <li>
          <def>AnimalAdult</def>
          <minAge>0.2</minAge>
          <soundWounded>Pawn_Vulture_Wounded</soundWounded>
          <soundDeath>Pawn_Vulture_Death</soundDeath>
          <soundCall>Pawn_Vulture_Call</soundCall>
          <soundAngry>Pawn_Vulture_Angry</soundAngry>
        </li>
      </lifeStageAges>
    </race>
    <comps>
      <li Class="CompProperties_EggLayer">
        <eggUnfertilizedDef>EggVultureUnfertilized</eggUnfertilizedDef>
        <eggFertilizedDef>EggVultureFertilized</eggFertilizedDef>
        <eggFertilizationCountMax>1</eggFertilizationCountMax>
        <eggLayIntervalDays>4</eggLayIntervalDays>
        <eggProgressUnfertilizedMax>0.5</eggProgressUnfertilizedMax>
        <eggCountRange>1~1</eggCountRange>
      </li>
    </comps>
    <tradeTags>
      <li>AnimalUncommon</li>
    </tradeTags>
  </ThingDef>

  <PawnKindDef ParentName="BigBirdKindBase">
    <defName>Vulture</defName>
    <label>vulture</label>
    <race>Vulture</race>
    <combatPower>40</combatPower>
    <flyingAnimationFramePathPrefix>Things/Pawn/Animal/Vulture/Vulture_Flying_</flyingAnimationFramePathPrefix>
    <flyingAnimationFrameCount>8</flyingAnimationFrameCount>
    <flyingAnimationTicksPerFrame>2</flyingAnimationTicksPerFrame>
    <flyingAnimationDrawSize>1.5</flyingAnimationDrawSize>
    <flyingAnimationDrawSizeIsMultiplier>false</flyingAnimationDrawSizeIsMultiplier>
    <flyingAnimationInheritColors>false</flyingAnimationInheritColors>
    <lifeStages>
      <li>
        <bodyGraphicData>
          <texPath>Things/Pawn/Animal/Vulture/Vulture</texPath>
          <drawSize>1.0</drawSize>
        </bodyGraphicData>
        <dessicatedBodyGraphicData>
          <texPath>Things/Pawn/Animal/Vulture/Dessicated_Vulture</texPath>
          <drawSize>1.0</drawSize>
        </dessicatedBodyGraphicData>
      </li>
      <li>
        <bodyGraphicData>
          <texPath>Things/Pawn/Animal/Vulture/Vulture</texPath>
          <drawSize>1.2</drawSize>
          <shadowData>
            <volume>(0.3, 0.3, 0.3)</volume>
            <offset>(0,0,-0.3)</offset>
          </shadowData>
        </bodyGraphicData>
        <dessicatedBodyGraphicData>
          <texPath>Things/Pawn/Animal/Vulture/Dessicated_Vulture</texPath>
          <drawSize>1.2</drawSize>
        </dessicatedBodyGraphicData>
      </li>
      <li>
        <bodyGraphicData>
          <texPath>Things/Pawn/Animal/Vulture/Vulture</texPath>
          <drawSize>1.4</drawSize>
          <shadowData>
            <volume>(0.4, 0.4, 0.4)</volume>
            <offset>(0,0,-0.2)</offset>
          </shadowData>
        </bodyGraphicData>
        <dessicatedBodyGraphicData>
          <texPath>Things/Pawn/Animal/Vulture/Dessicated_Vulture</texPath>
          <drawSize>1.4</drawSize>
        </dessicatedBodyGraphicData>
      </li>
    </lifeStages>
  </PawnKindDef>


  <ThingDef ParentName="BigBirdThingBase">
    <defName>Penguin</defName>
    <label>penguin</label>
    <description>A flightless bird adept at surviving in cold regions. Their black and white plumage and waddling gait make them unmistakable. They are deadly hunters in the water, but slow and vulnerable on land.</description>
    <statBases>
      <MoveSpeed>2</MoveSpeed>
      <MarketValue>150</MarketValue>
      <ComfyTemperatureMin>-70</ComfyTemperatureMin>
      <ComfyTemperatureMax>30</ComfyTemperatureMax>
      <FilthRate>6</FilthRate>
      <Wildness>0.45</Wildness>
    </statBases>
    <race>
      <herdAnimal>true</herdAnimal>
      <baseBodySize>0.6</baseBodySize>
      <baseHealthScale>0.6</baseHealthScale>
      <baseHungerRate>0.28</baseHungerRate>
      <foodType>CarnivoreAnimal</foodType>
      <trainability>None</trainability>
      <lifeExpectancy>12</lifeExpectancy>
      <soundEating>Bird_Eat</soundEating>
      <waterCellCost>1</waterCellCost>
      <canFishForFood>true</canFishForFood>
      <useMeatFrom>Cassowary</useMeatFrom>
      <lifeStageAges>
        <li>
          <def>AnimalBabyTiny</def>
          <minAge>0</minAge>
        </li>
        <li>
          <def>AnimalJuvenile</def>
          <minAge>0.12</minAge>
        </li>
        <li>
          <def>AnimalAdult</def>
          <minAge>0.2</minAge>
          <soundWounded>Pawn_Penguin_Wounded</soundWounded>
          <soundDeath>Pawn_Penguin_Death</soundDeath>
          <soundCall>Pawn_Penguin_Call</soundCall>
          <soundAngry>Pawn_Penguin_Angry</soundAngry>
        </li>
      </lifeStageAges>
      <headPosPerRotation>
        <li>(0.0, 0, 0.22)</li>
        <li>(0.3, 0, 0.21)</li>
        <li>(0.0, 0, 0.24)</li>
        <li>(-0.3, 0, 0.21)</li>
      </headPosPerRotation>
    </race>
    <comps>
      <li Class="CompProperties_EggLayer">
        <eggUnfertilizedDef>EggPenguinUnfertilized</eggUnfertilizedDef>
        <eggFertilizedDef>EggPenguinFertilized</eggFertilizedDef>
        <eggFertilizationCountMax>1</eggFertilizationCountMax>
        <eggLayIntervalDays>2</eggLayIntervalDays>
        <eggProgressUnfertilizedMax>0.5</eggProgressUnfertilizedMax>
        <eggCountRange>1~1</eggCountRange>
      </li>
    </comps>
    <tools>
      <li>
        <label>claws</label>
        <capacities>
          <li>Scratch</li>
        </capacities>
        <power>4</power>
        <cooldownTime>1.5</cooldownTime>
        <linkedBodyPartsGroup>Feet</linkedBodyPartsGroup>
        <surpriseAttack>
          <extraMeleeDamages>
            <li>
              <def>Stun</def>
              <amount>14</amount>
            </li>
          </extraMeleeDamages>
        </surpriseAttack>
      </li>
      <li>
        <label>beak</label>
        <capacities>
          <li>Bite</li>
        </capacities>
        <power>5</power>
        <cooldownTime>2</cooldownTime>
        <linkedBodyPartsGroup>Beak</linkedBodyPartsGroup>
      </li>
      <li>
        <label>head</label>
        <capacities>
          <li>Blunt</li>
        </capacities>
        <power>4</power>
        <cooldownTime>2</cooldownTime>
        <linkedBodyPartsGroup>HeadAttackTool</linkedBodyPartsGroup>
        <ensureLinkedBodyPartsGroupAlwaysUsable>true</ensureLinkedBodyPartsGroupAlwaysUsable>
        <chanceFactor>0.2</chanceFactor>
      </li>
    </tools>
    <tradeTags>
      <li>AnimalUncommon</li>
    </tradeTags>
  </ThingDef>

  <PawnKindDef ParentName="BigBirdKindBase">
    <defName>Penguin</defName>
    <label>penguin</label>
    <race>Penguin</race>
    <combatPower>50</combatPower>
    <wildGroupSize>3~6</wildGroupSize>
    <lifeStages>
      <li>
        <bodyGraphicData>
          <texPath>Things/Pawn/Animal/Penguin/PenguinBaby</texPath>
          <drawSize>1.0</drawSize>
        </bodyGraphicData>
        <dessicatedBodyGraphicData>
          <texPath>Things/Pawn/Animal/Penguin/Dessicated_Penguin</texPath>
          <drawSize>1.0</drawSize>
        </dessicatedBodyGraphicData>
        <swimmingGraphicData>
          <texPath>Things/Pawn/Animal/Penguin/SwimmingPenguinBaby</texPath>
          <graphicClass>Graphic_Multi</graphicClass>
          <drawSize>1.0</drawSize>
        </swimmingGraphicData>
      </li>
      <li>
        <bodyGraphicData>
          <texPath>Things/Pawn/Animal/Penguin/Penguin</texPath>
          <drawSize>1.2</drawSize>
          <shadowData>
            <volume>(0.3, 0.3, 0.3)</volume>
            <offset>(0,0,-0.3)</offset>
          </shadowData>
        </bodyGraphicData>
        <dessicatedBodyGraphicData>
          <texPath>Things/Pawn/Animal/Penguin/Dessicated_Penguin</texPath>
          <drawSize>1.2</drawSize>
        </dessicatedBodyGraphicData>
        <swimmingGraphicData>
          <texPath>Things/Pawn/Animal/Penguin/SwimmingPenguin</texPath>
          <graphicClass>Graphic_Multi</graphicClass>
          <drawSize>1.2</drawSize>
        </swimmingGraphicData>
      </li>
      <li>
        <bodyGraphicData>
          <texPath>Things/Pawn/Animal/Penguin/Penguin</texPath>
          <drawSize>1.4</drawSize>
          <shadowData>
            <volume>(0.4, 0.4, 0.4)</volume>
            <offset>(0,0,-0.2)</offset>
          </shadowData>
        </bodyGraphicData>
        <dessicatedBodyGraphicData>
          <texPath>Things/Pawn/Animal/Penguin/Dessicated_Penguin</texPath>
          <drawSize>1.4</drawSize>
        </dessicatedBodyGraphicData>
        <swimmingGraphicData>
          <texPath>Things/Pawn/Animal/Penguin/SwimmingPenguin</texPath>
          <graphicClass>Graphic_Multi</graphicClass>
          <drawSize>1.4</drawSize>
        </swimmingGraphicData>
      </li>
    </lifeStages>
  </PawnKindDef>
  
</Defs>