﻿<?xml version="1.0" encoding="utf-8"?>
<Defs>

  <ThingDef ParentName="BaseInsect">
    <defName>Larva</defName>
    <label>larva</label>
    <description>The juvenile form of larger bioengineered insects. Larva maintain and expand hives using an acidic secretion. If provoked, they defend themselves by spewing sludge.</description>
    <statBases>
      <MoveSpeed>2.0</MoveSpeed>
      <ComfyTemperatureMin>0</ComfyTemperatureMin>
      <MarketValue>35</MarketValue>
      <LeatherAmount>0</LeatherAmount>
      <Wildness>0.2</Wildness>
    </statBases>
    <tools>
      <li>
        <label>mandibles</label>
        <capacities>
          <li>Bite</li>
        </capacities>
        <power>5</power>
        <cooldownTime>2</cooldownTime>
        <linkedBodyPartsGroup>Mouth</linkedBodyPartsGroup>
      </li>
      <li>
        <label>head</label>
        <capacities>
          <li>Blunt</li>
        </capacities>
        <power>4</power>
        <cooldownTime>2</cooldownTime>
        <linkedBodyPartsGroup>HeadAttackTool</linkedBodyPartsGroup>
        <ensureLinkedBodyPartsGroupAlwaysUsable>true</ensureLinkedBodyPartsGroupAlwaysUsable>
        <chanceFactor>0.1</chanceFactor>
      </li>
    </tools>
    <race>
      <body>Larva</body>
      <baseBodySize>0.2</baseBodySize>
      <baseHungerRate>0.10</baseHungerRate>
      <baseHealthScale>0.25</baseHealthScale>
      <useMeatFrom>Megaspider</useMeatFrom>
      <lifeExpectancy>4</lifeExpectancy>
      <trainability>Intermediate</trainability>
      <specialTrainables>
        <li>SludgeSpew</li>
      </specialTrainables>
      <lifeStageAges>
        <li>
          <def>EusocialInsectAdult</def>
          <minAge>0</minAge>
          <soundWounded>Pawn_Larva_Wounded</soundWounded>
          <soundDeath>Pawn_Larva_Death</soundDeath>
          <soundCall>Pawn_Larva_Call</soundCall>
          <soundAngry>Pawn_Larva_Angry</soundAngry>
        </li>
      </lifeStageAges>
      <soundMeleeHitPawn>Pawn_Melee_SmallScratch_HitPawn</soundMeleeHitPawn>
      <soundMeleeHitBuilding>Pawn_Melee_SmallScratch_HitBuilding</soundMeleeHitBuilding>
      <soundMeleeMiss>Pawn_Melee_SmallScratch_Miss</soundMeleeMiss>
    </race>
    <tradeTags>
      <li>AnimalInsect</li>
    </tradeTags>
    <comps>
      <li Class="CompProperties_SpreadSludge">
        <mtbTicks>15000</mtbTicks>
        <abilityDef>SludgeSpew</abilityDef>
        <tryAvoidSludge>true</tryAvoidSludge>
      </li>
    </comps>
  </ThingDef>

  <PawnKindDef ParentName="InsectKindBase">
    <defName>Larva</defName>
    <label>larva</label>
    <race>Larva</race>
    <combatPower>25</combatPower>
    <ecoSystemWeight>0.15</ecoSystemWeight>
    <abilities>
      <li>SludgeSpew</li>
    </abilities>
    <lifeStages>
      <li>
        <bodyGraphicData>
          <texPath>Things/Pawn/Insect/Larva/Larva</texPath>
          <drawSize>0.85</drawSize>
          <color>(185,194,156)</color>
        </bodyGraphicData>
        <dessicatedBodyGraphicData>
          <texPath>Things/Pawn/Insect/Larva/Dessicated_Larva</texPath>
          <drawSize>0.85</drawSize>
        </dessicatedBodyGraphicData>
      </li>
    </lifeStages>
  </PawnKindDef>


  <ThingDef ParentName="BaseInsect">
    <defName>HiveQueen</defName>
    <label>hive queen</label>
    <description>The birth mother of an insect megahive. Under suitable conditions, several distinct insect hives will merge together and produce a hive queen. The queen quickly grows in size, becoming trapped in her own burrow.</description>
    <statBases>
      <MoveSpeed>3.4</MoveSpeed>
      <ComfyTemperatureMin>-40</ComfyTemperatureMin>
      <MarketValue>2000</MarketValue>
      <LeatherAmount>0</LeatherAmount>
      <ArmorRating_Blunt>0.27</ArmorRating_Blunt>
      <ArmorRating_Sharp>0.22</ArmorRating_Sharp>
      <FilthRate>28</FilthRate>
      <Wildness>0.99</Wildness>
    </statBases>
    <tools>
      <li>
        <label>head claw</label>
        <capacities>
          <li>Cut</li>
        </capacities>
        <power>30</power>
        <cooldownTime>2.6</cooldownTime>
        <linkedBodyPartsGroup>HeadClaw</linkedBodyPartsGroup>
      </li>
      <li>
        <label>head</label>
        <capacities>
          <li>Blunt</li>
        </capacities>
        <power>14</power>
        <cooldownTime>2</cooldownTime>
        <linkedBodyPartsGroup>HeadAttackTool</linkedBodyPartsGroup>
        <ensureLinkedBodyPartsGroupAlwaysUsable>true</ensureLinkedBodyPartsGroupAlwaysUsable>
        <chanceFactor>0.2</chanceFactor>
      </li>
    </tools>
    <race>
      <body>BeetleLikeWithClaw</body>
      <forceGender>Female</forceGender>
      <baseBodySize>4.5</baseBodySize>
      <baseHealthScale>9.8</baseHealthScale>
      <useMeatFrom>Megaspider</useMeatFrom>
      <needsRest>false</needsRest>
      <lifeExpectancy>75</lifeExpectancy>
      <trainability>Advanced</trainability>
      <specialTrainables>
        <li>EggSpew</li>
      </specialTrainables>
      <manhunterOnDamageChance>1</manhunterOnDamageChance>
      <manhunterOnTameFailChance>1</manhunterOnTameFailChance>
      <lifeStageAges>
        <li>
          <def>EusocialInsectAdult</def>
          <soundWounded>Pawn_HiveQueen_Wounded</soundWounded>
          <soundDeath>Pawn_HiveQueen_Death</soundDeath>
          <soundCall>Pawn_HiveQueen_Call</soundCall>
          <soundAngry>Pawn_HiveQueen_Angry</soundAngry>
        </li>
      </lifeStageAges>
      <soundMeleeHitPawn>Pawn_Melee_BigBash_HitPawn</soundMeleeHitPawn>
      <soundMeleeHitBuilding>Pawn_Melee_BigBash_HitBuilding</soundMeleeHitBuilding>
      <soundMeleeMiss>Pawn_Melee_BigBash_Miss</soundMeleeMiss>
    </race>
    <comps>
      <li Class="CompProperties_SpreadSludge">
        <mtbTicks>15000</mtbTicks>
        <abilityDef>EggSpew</abilityDef>
      </li>
      <li Class="CompProperties_LetterOnRevealed">
        <label>Hive queen</label>
        <text>You've discovered the center of the nest. It's guarded by a massive insect queen!</text>
        <letterDef>ThreatBig</letterDef>
      </li>
    </comps>
    <tradeTags>
      <li>AnimalInsect</li>
    </tradeTags>
    <butcherProducts>
      <InsectJelly>150</InsectJelly>
    </butcherProducts>
  </ThingDef>
  
  <PawnKindDef ParentName="InsectKindBase">
    <defName>HiveQueen</defName>
    <label>hive queen</label>
    <race>HiveQueen</race>
    <combatPower>500</combatPower>
    <ecoSystemWeight>0.15</ecoSystemWeight>
    <appearsRandomlyInCombatGroups>false</appearsRandomlyInCombatGroups>
    <canBeScattered>false</canBeScattered>
    <isBoss>true</isBoss>
    <abilities>
      <li>EggSpew</li>
    </abilities>
    <lifeStages>
      <li>
        <bodyGraphicData>
          <texPath>Things/Pawn/Insect/HiveQueen/HiveQueen</texPath>
          <drawSize>4</drawSize>
        </bodyGraphicData>
        <dessicatedBodyGraphicData>
          <texPath>Things/Pawn/Insect/HiveQueen/Dessicated_HiveQueen</texPath>
          <drawSize>4</drawSize>
        </dessicatedBodyGraphicData>
      </li>
    </lifeStages>
  </PawnKindDef>


  <ThingDef ParentName="BaseInsect">
    <defName>Locust</defName>
    <label>locust</label>
    <description>A bioengineered insect capable of flying short distances. Specialized chemical receptors allow locusts to effectively forage for food. While relatively weak on their own, swarms of locusts can be deadly.</description>
    <statBases>
      <MoveSpeed>3.0</MoveSpeed>
      <ComfyTemperatureMin>-10</ComfyTemperatureMin>
      <MarketValue>120</MarketValue>
      <LeatherAmount>0</LeatherAmount>
      <MaxFlightTime>10</MaxFlightTime>
      <FlightCooldown>5</FlightCooldown>
      <Wildness>0.3</Wildness>
    </statBases>
    <uiIconScale>1.5</uiIconScale>
    <tools>
      <li>
        <label>mandibles</label>
        <capacities>
          <li>Bite</li>
        </capacities>
        <power>6</power>
        <cooldownTime>2</cooldownTime>
        <linkedBodyPartsGroup>Mouth</linkedBodyPartsGroup>
      </li>
      <li>
        <label>head</label>
        <capacities>
          <li>Blunt</li>
        </capacities>
        <power>4</power>
        <cooldownTime>2</cooldownTime>
        <linkedBodyPartsGroup>HeadAttackTool</linkedBodyPartsGroup>
        <ensureLinkedBodyPartsGroupAlwaysUsable>true</ensureLinkedBodyPartsGroupAlwaysUsable>
        <chanceFactor>0.1</chanceFactor>
      </li>
    </tools>
    <race>
      <body>BeetleLike</body>
      <baseBodySize>0.6</baseBodySize>
      <baseHungerRate>0.15</baseHungerRate>
      <baseHealthScale>0.7</baseHealthScale>
      <useMeatFrom>Megaspider</useMeatFrom>
      <lifeExpectancy>10</lifeExpectancy>
      <trainability>Intermediate</trainability>
      <specialTrainables>
        <li>Forage</li>
      </specialTrainables>
      <flightStartChanceOnJobStart>0.1</flightStartChanceOnJobStart>
      <flightSpeedFactor>2.5</flightSpeedFactor>
      <canFlyIntoMap>true</canFlyIntoMap>
      <lifeStageAges>
        <li>
          <def>EusocialInsectLarva</def>
          <minAge>0</minAge>
        </li>
        <li>
          <def>EusocialInsectJuvenile</def>
          <minAge>0.03</minAge>
        </li>
        <li>
          <def>EusocialInsectAdult</def>
          <minAge>0.4</minAge>
          <soundWounded>Pawn_Locust_Wounded</soundWounded>
          <soundDeath>Pawn_Locust_Death</soundDeath>
          <soundCall>Pawn_Locust_Call</soundCall>
          <soundAngry>Pawn_Locust_Angry</soundAngry>
        </li>
      </lifeStageAges>
      <soundMeleeHitPawn>Pawn_Melee_SmallScratch_HitPawn</soundMeleeHitPawn>
      <soundMeleeHitBuilding>Pawn_Melee_SmallScratch_HitBuilding</soundMeleeHitBuilding>
      <soundMeleeMiss>Pawn_Melee_SmallScratch_Miss</soundMeleeMiss>
      <headPosPerRotation>
        <li>(0.0, 0, 0.12)</li>
        <li>(0.07, 0, -0.05)</li>
        <li>(0.0, 0, -0.08)</li>
        <li>(-0.07, 0, -0.05)</li>
      </headPosPerRotation>
    </race>
    <tradeTags>
      <li>AnimalInsect</li>
    </tradeTags>
  </ThingDef>

  <PawnKindDef ParentName="InsectKindBase">
    <defName>Locust</defName>
    <label>locust</label>
    <race>Locust</race>
    <combatPower>55</combatPower>
    <ecoSystemWeight>0.15</ecoSystemWeight>
    <flyingAnimationFramePathPrefix>Things/Pawn/Insect/Locust/LocustFlying/Locust_Flying_</flyingAnimationFramePathPrefix>
    <flyingAnimationFrameCount>5</flyingAnimationFrameCount>
    <flyingAnimationTicksPerFrame>2</flyingAnimationTicksPerFrame>
    <flyingAnimationDrawSize>1</flyingAnimationDrawSize>
    <flyingAnimationDrawSizeIsMultiplier>false</flyingAnimationDrawSizeIsMultiplier>
    <flyingAnimationInheritColors>true</flyingAnimationInheritColors>
    <lifeStages>
      <li>
        <bodyGraphicData>
          <texPath>Things/Pawn/Insect/Locust/Locust</texPath>
          <drawSize>1.25</drawSize>
          <color>(145,140,109)</color>
        </bodyGraphicData>
        <dessicatedBodyGraphicData>
          <texPath>Things/Pawn/Insect/Locust/Dessicated_Locust</texPath>
          <drawSize>1.25</drawSize>
        </dessicatedBodyGraphicData>
      </li>
      <li>
        <bodyGraphicData>
          <texPath>Things/Pawn/Insect/Locust/Locust</texPath>
          <drawSize>1.45</drawSize>
          <color>(145,140,109)</color>
        </bodyGraphicData>
        <dessicatedBodyGraphicData>
          <texPath>Things/Pawn/Insect/Locust/Dessicated_Locust</texPath>
          <drawSize>1.45</drawSize>
        </dessicatedBodyGraphicData>
      </li>
      <li>
        <bodyGraphicData>
          <texPath>Things/Pawn/Insect/Locust/Locust</texPath>
          <drawSize>1.65</drawSize>
          <color>(145,140,109)</color>
          <shadowData>
            <volume>(0.2, 0.3, 0.2)</volume>
            <offset>(0,0,0)</offset>
          </shadowData>
        </bodyGraphicData>
        <dessicatedBodyGraphicData>
          <texPath>Things/Pawn/Insect/Locust/Dessicated_Locust</texPath>
          <drawSize>1.65</drawSize>
        </dessicatedBodyGraphicData>
      </li>
    </lifeStages>
  </PawnKindDef>

</Defs>