﻿<?xml version="1.0" encoding="utf-8" ?>
<Defs>
  
  <ResearchProjectDef>
    <defName>Fishing</defName>
    <label>fishing</label>
    <description>Place zones where your colonists can go fishing.</description>
    <baseCost>600</baseCost>
    <techLevel>Neolithic</techLevel>
    <researchViewX>1.00</researchViewX>
    <researchViewY>2.80</researchViewY>
    <teachConcept>Fishing</teachConcept>
    <tags>
      <li>TribalStart</li>
    </tags>
    <customUnlockTexts>
      <li>Fishing zone</li>
    </customUnlockTexts>
    <generalRules>
      <rulesStrings>
        <li>subject->fishing</li>

        <li>subject_story->fished for a living</li>

        <li>subject_gerund->fishing</li>
      </rulesStrings>
    </generalRules>
  </ResearchProjectDef>

  <ResearchProjectDef>
    <defName>BasicGravtech</defName>
    <label>basic gravtech</label>
    <description>Build a gravship and use it to travel the planet. Without a grav anchor, launching a gravship will abandon your current map.</description>
    <baseCost>300</baseCost>
    <techLevel>Industrial</techLevel>
    <prerequisites>
      <li>Electricity</li>
    </prerequisites>
    <researchViewX>9.00</researchViewX>
    <researchViewY>4.80</researchViewY>
    <requireGravEngineInspected>true</requireGravEngineInspected>
    <generalRules>
      <rulesStrings>
        <li>subject->gravship</li>

        <li>subject_story->flew a gravship for a tourism company</li>

        <li>subject_gerund->constructing gravships</li>
      </rulesStrings>
    </generalRules>
  </ResearchProjectDef>

  <ResearchProjectDef>
    <defName>StandardGravtech</defName>
    <label>standard gravtech</label>
    <description>Build complex gravship parts.</description>
    <baseCost>1200</baseCost>
    <techLevel>Industrial</techLevel>
    <requiredResearchBuilding>HiTechResearchBench</requiredResearchBuilding>
    <prerequisites>
      <li>BasicGravtech</li>
      <li>MicroelectronicsBasics</li>
    </prerequisites>
    <researchViewX>11.00</researchViewX>
    <researchViewY>4.80</researchViewY>
    <generalRules>
      <rulesStrings>
        <li>subject->gravtech</li>

        <li>subject_story->researched complex gravship components</li>

        <li>subject_gerund->researching gravships</li>
      </rulesStrings>
    </generalRules>
    <discoveredLetterTitle>About: Getting vacstone</discoveredLetterTitle>
    <discoveredLetterText>You now have the technology to build large thrusters. These require vacstone blocks which can be obtained from orbital asteroids.\n\nYou can travel to orbital locations using transport pods, shuttles, or a gravship. Make sure to equip your colonists with vacsuits or other advanced armors to survive in space.</discoveredLetterText>
  </ResearchProjectDef>

  <ResearchProjectDef>
    <defName>AdvancedGravtech</defName>
    <label>advanced gravtech</label>
    <description>Build advanced gravship parts.</description>
    <baseCost>2000</baseCost>
    <techLevel>Spacer</techLevel>
    <requiredResearchBuilding>HiTechResearchBench</requiredResearchBuilding>
    <requiredResearchFacilities>
      <li>MultiAnalyzer</li>
    </requiredResearchFacilities>
    <prerequisites>
      <li>StandardGravtech</li>
      <li>Fabrication</li>
    </prerequisites>
    <researchViewX>17.00</researchViewX>
    <researchViewY>4.80</researchViewY>
    <generalRules>
      <rulesStrings>
        <li>subject->advanced gravtech</li>

        <li>subject_story->researched advanced gravship components</li>

        <li>subject_gerund->researching signal jamming</li>
      </rulesStrings>
    </generalRules>
  </ResearchProjectDef>

  <ResearchProjectDef>
    <defName>OrbitalTech</defName>
    <label>orbital tech</label> 
    <description>Construct buildings and apparel that can protect against the harsh vacuum of space.</description> 
    <baseCost>1000</baseCost>
    <techLevel>Industrial</techLevel>
    <requiredResearchBuilding>HiTechResearchBench</requiredResearchBuilding>
    <prerequisites>
      <li>MicroelectronicsBasics</li>
    </prerequisites>
    <researchViewX>14.00</researchViewX>
    <researchViewY>2.40</researchViewY>
    <generalRules>
      <rulesStrings>
        <li>subject->orbital apparel</li>
        
        <li>subject_story->assembled liners for vacsuits</li>
        <li>subject_story->tested vacsuits</li>
        <li>subject_story->developed rebreather technology</li>
        <li>subject_story->studied the effects of space radiation on human tissue</li>
        
        <li>subject_gerund->assembling vacsuits</li>
        <li>subject_gerund->assembling rebreathers</li>
        <li>subject_gerund->testing vacsuits</li>
      </rulesStrings>
    </generalRules>
  </ResearchProjectDef>

  <ResearchProjectDef>
    <defName>HeavyBridges</defName>
    <label>heavy bridges</label>
    <description>Build heavy bridges that support heavy buildings. You can use this to build whole colonies on the water.</description>
    <baseCost>800</baseCost>
    <techLevel>Industrial</techLevel>
    <researchViewX>0.00</researchViewX>
    <researchViewY>5.60</researchViewY>
    <generalRules>
      <rulesStrings>
        <li>subject->construction</li>

        <li>subject_story->built bridges</li>

        <li>subject_gerund->constructing</li>
      </rulesStrings>
    </generalRules>
  </ResearchProjectDef>
  
  <ResearchProjectDef>
    <defName>BeamWeapons</defName>
    <label>beam weapons</label> 
    <description>Construct weapons that use gamma ray beams to burn through armor and ignite targets.</description>
    <baseCost>4000</baseCost>
    <techLevel>Spacer</techLevel>
    <requiredResearchBuilding>HiTechResearchBench</requiredResearchBuilding>
    <requiredResearchFacilities>
      <li>MultiAnalyzer</li>
    </requiredResearchFacilities>
    <prerequisites>
      <li>AdvancedFabrication</li>
      <li>ChargedShot</li>
    </prerequisites>
    <researchViewX>19.00</researchViewX>
    <researchViewY>1.80</researchViewY>
    <generalRules>
      <rulesStrings>
        <li>subject->beam weapons</li>

        <li>subject_story->made gamma-ray beam weaponry</li>

        <li>subject_gerund->making beam weapons</li>
      </rulesStrings>
    </generalRules>
  </ResearchProjectDef>

  <ResearchProjectDef>
    <defName>Shuttles</defName>
    <label>shuttle</label>
    <description>Build a shuttle which can be used for long distance travel or to reach orbit. This requires a shuttle engine which can be bought from orbital traders, salvaged from other shuttles, or obtained through quests.</description>
    <baseCost>2500</baseCost>
    <techLevel>Spacer</techLevel>
    <requiredResearchBuilding>HiTechResearchBench</requiredResearchBuilding>
    <requiredResearchFacilities>
      <li>MultiAnalyzer</li>
    </requiredResearchFacilities>
    <prerequisites>
      <li>MultiAnalyzer</li>
      <li>TransportPod</li>
    </prerequisites>
    <researchViewX>15.00</researchViewX>
    <researchViewY>1.20</researchViewY>
    <generalRules>
      <rulesStrings>
        <li>subject->shuttles</li>

        <li>subject_story->flew in a shuttle</li>
        <li>subject_story->designed a shuttle</li>

        <li>subject_gerund->engineering shuttles</li>
        <li>subject_gerund->piloting shuttles</li>
      </rulesStrings>
    </generalRules>
  </ResearchProjectDef>

  <ResearchProjectDef>
    <defName>HunterDrones</defName>
    <label>hunter drone</label>
    <description>Build traps and wearable packs that release hunter drones. These explosive drones pursue hostiles and detonate when within range.</description>
    <baseCost>1600</baseCost>
    <techLevel>Industrial</techLevel>
    <requiredResearchBuilding>HiTechResearchBench</requiredResearchBuilding>
    <prerequisites>
      <li>MicroelectronicsBasics</li>
    </prerequisites>
    <researchViewX>12.00</researchViewX>
    <researchViewY>1.80</researchViewY>
    <generalRules>
      <rulesStrings>
        <li>subject->hunter drones</li>

        <li>subject_story->made self-detonating drones</li>

        <li>subject_gerund->making hunter drones</li>
      </rulesStrings>
    </generalRules>
  </ResearchProjectDef>

</Defs>
