<?xml version="1.0" encoding="utf-8" ?>
<Defs>

  <PlaceDef>
    <defName>Sophiamunda</defName>
    <tags>
      <li>OriginTechnoFeudal</li>
    </tags>
    <placeRules>
      <include>
        <li MayRequire="Ludeon.RimWorld.Ideology">PlaceMakerCommon</li>
      </include>
      <rulesStrings>
        <!-- Sophiamunda is the shattered empire's home world. -->
        <li>place_name->Sophiamunda</li>
        <li>place_adjective->Sophian</li>
        <li>place_summary->techno-feudal world</li>
        <li>place_community->castle</li>
        <li>place_community->palace</li>
        <li>place_job->knight</li>
        <li>place_job->squire</li>
        <li>place_job->duke</li>
        <li>place_job->maid</li>
        <li>place_job->swordsmith</li>
        <li>place_personalWeapon->persona plasmasword</li>
        <li>place_personalWeapon->warhammer</li>
        <li>place_massWeapon->an orbital mech cluster targeter</li>
        <li>place_massWeapon->a bio-engineered plague</li>
        <li>place_massWeapon->an army of fallen knights</li>
        <li>place_foeLeader->revolutionist</li>
        <li>place_foeSoldiers->rebels</li>
      </rulesStrings>
    </placeRules>
  </PlaceDef>

</Defs>
