﻿<?xml version="1.0" encoding="utf-8"?>
<Defs>

  <ThingSetMakerDef>
    <defName>Reward_UniqueWeapon</defName>
    <root Class="ThingSetMaker_Sum">
      <resolveInOrder>true</resolveInOrder>
      <options>
        <li>
          <thingSetMaker Class="ThingSetMaker_UniqueWeapon" />
        </li>
      </options>
    </root>
  </ThingSetMakerDef>

  <ThingSetMakerDef>
    <defName>Reward_GravshipUpgrade</defName>
    <root Class="ThingSetMaker_RandomOption">
      <options>
        <li>
          <weight>1</weight>
          <thingSetMaker Class="ThingSetMaker_StackCount">
            <fixedParams>
              <filter>
                <thingDefs>
                  <li>FuelOptimizer</li>
                </thingDefs>
              </filter>
              <countRange>1</countRange>
            </fixedParams>
          </thingSetMaker>
        </li>
        <li>
          <weight>1</weight>
          <thingSetMaker Class="ThingSetMaker_StackCount">
            <fixedParams>
              <filter>
                <thingDefs>
                  <li>GravshipShieldGenerator</li>
                </thingDefs>
              </filter>
              <countRange>1</countRange>
            </fixedParams>
          </thingSetMaker>
        </li>
        <li>
          <weight>1</weight>
          <thingSetMaker Class="ThingSetMaker_StackCount">
            <fixedParams>
              <filter>
                <thingDefs>
                  <li>PilotSubpersonaCore</li>
                </thingDefs>
              </filter>
              <countRange>1</countRange>
            </fixedParams>
          </thingSetMaker>
        </li>
        <li>
          <weight>0.75</weight>
          <thingSetMaker Class="ThingSetMaker_StackCount">
            <fixedParams>
              <filter>
                <thingDefs>
                  <li>Gravcore</li>
                </thingDefs>
              </filter>
              <countRange>1</countRange>
            </fixedParams>
          </thingSetMaker>
        </li>
      </options>
    </root>
  </ThingSetMakerDef>

</Defs>