﻿<?xml version="1.0" encoding="utf-8"?>
<Defs>

  <PawnColumnDef>
    <defName>Slaughter</defName>
    <workerClass>PawnColumnWorker_Slaughter</workerClass>
    <sortable>true</sortable>
    <headerIcon>UI/Icons/Animal/Slaughter</headerIcon>
    <headerTip>Slaughter</headerTip>
    <paintable>true</paintable>
  </PawnColumnDef>

  <PawnColumnDef>
    <defName>Sterile</defName>
    <workerClass>PawnColumnWorker_Sterilize</workerClass>
    <headerIcon>UI/Icons/Animal/Sterile</headerIcon>
    <headerTip>Sterilize</headerTip>
    <sortable>true</sortable>
    <paintable>true</paintable>
  </PawnColumnDef>

  <PawnColumnDef>
    <defName>ReleaseAnimalToWild</defName>
    <headerTip>Release to wild</headerTip>
    <headerIcon>UI/Designators/ReleaseToTheWild</headerIcon>
    <workerClass>PawnColumnWorker_ReleaseAnimalToWild</workerClass>
    <sortable>true</sortable>
    <paintable>true</paintable>
  </PawnColumnDef>

  <PawnColumnDef>
    <defName>FollowDrafted</defName>
    <workerClass>PawnColumnWorker_FollowDrafted</workerClass>
    <sortable>true</sortable>
    <headerIcon>UI/Icons/Animal/FollowDrafted</headerIcon>
    <headerTip>Follow master while the master is drafted.</headerTip>
    <paintable>true</paintable>
  </PawnColumnDef>

  <PawnColumnDef>
    <defName>FollowFieldwork</defName>
    <workerClass>PawnColumnWorker_FollowFieldwork</workerClass>
    <sortable>true</sortable>
    <headerIcon>UI/Icons/Animal/FollowFieldwork</headerIcon>
    <headerTip>Follow master while the master is doing field work (hunting or taming animals).</headerTip>
    <paintable>true</paintable>
  </PawnColumnDef>

  <PawnColumnDef>
    <defName>Hunt</defName>
    <workerClass>PawnColumnWorker_Hunt</workerClass>
    <sortable>true</sortable>
    <headerIcon>UI/Icons/Animal/Hunt</headerIcon>
    <headerTip>Mark animals to be hunted by your hunters.</headerTip>
    <paintable>true</paintable>
  </PawnColumnDef>

  <PawnColumnDef>
    <defName>Tame</defName>
    <workerClass>PawnColumnWorker_Tame</workerClass>
    <sortable>true</sortable>
    <headerIcon>UI/Icons/Animal/Tame</headerIcon>
    <headerTip>Tame a wild animal.</headerTip>
    <paintable>true</paintable>
  </PawnColumnDef>

</Defs>
