<?xml version="1.0" encoding="utf-8" ?>
<Defs>

  <ThoughtDef>
    <defName>FedOn_Social</defName>
    <thoughtClass>Thought_MemorySocial</thoughtClass>
    <durationDays>60</durationDays>
    <stackLimit>50</stackLimit>
    <stackLimitForSameOtherPawn>10</stackLimitForSameOtherPawn>
    <nullifyingTraits>
      <li>Masochist</li>
    </nullifyingTraits>
    <stages>
      <li>
        <label>fed on</label>
        <baseOpinionOffset>-20</baseOpinionOffset>
      </li>
    </stages>
  </ThoughtDef>

</Defs>