﻿<?xml version="1.0" encoding="utf-8" ?>
<Defs>

  <RaidStrategyDef Name="ImmediateAttack">
    <defName>ImmediateAttack</defName>
    <workerClass>RaidStrategyWorker_ImmediateAttack</workerClass>
    <selectionWeightPerPointsCurve>
      <points>
        <li>(0, 1)</li>
      </points>
    </selectionWeightPerPointsCurve>
    <selectionWeightCurvesPerFaction>
      <li>
        <faction>Mechanoid</faction>
        <selectionWeightPerPointsCurve>
          <points>
            <li>(0, 0)</li>
          </points>
        </selectionWeightPerPointsCurve>
      </li>
    </selectionWeightCurvesPerFaction>
    <pointsFactorCurve>
      <points>
        <li>0, 1</li>
      </points>
    </pointsFactorCurve>
    <arriveModes>
      <li>EdgeDrop</li>
      <li>EdgeWalkIn</li>
      <li>CenterDrop</li>
      <li>RandomDrop</li>
      <li>EdgeDropGroups</li>
      <li>EdgeWalkInGroups</li>
      <li MayRequire="Ludeon.RimWorld.Anomaly">EdgeWalkInDarkness</li>
    </arriveModes>
    <letterLabelEnemy>Raid</letterLabelEnemy>
    <arrivalTextEnemy>They are attacking immediately.</arrivalTextEnemy>
    <letterLabelFriendly>Friendlies</letterLabelFriendly>
    <arrivalTextFriendly>They are moving in to help you immediately.</arrivalTextFriendly>
  </RaidStrategyDef>

  <RaidStrategyDef ParentName="ImmediateAttack">
    <defName>ImmediateAttackFriendly</defName>
    <workerClass>RaidStrategyWorker_ImmediateAttackFriendly</workerClass>
    <pawnsCanBringFood>True</pawnsCanBringFood>
  </RaidStrategyDef>

  <RaidStrategyDef>
    <defName>ImmediateAttackSmart</defName>
    <workerClass>RaidStrategyWorker_ImmediateAttackSmart</workerClass>
    <selectionWeightPerPointsCurve>
      <points>
        <li>(0,0)</li>
        <li>(1000,0.5)</li>
      </points>
    </selectionWeightPerPointsCurve>
    <pointsFactorCurve>
      <points>
        <li>0, 0.95</li>
      </points>
    </pointsFactorCurve>
    <arriveModes>
      <li>EdgeDrop</li>
      <li>EdgeWalkIn</li>
      <li>CenterDrop</li>
      <li>RandomDrop</li>
      <li>EdgeDropGroups</li>
      <li>EdgeWalkInGroups</li>
    </arriveModes>
    <letterLabelEnemy>Raid</letterLabelEnemy>
    <arrivalTextEnemy>They are attacking immediately.\n\nWatch out - they appear to be unusually clever with their tactics. They'll avoid your turrets' fields of fire and notice some of your traps.</arrivalTextEnemy>
    <letterLabelFriendly>Friendlies</letterLabelFriendly>
    <arrivalTextFriendly>They are moving in to help you immediately.</arrivalTextFriendly>
  </RaidStrategyDef>

  <RaidStrategyDef>
    <defName>StageThenAttack</defName>
    <workerClass>RaidStrategyWorker_StageThenAttack</workerClass>
    <selectionWeightPerPointsCurve>
      <points>
        <li>(0, 1)</li>
      </points>
    </selectionWeightPerPointsCurve>
    <selectionWeightCurvesPerFaction>
      <li>
        <faction>Mechanoid</faction>
        <selectionWeightPerPointsCurve>
          <points>
            <li>(0, 1)</li> <!-- Constant 1 -->
          </points>
        </selectionWeightPerPointsCurve>
      </li>
    </selectionWeightCurvesPerFaction>
    <pointsFactorCurve>
      <points>
        <li>0, 1</li>
      </points>
    </pointsFactorCurve>
    <arriveModes>
      <li>EdgeDrop</li>
      <li>EdgeWalkIn</li>
      <li>EdgeDropGroups</li>
      <li>EdgeWalkInGroups</li>
    </arriveModes>
    <letterLabelEnemy>Raid</letterLabelEnemy>
    <arrivalTextEnemy>They will prepare for a while, then attack.\n\nPrepare a defense or attack them pre-emptively.</arrivalTextEnemy>
    <letterLabelFriendly>Friendlies</letterLabelFriendly>
    <arrivalTextFriendly>They will prepare for a while before moving in to help you.</arrivalTextFriendly>
  </RaidStrategyDef>

  <RaidStrategyDef>
    <defName>EmergeFromWater</defName>
    <workerClass>RaidStrategyWorker_ImmediateAttack</workerClass>
    <selectionWeightPerPointsCurve>
      <points>
        <li>(0, 0)</li>
      </points>
    </selectionWeightPerPointsCurve>
    <selectionWeightCurvesPerFaction>
      <li>
        <faction>Mechanoid</faction>
        <selectionWeightPerPointsCurve>
          <points>
            <li>(500, 0)</li>
            <li>(1000, 0.25)</li>
          </points>
        </selectionWeightPerPointsCurve>
      </li>
    </selectionWeightCurvesPerFaction>
    <pointsFactorCurve>
      <points>
        <li>0, 0.8</li>
      </points>
    </pointsFactorCurve>
    <arriveModes>
      <li>EmergeFromWater</li>
    </arriveModes>
    <letterLabelEnemy>Raid</letterLabelEnemy>
    <arrivalTextEnemy>They are attacking immediately.</arrivalTextEnemy>
    <letterLabelFriendly>Friendlies</letterLabelFriendly>
    <arrivalTextFriendly>They are moving in to help you immediately.</arrivalTextFriendly>
  </RaidStrategyDef>
  
</Defs>
