﻿<?xml version="1.0" encoding="utf-8"?>
<Defs>

  <ThingDef ParentName="MoteBase">
    <defName>Mote_FishingRod</defName>
    <thingClass>MoteAttached</thingClass>
    <altitudeLayer>Pawn</altitudeLayer>
    <drawOffscreen>true</drawOffscreen>
    <mote>
      <updateOffsetToMatchTargetRotation>True</updateOffsetToMatchTargetRotation>
      <solidTime>600</solidTime>
      <rotateTowardsTarget>true</rotateTowardsTarget>
      <yFightingOffsetScalar01>0</yFightingOffsetScalar01>
    </mote>
    <graphicData>
      <graphicClass>Graphic_Multi</graphicClass>
      <texPath>Things/Mote/FishingRod/FishingRod</texPath>
    </graphicData>
  </ThingDef>

  <ThingDef ParentName="MoteBase">
    <defName>Mote_BeamRepeaterLaser</defName>
    <thingClass>MoteDualAttached</thingClass>
    <altitudeLayer>MoteOverhead</altitudeLayer>
    <mote>
      <fadeInTime>0.1</fadeInTime>
      <fadeOutTime>0.1</fadeOutTime>
      <solidTime>0.1</solidTime>
      <rotateTowardsTarget>True</rotateTowardsTarget>
      <scaleToConnectTargets>True</scaleToConnectTargets>
    </mote>
    <drawOffscreen>true</drawOffscreen>
    <graphicData>
      <texPath>Things/Mote/GraserBeam</texPath>
      <graphicClass>Graphic_MoteWithAgeSecs</graphicClass>
      <shaderType>MoteBeam</shaderType>
      <shaderParameters>
        <_ExtraTexA>/Things/Mote/BeamSecondaryNoise_A</_ExtraTexA>
        <_ExtraTexB>/Things/Mote/BeamSecondaryNoise_B</_ExtraTexB>
        <_ScrollSpeedA>0</_ScrollSpeedA>
        <_ScrollSpeedB>0</_ScrollSpeedB>
        <_Intensity>2</_Intensity>
      </shaderParameters>
    </graphicData>
  </ThingDef>

  <ThingDef ParentName="MoteBase">
    <defName>Mote_BeamRepeater_Charge</defName>
    <thingClass>MoteAttached</thingClass>
    <altitudeLayer>MoteOverhead</altitudeLayer>
    <mote>
      <fadeInTime>0.15</fadeInTime>
      <fadeOutTime>0.3</fadeOutTime>
      <solidTime>999999</solidTime>
      <needsMaintenance>True</needsMaintenance>
    </mote>
    <graphicData>
      <texPath>Things/Mote/BeamRepeater_ChargeGlow</texPath>
      <graphicClass>Graphic_MoteWithAgeSecs</graphicClass>
      <shaderType>MoteHellfireCannon_Charge</shaderType>
      <shaderParameters>
        <_RandomTex>/Things/Mote/RandomFlicker</_RandomTex>
        <_FlickerFrequency>0.25</_FlickerFrequency>
        <_FlickerAmount>0.6</_FlickerAmount>
        <_InnerCircleIntensity>0.1</_InnerCircleIntensity>
        <_InnerCircleSize>0.1</_InnerCircleSize>
        <_InnerCircleShimmerAmount>0.14</_InnerCircleShimmerAmount>
      </shaderParameters>
    </graphicData>
  </ThingDef>

  <ThingDef ParentName="MoteBase">
    <defName>Mote_WarTrumpetDistortion</defName>
    <thingClass>MoteAttached</thingClass>
    <altitudeLayer>MoteOverhead</altitudeLayer>
    <mote>
      <fadeInTime>0.1</fadeInTime>
      <fadeOutTime>0.3</fadeOutTime>
      <solidTime>0.6</solidTime>
      <growthRate>30</growthRate>
    </mote>
    <graphicData>
      <graphicClass>Graphic_MoteWithAgeSecs</graphicClass>
      <shaderType>MotePsychicWarmupNeuroquake</shaderType>
      <texPath>Things/Mote/MoteHellfireCannon_HeatWaveDistortion</texPath>
      <shaderParameters>
        <_distortionIntensity>0.5</_distortionIntensity>
        <_brightnessMultiplier>1.25</_brightnessMultiplier>
        <_distortionTint>(0, 0, 0.08, 0)</_distortionTint>
        <_pulseSpeed>1</_pulseSpeed>
      </shaderParameters>
      <drawSize>2</drawSize>
    </graphicData>
  </ThingDef>

  <ThingDef ParentName="MoteBase">
    <defName>Mote_WarTrumpetFlash</defName>
    <thingClass>MoteAttached</thingClass>
    <altitudeLayer>MoteOverheadLow</altitudeLayer>
    <mote>
      <fadeInTime>0.05</fadeInTime>
      <fadeOutTime>0.6</fadeOutTime>
      <solidTime>0.6</solidTime>
      <growthRate>6</growthRate>
    </mote>
    <graphicData>
      <texPath>Things/Mote/RadiationDistortion_A</texPath>
      <graphicClass>Graphic_MoteWithAgeSecs</graphicClass>
      <color>(0.3, 0.3, 0.3, 0.75)</color>
      <shaderType>MoteMultiplyCircularGrayscale</shaderType>
      <shaderParameters>
        <_MultiplyTex>/Things/Mote/RadiationDistortion_B</_MultiplyTex>
        <_texAScale>0.3</_texAScale>
        <_texBScale>0.3</_texBScale>
        <_texAScrollSpeed>0.8</_texAScrollSpeed>
        <_texBScrollSpeed>-0.4</_texBScrollSpeed>
        <_texAScaleDist>0.5</_texAScaleDist>
        <_DistortionScale>0.6</_DistortionScale>
        <_Intensity>8</_Intensity>
      </shaderParameters>
      <drawSize>(2.5, 2.5)</drawSize>
    </graphicData>
  </ThingDef>

  <ThingDef ParentName="MoteBase">
    <defName>Mote_TerrorRoarDistortion</defName>
    <thingClass>MoteAttached</thingClass>
    <altitudeLayer>MoteOverhead</altitudeLayer>
    <mote>
      <fadeInTime>0.1</fadeInTime>
      <fadeOutTime>0.3</fadeOutTime>
      <solidTime>0.6</solidTime>
      <growthRate>20</growthRate>
    </mote>
    <graphicData>
      <graphicClass>Graphic_MoteWithAgeSecs</graphicClass>
      <shaderType>MotePsychicWarmupNeuroquake</shaderType>
      <texPath>Things/Mote/MoteHellfireCannon_HeatWaveDistortion</texPath>
      <shaderParameters>
        <_distortionIntensity>0.5</_distortionIntensity>
        <_brightnessMultiplier>0.5</_brightnessMultiplier>
        <_distortionTint>(0, 0, 0.08, 0)</_distortionTint>
        <_pulseSpeed>1</_pulseSpeed>
      </shaderParameters>
      <drawSize>2</drawSize>
    </graphicData>
  </ThingDef>

  <ThingDef ParentName="MoteBase">
    <defName>Mote_TerrorRoarFlash</defName>
    <thingClass>MoteAttached</thingClass>
    <altitudeLayer>MoteOverheadLow</altitudeLayer>
    <mote>
      <fadeInTime>0.05</fadeInTime>
      <fadeOutTime>0.3</fadeOutTime>
      <solidTime>0.6</solidTime>
      <growthRate>6</growthRate>
    </mote>
    <graphicData>
      <texPath>Things/Mote/RadiationDistortion_A</texPath>
      <graphicClass>Graphic_MoteWithAgeSecs</graphicClass>
      <color>(0.3, 0.3, 0.3, 1)</color>
      <shaderType>MoteMultiplyCircularGrayscale</shaderType>
      <shaderParameters>
        <_MultiplyTex>/Things/Mote/RadiationDistortion_B</_MultiplyTex>
        <_texAScale>0.3</_texAScale>
        <_texBScale>0.3</_texBScale>
        <_texAScrollSpeed>0.8</_texAScrollSpeed>
        <_texBScrollSpeed>-0.4</_texBScrollSpeed>
        <_texAScaleDist>0.5</_texAScaleDist>
        <_DistortionScale>0.6</_DistortionScale>
        <_Intensity>8</_Intensity>
      </shaderParameters>
      <drawSize>(2.5, 2.5)</drawSize>
    </graphicData>
  </ThingDef>
  
</Defs>