﻿<?xml version="1.0" encoding="utf-8" ?>
<Defs>

  <BiomeDef>
    <defName>GlacialPlain</defName>
    <label>glacial plain</label>
    <description>An open area scraped clean by the movement of glaciers. While vegetation and soil are sparse, a few hardy species have made their home here.</description>
    <workerClass>BiomeWorker_GlacialPlain</workerClass>
    <canAutoChoose>false</canAutoChoose>
    <allowRoads>false</allowRoads>
    <allowRivers>true</allowRivers>
    <allowFarmingCamps>true</allowFarmingCamps>
    <animalDensity>2</animalDensity>
    <plantDensity>0.4</plantDensity>
    <hasVirtualPlants>true</hasVirtualPlants>
    <hasBedrock>true</hasBedrock>
    <settlementSelectionWeight>0.01</settlementSelectionWeight>
    <campSelectionWeight>0.1</campSelectionWeight>
    <movementDifficulty>1.5</movementDifficulty>
    <lakeBeachTerrain>Ice</lakeBeachTerrain>
    <mudTerrain>Ice</mudTerrain>
    <texture>World/Biomes/GlacialPlains</texture>
    <forageability>0.25</forageability>
    <isExtremeBiome>true</isExtremeBiome>
    <coastalBeachTerrain>Ice</coastalBeachTerrain>
    <geyserCountFactor>0</geyserCountFactor> <!-- No geothermal -->
    <noGravel>true</noGravel>
    <maxFishPopulation>600</maxFishPopulation>
    <fishTypes>
      <freshwater_Common>
        <Fish_Salmon>1</Fish_Salmon>
      </freshwater_Common>
      <freshwater_Uncommon>
        <Fish_Frostfish>1</Fish_Frostfish>
      </freshwater_Uncommon>
      <saltwater_Common>
        <Fish_Salmon>1</Fish_Salmon>
        <Fish_Cod>1</Fish_Cod>
      </saltwater_Common>
      <saltwater_Uncommon>
        <Fish_Dogfish>1</Fish_Dogfish>
      </saltwater_Uncommon>
      <rareCatchesSetMaker>RareFishingCatches_Cold</rareCatchesSetMaker>
    </fishTypes>
    <soundsAmbient>
      <li>Ambient_Wind_Desolate</li>
    </soundsAmbient>
    <diseaseMtbDays>90</diseaseMtbDays>
    <diseases>
      <li>
        <diseaseInc>Disease_Flu</diseaseInc>
        <commonality>100</commonality>
      </li>
      <li>
        <diseaseInc>Disease_Plague</diseaseInc>
        <commonality>80</commonality>
      </li>
      <li>
        <diseaseInc>Disease_FibrousMechanites</diseaseInc>
        <commonality>30</commonality>
      </li>
      <li>
        <diseaseInc>Disease_SensoryMechanites</diseaseInc>
        <commonality>30</commonality>
      </li>

      <li>
        <diseaseInc>Disease_AnimalFlu</diseaseInc>
        <commonality>100</commonality>
      </li>
      <li>
        <diseaseInc>Disease_AnimalPlague</diseaseInc>
        <commonality>80</commonality>
      </li>
      <li>
        <diseaseInc>Disease_OrganDecay</diseaseInc>
        <commonality>10</commonality>
      </li>
    </diseases>
    <terrainsByFertility>
      <li>
        <terrain>Ice</terrain>
        <min>-999</min>
        <max>999</max>
      </li>
    </terrainsByFertility>
    <terrainPatchMakers>
      <li>
        <perlinFrequency>0.012</perlinFrequency>
        <thresholds>
          <li>
            <terrain>Gravel</terrain>
            <min>0.3</min>
            <max>0.6</max>
          </li>
          <li>
            <terrain>Soil</terrain>
            <min>0.6</min>
            <max>999</max>
          </li>
        </thresholds>
      </li>
    </terrainPatchMakers>
    <baseWeatherCommonalities>
      <Clear>12</Clear>
      <Fog>0</Fog>
      <Rain>0</Rain>
      <DryThunderstorm>2</DryThunderstorm>
      <RainyThunderstorm>0</RainyThunderstorm>
      <FoggyRain>0</FoggyRain>
      <SnowGentle>2</SnowGentle>
      <SnowHard>2</SnowHard>
      <GrayPall MayRequire="Ludeon.RimWorld.Anomaly">1</GrayPall>
      <Windy>1</Windy>
      <Overcast>2</Overcast>
      <Blizzard>2</Blizzard>
    </baseWeatherCommonalities>
    <wildPlants>
      <Plant_Grass>4.0</Plant_Grass>
      <Plant_TreePine>5.0</Plant_TreePine>
      <Plant_Moss>4.0</Plant_Moss>
      <Plant_Bush>3.0</Plant_Bush>
      <Plant_Brambles>2.0</Plant_Brambles>
      <Plant_Fireweed>9.0</Plant_Fireweed>
      <Plant_Ripthorn MayRequire="Ludeon.RimWorld.Biotech">4</Plant_Ripthorn>
      <Plant_Berry>0.16</Plant_Berry>
      <Plant_HealrootWild>0.16</Plant_HealrootWild>
      <Plant_TreeGrayPine MayRequire="Ludeon.RimWorld.Biotech">4</Plant_TreeGrayPine>
      <Plant_GrayGrass MayRequire="Ludeon.RimWorld.Biotech">9.0</Plant_GrayGrass>
    </wildPlants>
    <wildAnimals>
      <Squirrel>1</Squirrel>
      <Hare>1</Hare>
      <Rat>1</Rat>
      <Elk>0.5</Elk>
      <Caribou>0.5</Caribou>
      <Muskox>0.25</Muskox>
      <Deer>0.25</Deer>
      <Ibex>0.5</Ibex>
      <Raccoon>0.5</Raccoon>
      <Megasloth>0.1</Megasloth>
      <Fox_Red>0.07</Fox_Red>
      <Bear_Grizzly>0.07</Bear_Grizzly>
      <Wolf_Timber>0.07</Wolf_Timber>
      <Cougar>0.07</Cougar>
      <Lynx>0.07</Lynx>
      <Cat_Scimitar>0.1</Cat_Scimitar>
      <Mastodon>0.1</Mastodon>
      <Wolf_Great>0.07</Wolf_Great>
      <Moose>0.2</Moose>
      <Wolverine>0.07</Wolverine>
      <Sparrow>0.5</Sparrow>
      <Bluebird>0.1</Bluebird>
    </wildAnimals>
    <pollutionWildAnimals MayRequire="Ludeon.RimWorld.Biotech">
      <WasteRat MayRequire="Ludeon.RimWorld.Biotech">1</WasteRat>
      <Rat>0.5</Rat>
      <Raccoon>0.25</Raccoon>
      <Warg>0.05</Warg>
    </pollutionWildAnimals>
    <coastalWildAnimals>
      <Walrus>0.1</Walrus>
      <Penguin>0.1</Penguin>
    </coastalWildAnimals>
    <allowedPackAnimals>
      <li>Muffalo</li>
    </allowedPackAnimals>
    <extraRockTypes>
      <li>SolidIce</li>
    </extraRockTypes>
    <extraGenSteps>
      <li>Glaciers</li>
      <li>FrozenRuins</li>
    </extraGenSteps>
    <preventGenSteps>
      <li>RockChunks</li>
      <li>ScatterRuinsSimple</li>
      <li MayRequire="Ludeon.RimWorld.Ideology">AncientUtilityBuilding</li>
      <li MayRequire="Ludeon.RimWorld.Ideology">AncientTurret</li>
      <li MayRequire="Ludeon.RimWorld.Ideology">AncientMechs</li>
      <li MayRequire="Ludeon.RimWorld.Ideology">AncientLandingPad</li>
      <li MayRequire="Ludeon.RimWorld.Ideology">AncientFences</li>
      <li MayRequire="Ludeon.RimWorld.Ideology">AncientPipelineSection</li>
      <li MayRequire="Ludeon.RimWorld.Ideology">AncientJunkClusters</li>
      <li>ScarlandsJunkClusters</li>
      <li>ScarlandsJunkPrefabs</li>
    </preventGenSteps>
  </BiomeDef>
  
</Defs>
