<?xml version="1.0" encoding="utf-8" ?>
<Defs>

  <BackstoryDef>
    <defName>MedievalSlave49</defName>
    <title>medieval slave</title>
    <titleShort>slave</titleShort>
    <baseDesc>[PAWN_nameDef] grew up pulling carts and digging holes on a medieval world. Simple manual labor is [PAWN_possessive] oldest companion - along with the master's lash.\n\n[PAWN_pronoun] didn't learn to read until age nine.</baseDesc>
    <slot>Childhood</slot>
    <skillGains>
      <li><key>Plants</key><value>2</value></li>
      <li><key>Construction</key><value>2</value></li>
      <li><key>Mining</key><value>2</value></li>
      <li><key>Intellectual</key><value>-3</value></li>
    </skillGains>
    <spawnCategories>
      <li>Offworld</li>
      <li>Pirate</li>
    </spawnCategories>
  </BackstoryDef>

  <BackstoryDef>
    <defName>MedievalLordling19</defName>
    <title>medieval lordling</title>
    <titleFemale>medieval lady</titleFemale>
    <titleShort>lordling</titleShort>
    <titleShortFemale>lady</titleShortFemale>
    <baseDesc>[PAWN_nameDef] was a minor noble in an old kingdom on a medieval world. [PAWN_pronoun] grew up in a manor made of stone, served by bowing lowerclassmen.\n\nSuch a life teaches no technical skills and instils a lifelong aversion to manual labor - but [PAWN_nameDef] learned early the ways of social manipulation.</baseDesc>
    <slot>Childhood</slot>
    <spawnCategories><li>Offworld</li></spawnCategories>
    <skillGains>
      <li><key>Social</key><value>4</value></li>
      <li><key>Construction</key><value>-1</value></li>
      <li><key>Mining</key><value>-1</value></li>
      <li><key>Plants</key><value>-1</value></li>
    </skillGains>
    <workDisables>
      <li>ManualDumb</li>
    </workDisables>
  </BackstoryDef>

  <BackstoryDef>
    <defName>ConventChild16</defName>
    <title>convent child</title>
    <titleShort>illicit</titleShort>
    <baseDesc>The child of an illicit affair, [PAWN_nameDef] was bought up by nuns in a medieval convent. [PAWN_pronoun] learned the value of hard work and submission, but was taught that technology is heretical.</baseDesc>
    <slot>Childhood</slot>
    <workDisables>
      <li>Intellectual</li>
      <li>Violent</li>
    </workDisables>
    <skillGains>
      <li><key>Construction</key><value>3</value></li>
      <li><key>Plants</key><value>3</value></li>
    </skillGains>
    <spawnCategories><li>Offworld</li><li>Farmer</li></spawnCategories>
  </BackstoryDef>

</Defs>