<?xml version="1.0" encoding="utf-8" ?>
<Defs>

  <BackstoryDef>
    <defName>NavyScientist52</defName>
    <title>navy scientist</title>
    <titleShort>scientist</titleShort>
    <description>Interstellar warfare is won by technology, so glitterworld navies are always at the peak of modern research. Even better, they occasionally find archotechnological artifacts floating in space.\n\n[PAWN_nameDef] worked in a navy lab.</description>
    <slot>Adulthood</slot>
    <skillGains>
      <Intellectual>8</Intellectual>
    </skillGains>
    <spawnCategories>
      <li>Offworld</li>
      <li>Scientist</li>
      <li>Researcher</li>
    </spawnCategories>
    <bodyTypeMale>Male</bodyTypeMale>
    <bodyTypeFemale>Female</bodyTypeFemale>
    <requiredWorkTags>
      <li>Intellectual</li>
    </requiredWorkTags>
  </BackstoryDef>

  <BackstoryDef>
    <defName>GlitterworldEmpath26</defName>
    <title>glitterworld empath</title>
    <titleShort>empath</titleShort>
    <description>[PAWN_nameDef] found it easy to relate to others and mediate conflict. [PAWN_pronoun] was selected to train as an empath. The training intensified [PAWN_possessive] natural abilities, but [PAWN_pronoun] became unable to cause others pain.</description>
    <slot>Adulthood</slot>
    <workDisables>
      <li>Violent</li>
    </workDisables>
    <requiredWorkTags>
      <li>Social</li>
    </requiredWorkTags>
    <skillGains>
      <Social>8</Social>
      <Medicine>2</Medicine>
    </skillGains>
    <spawnCategories>
      <li>Offworld</li>
      <li>Researcher</li>
    </spawnCategories>
    <bodyTypeMale>Thin</bodyTypeMale>
    <bodyTypeFemale>Thin</bodyTypeFemale>
    <disallowedTraits>
      <Psychopath>0</Psychopath>
    </disallowedTraits>
  </BackstoryDef>

  <BackstoryDef>
    <defName>GlitterworldSurgeon15</defName>
    <title>glitterworld surgeon</title>
    <titleShort>surgeon</titleShort>
    <description>[PAWN_nameDef] worked as a surgeon on a world mostly free of disease and human suffering, so [PAWN_possessive] job focused on elaborate and creative cosmetic surgeries. \n\n[PAWN_pronoun] understands human biology, deeply, but has never had to remove a tumour — or a bullet.</description>
    <slot>Adulthood</slot>
    <requiredWorkTags>
      <li>Caring</li>
      <li>Artistic</li>
    </requiredWorkTags>
    <skillGains>
      <Artistic>5</Artistic>
      <Medicine>3</Medicine>
      <Social>1</Social>
    </skillGains>
    <spawnCategories>
      <li>Offworld</li>
      <li>Pirate</li>
      <li>Scientist</li>
      <li>Researcher</li>
    </spawnCategories>
    <bodyTypeMale>Male</bodyTypeMale>
    <bodyTypeFemale>Female</bodyTypeFemale>
    <possessions>
      <MedicineUltratech>2</MedicineUltratech>
    </possessions>
  </BackstoryDef>

  <BackstoryDef>
    <defName>Novelist7</defName>
    <title>novelist</title>
    <titleShort>novelist</titleShort>
    <description>[PAWN_nameDef] lived on a glitterworld, penning wildly successful novels. [PAWN_pronoun] lived a carefree lifestyle, spending [PAWN_possessive] days writing and [PAWN_possessive] nights partying - and has never done a day's manual labour in [PAWN_possessive] life.</description>
    <slot>Adulthood</slot>
    <workDisables>
      <li>ManualDumb</li>
      <li>Social</li>
    </workDisables>
    <requiredWorkTags>
      <li>Intellectual</li>
    </requiredWorkTags>
    <skillGains>
      <Construction>-5</Construction>
      <Mining>-5</Mining>
      <Artistic>8</Artistic>
    </skillGains>
    <spawnCategories>
      <li>Offworld</li>
      <li>Researcher</li>
    </spawnCategories>
    <bodyTypeMale>Thin</bodyTypeMale>
    <bodyTypeFemale>Thin</bodyTypeFemale>
    <possessions>
      <Novel>1</Novel>
    </possessions>
  </BackstoryDef>

  <BackstoryDef>
    <defName>CharityWorker36</defName>
    <title>charity worker</title>
    <titleShort>altruist</titleShort>
    <description>Glitterworlds are havens of comfort for those lucky enough to live there, but [PAWN_nameDef] could not ignore the nearby trashworlds where the people suffered and starved. [PAWN_pronoun] spent [PAWN_possessive] life appealing for donations and supporting those in need.</description>
    <slot>Adulthood</slot>
    <workDisables>
      <li>Violent</li>
    </workDisables>
    <requiredWorkTags>
      <li>Caring</li>
      <li>Social</li>
    </requiredWorkTags>
    <skillGains>
      <Social>6</Social>
      <Mining>-3</Mining>
    </skillGains>
    <spawnCategories><li>Offworld</li></spawnCategories>
    <bodyTypeMale>Thin</bodyTypeMale>
    <bodyTypeFemale>Thin</bodyTypeFemale>
    <disallowedTraits>
      <Psychopath />
    </disallowedTraits>
  </BackstoryDef>

  <BackstoryDef>
    <defName>GlitterworldOfficer60</defName>
    <title>glitterworld officer</title>
    <titleShort>officer</titleShort>
    <description>Though glitterworlds are peaceful places, they often remain prepared for war. [PAWN_nameDef]'s unit rarely saw any real action.\n\nThough [PAWN_pronoun] pursued [PAWN_possessive] artistic hobbies, [PAWN_possessive] subordinates preferred to entertain themselves by brawling, so [PAWN_nameDef] got good at breaking up fights.</description>
    <slot>Adulthood</slot>
    <workDisables>
      <li>ManualDumb</li>
    </workDisables>
    <requiredWorkTags>
      <li>Violent</li>
    </requiredWorkTags>
    <skillGains>
      <Melee>6</Melee>
      <Artistic>4</Artistic>
    </skillGains>
    <spawnCategories>
      <li>Offworld</li>
      <li>Pirate</li>
      <li>Researcher</li>
    </spawnCategories>
    <bodyTypeMale>Hulk</bodyTypeMale>
    <bodyTypeFemale>Hulk</bodyTypeFemale>
  </BackstoryDef>

  <BackstoryDef>
    <defName>BiosphereManager95</defName>
    <title>biosphere manager</title>
    <titleShort>botanist</titleShort>
    <description>[PAWN_nameDef] lived on a peaceful glitterworld where all menial work was done by robots, while the people mostly devoted themselves to leisure. [PAWN_pronoun] managed the plant and animal life of a sprawling park, where citizens came to admire nature's beauty.</description>
    <slot>Adulthood</slot>
    <workDisables>
      <li>ManualDumb</li>
      <li>Crafting</li>
      <li>Cooking</li>
    </workDisables>
    <requiredWorkTags>
      <li>Artistic</li>
    </requiredWorkTags>
    <skillGains>
      <Shooting>-4</Shooting>
      <Animals>6</Animals>
      <Plants>6</Plants>
    </skillGains>
    <spawnCategories><li>Offworld</li><li>Farmer</li></spawnCategories>
    <bodyTypeMale>Male</bodyTypeMale>
    <bodyTypeFemale>Female</bodyTypeFemale>
  </BackstoryDef>

  <BackstoryDef>
    <defName>VRDesigner87</defName>
    <title>VR designer</title>
    <titleShort>game dev</titleShort>
    <description>[PAWN_nameDef] designed virtual reality simulations for glitterworld citizens. [PAWN_pronoun] put great effort into the details of [PAWN_possessive] virtual worlds, learning all [PAWN_pronoun] could about plant life to make [PAWN_possessive] landscapes as realistic as possible.</description>
    <slot>Adulthood</slot>
    <workDisables>
      <li>ManualDumb</li>
    </workDisables>
    <requiredWorkTags>
      <li>Artistic</li>
    </requiredWorkTags>
    <skillGains>
      <Construction>3</Construction>
      <Plants>4</Plants>
      <Artistic>5</Artistic>
    </skillGains>
    <spawnCategories>
      <li>Offworld</li>
      <li>Scientist</li>
	    <li>Farmer</li>
    </spawnCategories>
    <bodyTypeMale>Thin</bodyTypeMale>
    <bodyTypeFemale>Thin</bodyTypeFemale>
  </BackstoryDef>

  <BackstoryDef>
    <defName>Architect28</defName>
    <title>architect</title>
    <titleShort>architect</titleShort>
    <description>[PAWN_nameDef] designed the construction of buildings. On [PAWN_possessive] glitterworld home, the technical aspect of architecture was handled by an AI, whilst the labour was done by robots. This freed [PAWN_objective] up to push the artistic limits of his craft, but also meant [PAWN_pronoun] never had to get [PAWN_possessive] hands dirty.</description>
    <slot>Adulthood</slot>
    <workDisables>
      <li>ManualDumb</li>
    </workDisables>
    <requiredWorkTags>
      <li>Intellectual</li>
    </requiredWorkTags>
    <skillGains>
      <Construction>5</Construction>
      <Artistic>7</Artistic>
      <Crafting>-3</Crafting>
    </skillGains>
    <spawnCategories><li>Offworld</li></spawnCategories>
    <bodyTypeMale>Male</bodyTypeMale>
    <bodyTypeFemale>Female</bodyTypeFemale>
    <possessions>
      <TextBook>1</TextBook>
    </possessions>
  </BackstoryDef>

  <BackstoryDef>
    <defName>Sculptor63</defName>
    <title>sculptor</title>
    <titleShort>sculptor</titleShort>
    <description>[PAWN_nameDef] started off sculpting person-sized artworks, but [PAWN_pronoun] soon began to think bigger. With the help of mining robots, [PAWN_pronoun] learned how to carve huge monuments out of cliffsides. Soon the parks of the glitterworld where [PAWN_pronoun] lived were full of giant stone figures.</description>
    <slot>Adulthood</slot>
    <workDisables>
      <li>ManualDumb</li>
      <li>Crafting</li>
      <li>Cooking</li>
    </workDisables>
    <requiredWorkTags>
      <li>Artistic</li>
    </requiredWorkTags>
    <skillGains>
      <Plants>-4</Plants>
      <Mining>4</Mining>
      <Artistic>9</Artistic>
    </skillGains>
    <spawnCategories><li>Offworld</li></spawnCategories>
    <bodyTypeMale>Fat</bodyTypeMale>
    <bodyTypeFemale>Fat</bodyTypeFemale>
    <possessions>
      <BlocksMarble>10</BlocksMarble>
    </possessions>
  </BackstoryDef>

</Defs>