﻿<?xml version="1.0" encoding="utf-8" ?>
<Defs>

  <BackstoryDef>
    <defName>Hermit82</defName>
    <title>hermit</title>
    <titleShort>hermit</titleShort>
    <baseDesc>Worn out by the pressures of social interaction, [PAWN_nameDef] left [PAWN_possessive] crowded city to live a simple life in the wilderness. There, [PAWN_pronoun] spent [PAWN_possessive] days alone, tending [PAWN_possessive] garden and crafting the simple tools [PAWN_pronoun] needed to survive.</baseDesc>
    <slot>Adulthood</slot>
    <workDisables>
      <li>Social</li>
    </workDisables>
    <skillGains>
      <li><key>Plants</key><value>4</value></li>
      <li><key>Crafting</key><value>3</value></li>
      <li><key>Construction</key><value>1</value></li>
    </skillGains>
    <spawnCategories><li>Outsider</li></spawnCategories>
    <requiredWorkTags>
      <li>PlantWork</li>
      <li>ManualDumb</li>
      <li>Crafting</li>
    </requiredWorkTags>
    <bodyTypeMale>Thin</bodyTypeMale>
    <bodyTypeFemale>Thin</bodyTypeFemale>
    <forcedTraits>
      <Ascetic>0</Ascetic>
    </forcedTraits>
  </BackstoryDef>

</Defs>