﻿<?xml version="1.0" encoding="utf-8" ?>
<Defs>

  <DesignationCategoryDef>
    <defName>Orders</defName>
    <label>orders</label>
    <order>900</order>
    <specialDesignatorClasses>
      <li>Designator_Cancel</li>
      <li>Designator_Deconstruct</li>
      <li>Designator_Mine</li>
      <li>Designator_PlantsHarvestWood</li>
      <li>Designator_PlantsCut</li>
      <li>Designator_PlantsHarvest</li>
      <li>Designator_Hunt</li>
      <li>Designator_Slaughter</li>
      <li>Designator_Tame</li>
      <li>Designator_Haul</li>
      <li>Designator_Unforbid</li>
      <li>Designator_Forbid</li>
      <li>Designator_Claim</li>
      <li>Designator_SmoothSurface</li>
      <li>Designator_PaintBuilding</li>
      <li>Designator_PaintFloor</li>
      <li>Designator_RemovePaint</li>
      <li>Designator_PlanAdd</li>
      <li>Designator_PlanRemove</li> 
    </specialDesignatorClasses>
  </DesignationCategoryDef>
  
  <DesignationCategoryDef>
    <defName>Zone</defName>
    <label>zone</label>
    <order>800</order>
    <specialDesignatorClasses>
      <li>Designator_Cancel</li>
      <li>Designator_Deconstruct</li> 
      <li>Designator_ZoneAddStockpile_Resources</li>
      <li>Designator_ZoneAddStockpile_Dumping</li>
      <li>Designator_ZoneAdd_Growing</li>
      <li>Designator_ZoneDelete</li>
      <li>Designator_AreaHomeExpand</li>
      <li>Designator_AreaHomeClear</li>
      <li>Designator_AreaAllowedExpand</li>
      <li>Designator_AreaAllowedClear</li>
      <li>Designator_AreaBuildRoof</li>
      <li>Designator_AreaNoRoof</li>
      <li>Designator_AreaIgnoreRoof</li>
      <li>Designator_AreaSnowClearExpand</li>
      <li>Designator_AreaSnowClearClear</li>
      <li MayRequire="Ludeon.RimWorld.Biotech">Designator_AreaPollutionClearExpand</li>
      <li MayRequire="Ludeon.RimWorld.Biotech">Designator_AreaPollutionClearClear</li>
    </specialDesignatorClasses>
  </DesignationCategoryDef>

  <DesignationCategoryDef>
    <defName>Structure</defName>
    <label>structure</label>
    <order>700</order>
    <specialDesignatorClasses>
      <li>Designator_Cancel</li>
      <li>Designator_Deconstruct</li>
      <li>Designator_SmoothWalls</li>
      <li>Designator_RemoveBridge</li>
    </specialDesignatorClasses>
  </DesignationCategoryDef>

  <DesignationCategoryDef>
    <defName>Production</defName>
    <label>production</label>
    <order>600</order>
    <specialDesignatorClasses>
      <li>Designator_Cancel</li>
      <li>Designator_Deconstruct</li>
    </specialDesignatorClasses>
  </DesignationCategoryDef>

  <DesignationCategoryDef>
    <defName>Furniture</defName>
    <label>furniture</label>
    <order>500</order>
    <specialDesignatorClasses>
      <li>Designator_Cancel</li>
      <li>Designator_Deconstruct</li>
    </specialDesignatorClasses>
  </DesignationCategoryDef>

  <DesignationCategoryDef>
    <defName>Power</defName>
    <label>power</label>
    <order>400</order>
    <showPowerGrid>true</showPowerGrid>
    <specialDesignatorClasses>
      <li>Designator_Cancel</li>
      <li>Designator_Deconstruct</li>
    </specialDesignatorClasses>
    <researchPrerequisites>
      <li>Electricity</li>
    </researchPrerequisites>
  </DesignationCategoryDef>

  <DesignationCategoryDef>
    <defName>Security</defName>
    <label>security</label>
    <order>300</order>
    <specialDesignatorClasses>
      <li>Designator_Cancel</li>
      <li>Designator_Deconstruct</li>
    </specialDesignatorClasses>
  </DesignationCategoryDef>

  <DesignationCategoryDef>
    <defName>Misc</defName>
    <label>misc</label>
    <order>250</order>
    <specialDesignatorClasses>
      <li>Designator_Cancel</li>
      <li>Designator_Deconstruct</li>
    </specialDesignatorClasses>
  </DesignationCategoryDef>

  <DesignationCategoryDef>
    <defName>Floors</defName>
    <label>floors</label>
    <order>200</order>
    <specialDesignatorClasses>
      <li>Designator_Cancel</li>
      <li>Designator_RemoveFloor</li>
      <li>Designator_SmoothFloors</li>
      <li>Designator_PaintFloor</li>
      <li>Designator_RemoveFloorPaint</li>
    </specialDesignatorClasses>
  </DesignationCategoryDef>

  <DesignationCategoryDef>
    <defName>Joy</defName>
    <label>recreation</label>
    <order>100</order>
    <specialDesignatorClasses>
      <li>Designator_Cancel</li>
      <li>Designator_Deconstruct</li>
    </specialDesignatorClasses>
  </DesignationCategoryDef>

  <DesignationCategoryDef>
    <defName>Ship</defName>
    <label>ship</label>
    <order>50</order>
    <specialDesignatorClasses>
      <li>Designator_Cancel</li>
      <li>Designator_Deconstruct</li>
    </specialDesignatorClasses>
    <researchPrerequisites>
      <li>ShipBasics</li>
    </researchPrerequisites>
  </DesignationCategoryDef>

  <DesignationCategoryDef>
    <defName>Temperature</defName>
    <label>temperature</label>
    <order>25</order>
    <specialDesignatorClasses>
      <li>Designator_Cancel</li>
      <li>Designator_Deconstruct</li>
    </specialDesignatorClasses>
  </DesignationCategoryDef>
  
  <!--Biotech category, defined in Biotech DLC, order 12 -->
  
</Defs>