<?xml version="1.0" encoding="utf-8" ?>
<Defs>
  
  <MapMeshFlagDef>
    <defName>None</defName>
  </MapMeshFlagDef>

  <MapMeshFlagDef>
    <defName>Things</defName>
  </MapMeshFlagDef>

  <MapMeshFlagDef>
    <defName>FogOfWar</defName>
  </MapMeshFlagDef>

  <MapMeshFlagDef>
    <defName>Buildings</defName>
  </MapMeshFlagDef>

  <MapMeshFlagDef>
    <defName>GroundGlow</defName>
  </MapMeshFlagDef>

  <MapMeshFlagDef>
    <defName>Terrain</defName>
  </MapMeshFlagDef>

  <MapMeshFlagDef>
    <defName>Roofs</defName>
  </MapMeshFlagDef>

  <MapMeshFlagDef>
    <defName>Snow</defName>
  </MapMeshFlagDef>

  <MapMeshFlagDef>
    <defName>Zone</defName>
  </MapMeshFlagDef>

  <MapMeshFlagDef>
    <defName>PowerGrid</defName>
  </MapMeshFlagDef>

  <MapMeshFlagDef>
    <defName>BuildingsDamage</defName>
  </MapMeshFlagDef>

  <MapMeshFlagDef>
    <defName>Gas</defName>
  </MapMeshFlagDef>
  
</Defs>
